MFEM mesh v1.0

dimension
3

elements
10000
1 5 0 121 132 11 1 122 133 12
1 5 1 122 133 12 2 123 134 13
1 5 2 123 134 13 3 124 135 14
1 5 3 124 135 14 4 125 136 15
1 5 4 125 136 15 5 126 137 16
1 5 5 126 137 16 6 127 138 17
1 5 6 127 138 17 7 128 139 18
1 5 7 128 139 18 8 129 140 19
1 5 8 129 140 19 9 130 141 20
1 5 9 130 141 20 10 131 142 21
1 5 11 132 143 22 12 133 144 23
1 5 12 133 144 23 13 134 145 24
1 5 13 134 145 24 14 135 146 25
1 5 14 135 146 25 15 136 147 26
1 5 15 136 147 26 16 137 148 27
1 5 16 137 148 27 17 138 149 28
1 5 17 138 149 28 18 139 150 29
1 5 18 139 150 29 19 140 151 30
1 5 19 140 151 30 20 141 152 31
1 5 20 141 152 31 21 142 153 32
1 5 22 143 154 33 23 144 155 34
1 5 23 144 155 34 24 145 156 35
1 5 24 145 156 35 25 146 157 36
1 5 25 146 157 36 26 147 158 37
1 5 26 147 158 37 27 148 159 38
1 5 27 148 159 38 28 149 160 39
1 5 28 149 160 39 29 150 161 40
1 5 29 150 161 40 30 151 162 41
1 5 30 151 162 41 31 152 163 42
1 5 31 152 163 42 32 153 164 43
1 5 33 154 165 44 34 155 166 45
1 5 34 155 166 45 35 156 167 46
1 5 35 156 167 46 36 157 168 47
1 5 36 157 168 47 37 158 169 48
1 5 37 158 169 48 38 159 170 49
1 5 38 159 170 49 39 160 171 50
1 5 39 160 171 50 40 161 172 51
1 5 40 161 172 51 41 162 173 52
1 5 41 162 173 52 42 163 174 53
1 5 42 163 174 53 43 164 175 54
1 5 44 165 176 55 45 166 177 56
1 5 45 166 177 56 46 167 178 57
1 5 46 167 178 57 47 168 179 58
1 5 47 168 179 58 48 169 180 59
1 5 48 169 180 59 49 170 181 60
1 5 49 170 181 60 50 171 182 61
1 5 50 171 182 61 51 172 183 62
1 5 51 172 183 62 52 173 184 63
1 5 52 173 184 63 53 174 185 64
1 5 53 174 185 64 54 175 186 65
1 5 55 176 187 66 56 177 188 67
1 5 56 177 188 67 57 178 189 68
1 5 57 178 189 68 58 179 190 69
1 5 58 179 190 69 59 180 191 70
1 5 59 180 191 70 60 181 192 71
1 5 60 181 192 71 61 182 193 72
1 5 61 182 193 72 62 183 194 73
1 5 62 183 194 73 63 184 195 74
1 5 63 184 195 74 64 185 196 75
1 5 64 185 196 75 65 186 197 76
1 5 66 187 198 77 67 188 199 78
1 5 67 188 199 78 68 189 200 79
1 5 68 189 200 79 69 190 201 80
1 5 69 190 201 80 70 191 202 81
1 5 70 191 202 81 71 192 203 82
1 5 71 192 203 82 72 193 204 83
1 5 72 193 204 83 73 194 205 84
1 5 73 194 205 84 74 195 206 85
1 5 74 195 206 85 75 196 207 86
1 5 75 196 207 86 76 197 208 87
1 5 77 198 209 88 78 199 210 89
1 5 78 199 210 89 79 200 211 90
1 5 79 200 211 90 80 201 212 91
1 5 80 201 212 91 81 202 213 92
1 5 81 202 213 92 82 203 214 93
1 5 82 203 214 93 83 204 215 94
1 5 83 204 215 94 84 205 216 95
1 5 84 205 216 95 85 206 217 96
1 5 85 206 217 96 86 207 218 97
1 5 86 207 218 97 87 208 219 98
1 5 88 209 220 99 89 210 221 100
1 5 89 210 221 100 90 211 222 101
1 5 90 211 222 101 91 212 223 102
1 5 91 212 223 102 92 213 224 103
1 5 92 213 224 103 93 214 225 104
1 5 93 214 225 104 94 215 226 105
1 5 94 215 226 105 95 216 227 106
1 5 95 216 227 106 96 217 228 107
1 5 96 217 228 107 97 218 229 108
1 5 97 218 229 108 98 219 230 109
1 5 99 220 231 110 100 221 232 111
1 5 100 221 232 111 101 222 233 112
1 5 101 222 233 112 102 223 234 113
1 5 102 223 234 113 103 224 235 114
1 5 103 224 235 114 104 225 236 115
1 5 104 225 236 115 105 226 237 116
1 5 105 226 237 116 106 227 238 117
1 5 106 227 238 117 107 228 239 118
1 5 107 228 239 118 108 229 240 119
1 5 108 229 240 119 109 230 241 120
1 5 121 242 253 132 122 243 254 133
1 5 122 243 254 133 123 244 255 134
1 5 123 244 255 134 124 245 256 135
1 5 124 245 256 135 125 246 257 136
1 5 125 246 257 136 126 247 258 137
1 5 126 247 258 137 127 248 259 138
1 5 127 248 259 138 128 249 260 139
1 5 128 249 260 139 129 250 261 140
1 5 129 250 261 140 130 251 262 141
1 5 130 251 262 141 131 252 263 142
1 5 132 253 264 143 133 254 265 144
1 5 133 254 265 144 134 255 266 145
1 5 134 255 266 145 135 256 267 146
1 5 135 256 267 146 136 257 268 147
1 5 136 257 268 147 137 258 269 148
1 5 137 258 269 148 138 259 270 149
1 5 138 259 270 149 139 260 271 150
1 5 139 260 271 150 140 261 272 151
1 5 140 261 272 151 141 262 273 152
1 5 141 262 273 152 142 263 274 153
1 5 143 264 275 154 144 265 276 155
1 5 144 265 276 155 145 266 277 156
1 5 145 266 277 156 146 267 278 157
1 5 146 267 278 157 147 268 279 158
1 5 147 268 279 158 148 269 280 159
1 5 148 269 280 159 149 270 281 160
1 5 149 270 281 160 150 271 282 161
1 5 150 271 282 161 151 272 283 162
1 5 151 272 283 162 152 273 284 163
1 5 152 273 284 163 153 274 285 164
1 5 154 275 286 165 155 276 287 166
1 5 155 276 287 166 156 277 288 167
1 5 156 277 288 167 157 278 289 168
1 5 157 278 289 168 158 279 290 169
1 5 158 279 290 169 159 280 291 170
1 5 159 280 291 170 160 281 292 171
1 5 160 281 292 171 161 282 293 172
1 5 161 282 293 172 162 283 294 173
1 5 162 283 294 173 163 284 295 174
1 5 163 284 295 174 164 285 296 175
1 5 165 286 297 176 166 287 298 177
1 5 166 287 298 177 167 288 299 178
1 5 167 288 299 178 168 289 300 179
1 5 168 289 300 179 169 290 301 180
1 5 169 290 301 180 170 291 302 181
1 5 170 291 302 181 171 292 303 182
1 5 171 292 303 182 172 293 304 183
1 5 172 293 304 183 173 294 305 184
1 5 173 294 305 184 174 295 306 185
1 5 174 295 306 185 175 296 307 186
1 5 176 297 308 187 177 298 309 188
1 5 177 298 309 188 178 299 310 189
1 5 178 299 310 189 179 300 311 190
1 5 179 300 311 190 180 301 312 191
1 5 180 301 312 191 181 302 313 192
1 5 181 302 313 192 182 303 314 193
1 5 182 303 314 193 183 304 315 194
1 5 183 304 315 194 184 305 316 195
1 5 184 305 316 195 185 306 317 196
1 5 185 306 317 196 186 307 318 197
1 5 187 308 319 198 188 309 320 199
1 5 188 309 320 199 189 310 321 200
1 5 189 310 321 200 190 311 322 201
1 5 190 311 322 201 191 312 323 202
1 5 191 312 323 202 192 313 324 203
1 5 192 313 324 203 193 314 325 204
1 5 193 314 325 204 194 315 326 205
1 5 194 315 326 205 195 316 327 206
1 5 195 316 327 206 196 317 328 207
1 5 196 317 328 207 197 318 329 208
1 5 198 319 330 209 199 320 331 210
1 5 199 320 331 210 200 321 332 211
1 5 200 321 332 211 201 322 333 212
1 5 201 322 333 212 202 323 334 213
1 5 202 323 334 213 203 324 335 214
1 5 203 324 335 214 204 325 336 215
1 5 204 325 336 215 205 326 337 216
1 5 205 326 337 216 206 327 338 217
1 5 206 327 338 217 207 328 339 218
1 5 207 328 339 218 208 329 340 219
1 5 209 330 341 220 210 331 342 221
1 5 210 331 342 221 211 332 343 222
1 5 211 332 343 222 212 333 344 223
1 5 212 333 344 223 213 334 345 224
1 5 213 334 345 224 214 335 346 225
1 5 214 335 346 225 215 336 347 226
1 5 215 336 347 226 216 337 348 227
1 5 216 337 348 227 217 338 349 228
1 5 217 338 349 228 218 339 350 229
1 5 218 339 350 229 219 340 351 230
1 5 220 341 352 231 221 342 353 232
1 5 221 342 353 232 222 343 354 233
1 5 222 343 354 233 223 344 355 234
1 5 223 344 355 234 224 345 356 235
1 5 224 345 356 235 225 346 357 236
1 5 225 346 357 236 226 347 358 237
1 5 226 347 358 237 227 348 359 238
1 5 227 348 359 238 228 349 360 239
1 5 228 349 360 239 229 350 361 240
1 5 229 350 361 240 230 351 362 241
1 5 242 363 374 253 243 364 375 254
1 5 243 364 375 254 244 365 376 255
1 5 244 365 376 255 245 366 377 256
1 5 245 366 377 256 246 367 378 257
1 5 246 367 378 257 247 368 379 258
1 5 247 368 379 258 248 369 380 259
1 5 248 369 380 259 249 370 381 260
1 5 249 370 381 260 250 371 382 261
1 5 250 371 382 261 251 372 383 262
1 5 251 372 383 262 252 373 384 263
1 5 253 374 385 264 254 375 386 265
1 5 254 375 386 265 255 376 387 266
1 5 255 376 387 266 256 377 388 267
1 5 256 377 388 267 257 378 389 268
1 5 257 378 389 268 258 379 390 269
1 5 258 379 390 269 259 380 391 270
1 5 259 380 391 270 260 381 392 271
1 5 260 381 392 271 261 382 393 272
1 5 261 382 393 272 262 383 394 273
1 5 262 383 394 273 263 384 395 274
1 5 264 385 396 275 265 386 397 276
1 5 265 386 397 276 266 387 398 277
1 5 266 387 398 277 267 388 399 278
1 5 267 388 399 278 268 389 400 279
1 5 268 389 400 279 269 390 401 280
1 5 269 390 401 280 270 391 402 281
1 5 270 391 402 281 271 392 403 282
1 5 271 392 403 282 272 393 404 283
1 5 272 393 404 283 273 394 405 284
1 5 273 394 405 284 274 395 406 285
1 5 275 396 407 286 276 397 408 287
1 5 276 397 408 287 277 398 409 288
1 5 277 398 409 288 278 399 410 289
1 5 278 399 410 289 279 400 411 290
1 5 279 400 411 290 280 401 412 291
1 5 280 401 412 291 281 402 413 292
1 5 281 402 413 292 282 403 414 293
1 5 282 403 414 293 283 404 415 294
1 5 283 404 415 294 284 405 416 295
1 5 284 405 416 295 285 406 417 296
1 5 286 407 418 297 287 408 419 298
1 5 287 408 419 298 288 409 420 299
1 5 288 409 420 299 289 410 421 300
1 5 289 410 421 300 290 411 422 301
1 5 290 411 422 301 291 412 423 302
1 5 291 412 423 302 292 413 424 303
1 5 292 413 424 303 293 414 425 304
1 5 293 414 425 304 294 415 426 305
1 5 294 415 426 305 295 416 427 306
1 5 295 416 427 306 296 417 428 307
1 5 297 418 429 308 298 419 430 309
1 5 298 419 430 309 299 420 431 310
1 5 299 420 431 310 300 421 432 311
1 5 300 421 432 311 301 422 433 312
1 5 301 422 433 312 302 423 434 313
1 5 302 423 434 313 303 424 435 314
1 5 303 424 435 314 304 425 436 315
1 5 304 425 436 315 305 426 437 316
1 5 305 426 437 316 306 427 438 317
1 5 306 427 438 317 307 428 439 318
1 5 308 429 440 319 309 430 441 320
1 5 309 430 441 320 310 431 442 321
1 5 310 431 442 321 311 432 443 322
1 5 311 432 443 322 312 433 444 323
1 5 312 433 444 323 313 434 445 324
1 5 313 434 445 324 314 435 446 325
1 5 314 435 446 325 315 436 447 326
1 5 315 436 447 326 316 437 448 327
1 5 316 437 448 327 317 438 449 328
1 5 317 438 449 328 318 439 450 329
1 5 319 440 451 330 320 441 452 331
1 5 320 441 452 331 321 442 453 332
1 5 321 442 453 332 322 443 454 333
1 5 322 443 454 333 323 444 455 334
1 5 323 444 455 334 324 445 456 335
1 5 324 445 456 335 325 446 457 336
1 5 325 446 457 336 326 447 458 337
1 5 326 447 458 337 327 448 459 338
1 5 327 448 459 338 328 449 460 339
1 5 328 449 460 339 329 450 461 340
1 5 330 451 462 341 331 452 463 342
1 5 331 452 463 342 332 453 464 343
1 5 332 453 464 343 333 454 465 344
1 5 333 454 465 344 334 455 466 345
1 5 334 455 466 345 335 456 467 346
1 5 335 456 467 346 336 457 468 347
1 5 336 457 468 347 337 458 469 348
1 5 337 458 469 348 338 459 470 349
1 5 338 459 470 349 339 460 471 350
1 5 339 460 471 350 340 461 472 351
1 5 341 462 473 352 342 463 474 353
1 5 342 463 474 353 343 464 475 354
1 5 343 464 475 354 344 465 476 355
1 5 344 465 476 355 345 466 477 356
1 5 345 466 477 356 346 467 478 357
1 5 346 467 478 357 347 468 479 358
1 5 347 468 479 358 348 469 480 359
1 5 348 469 480 359 349 470 481 360
1 5 349 470 481 360 350 471 482 361
1 5 350 471 482 361 351 472 483 362
1 5 363 484 495 374 364 485 496 375
1 5 364 485 496 375 365 486 497 376
1 5 365 486 497 376 366 487 498 377
1 5 366 487 498 377 367 488 499 378
1 5 367 488 499 378 368 489 500 379
1 5 368 489 500 379 369 490 501 380
1 5 369 490 501 380 370 491 502 381
1 5 370 491 502 381 371 492 503 382
1 5 371 492 503 382 372 493 504 383
1 5 372 493 504 383 373 494 505 384
1 5 374 495 506 385 375 496 507 386
1 5 375 496 507 386 376 497 508 387
1 5 376 497 508 387 377 498 509 388
1 5 377 498 509 388 378 499 510 389
1 5 378 499 510 389 379 500 511 390
1 5 379 500 511 390 380 501 512 391
1 5 380 501 512 391 381 502 513 392
1 5 381 502 513 392 382 503 514 393
1 5 382 503 514 393 383 504 515 394
1 5 383 504 515 394 384 505 516 395
1 5 385 506 517 396 386 507 518 397
1 5 386 507 518 397 387 508 519 398
1 5 387 508 519 398 388 509 520 399
1 5 388 509 520 399 389 510 521 400
1 5 389 510 521 400 390 511 522 401
1 5 390 511 522 401 391 512 523 402
1 5 391 512 523 402 392 513 524 403
1 5 392 513 524 403 393 514 525 404
1 5 393 514 525 404 394 515 526 405
1 5 394 515 526 405 395 516 527 406
1 5 396 517 528 407 397 518 529 408
1 5 397 518 529 408 398 519 530 409
1 5 398 519 530 409 399 520 531 410
1 5 399 520 531 410 400 521 532 411
1 5 400 521 532 411 401 522 533 412
1 5 401 522 533 412 402 523 534 413
1 5 402 523 534 413 403 524 535 414
1 5 403 524 535 414 404 525 536 415
1 5 404 525 536 415 405 526 537 416
1 5 405 526 537 416 406 527 538 417
1 5 407 528 539 418 408 529 540 419
1 5 408 529 540 419 409 530 541 420
1 5 409 530 541 420 410 531 542 421
1 5 410 531 542 421 411 532 543 422
1 5 411 532 543 422 412 533 544 423
1 5 412 533 544 423 413 534 545 424
1 5 413 534 545 424 414 535 546 425
1 5 414 535 546 425 415 536 547 426
1 5 415 536 547 426 416 537 548 427
1 5 416 537 548 427 417 538 549 428
1 5 418 539 550 429 419 540 551 430
1 5 419 540 551 430 420 541 552 431
1 5 420 541 552 431 421 542 553 432
1 5 421 542 553 432 422 543 554 433
1 5 422 543 554 433 423 544 555 434
1 5 423 544 555 434 424 545 556 435
1 5 424 545 556 435 425 546 557 436
1 5 425 546 557 436 426 547 558 437
1 5 426 547 558 437 427 548 559 438
1 5 427 548 559 438 428 549 560 439
1 5 429 550 561 440 430 551 562 441
1 5 430 551 562 441 431 552 563 442
1 5 431 552 563 442 432 553 564 443
1 5 432 553 564 443 433 554 565 444
1 5 433 554 565 444 434 555 566 445
1 5 434 555 566 445 435 556 567 446
1 5 435 556 567 446 436 557 568 447
1 5 436 557 568 447 437 558 569 448
1 5 437 558 569 448 438 559 570 449
1 5 438 559 570 449 439 560 571 450
1 5 440 561 572 451 441 562 573 452
1 5 441 562 573 452 442 563 574 453
1 5 442 563 574 453 443 564 575 454
1 5 443 564 575 454 444 565 576 455
1 5 444 565 576 455 445 566 577 456
1 5 445 566 577 456 446 567 578 457
1 5 446 567 578 457 447 568 579 458
1 5 447 568 579 458 448 569 580 459
1 5 448 569 580 459 449 570 581 460
1 5 449 570 581 460 450 571 582 461
1 5 451 572 583 462 452 573 584 463
1 5 452 573 584 463 453 574 585 464
1 5 453 574 585 464 454 575 586 465
1 5 454 575 586 465 455 576 587 466
1 5 455 576 587 466 456 577 588 467
1 5 456 577 588 467 457 578 589 468
1 5 457 578 589 468 458 579 590 469
1 5 458 579 590 469 459 580 591 470
1 5 459 580 591 470 460 581 592 471
1 5 460 581 592 471 461 582 593 472
1 5 462 583 594 473 463 584 595 474
1 5 463 584 595 474 464 585 596 475
1 5 464 585 596 475 465 586 597 476
1 5 465 586 597 476 466 587 598 477
1 5 466 587 598 477 467 588 599 478
1 5 467 588 599 478 468 589 600 479
1 5 468 589 600 479 469 590 601 480
1 5 469 590 601 480 470 591 602 481
1 5 470 591 602 481 471 592 603 482
1 5 471 592 603 482 472 593 604 483
1 5 484 605 616 495 485 606 617 496
1 5 485 606 617 496 486 607 618 497
1 5 486 607 618 497 487 608 619 498
1 5 487 608 619 498 488 609 620 499
1 5 488 609 620 499 489 610 621 500
1 5 489 610 621 500 490 611 622 501
1 5 490 611 622 501 491 612 623 502
1 5 491 612 623 502 492 613 624 503
1 5 492 613 624 503 493 614 625 504
1 5 493 614 625 504 494 615 626 505
1 5 495 616 627 506 496 617 628 507
1 5 496 617 628 507 497 618 629 508
1 5 497 618 629 508 498 619 630 509
1 5 498 619 630 509 499 620 631 510
1 5 499 620 631 510 500 621 632 511
1 5 500 621 632 511 501 622 633 512
1 5 501 622 633 512 502 623 634 513
1 5 502 623 634 513 503 624 635 514
1 5 503 624 635 514 504 625 636 515
1 5 504 625 636 515 505 626 637 516
1 5 506 627 638 517 507 628 639 518
1 5 507 628 639 518 508 629 640 519
1 5 508 629 640 519 509 630 641 520
1 5 509 630 641 520 510 631 642 521
1 5 510 631 642 521 511 632 643 522
1 5 511 632 643 522 512 633 644 523
1 5 512 633 644 523 513 634 645 524
1 5 513 634 645 524 514 635 646 525
1 5 514 635 646 525 515 636 647 526
1 5 515 636 647 526 516 637 648 527
1 5 517 638 649 528 518 639 650 529
1 5 518 639 650 529 519 640 651 530
1 5 519 640 651 530 520 641 652 531
1 5 520 641 652 531 521 642 653 532
1 5 521 642 653 532 522 643 654 533
1 5 522 643 654 533 523 644 655 534
1 5 523 644 655 534 524 645 656 535
1 5 524 645 656 535 525 646 657 536
1 5 525 646 657 536 526 647 658 537
1 5 526 647 658 537 527 648 659 538
1 5 528 649 660 539 529 650 661 540
1 5 529 650 661 540 530 651 662 541
1 5 530 651 662 541 531 652 663 542
1 5 531 652 663 542 532 653 664 543
1 5 532 653 664 543 533 654 665 544
1 5 533 654 665 544 534 655 666 545
1 5 534 655 666 545 535 656 667 546
1 5 535 656 667 546 536 657 668 547
1 5 536 657 668 547 537 658 669 548
1 5 537 658 669 548 538 659 670 549
1 5 539 660 671 550 540 661 672 551
1 5 540 661 672 551 541 662 673 552
1 5 541 662 673 552 542 663 674 553
1 5 542 663 674 553 543 664 675 554
1 5 543 664 675 554 544 665 676 555
1 5 544 665 676 555 545 666 677 556
1 5 545 666 677 556 546 667 678 557
1 5 546 667 678 557 547 668 679 558
1 5 547 668 679 558 548 669 680 559
1 5 548 669 680 559 549 670 681 560
1 5 550 671 682 561 551 672 683 562
1 5 551 672 683 562 552 673 684 563
1 5 552 673 684 563 553 674 685 564
1 5 553 674 685 564 554 675 686 565
1 5 554 675 686 565 555 676 687 566
1 5 555 676 687 566 556 677 688 567
1 5 556 677 688 567 557 678 689 568
1 5 557 678 689 568 558 679 690 569
1 5 558 679 690 569 559 680 691 570
1 5 559 680 691 570 560 681 692 571
1 5 561 682 693 572 562 683 694 573
1 5 562 683 694 573 563 684 695 574
1 5 563 684 695 574 564 685 696 575
1 5 564 685 696 575 565 686 697 576
1 5 565 686 697 576 566 687 698 577
1 5 566 687 698 577 567 688 699 578
1 5 567 688 699 578 568 689 700 579
1 5 568 689 700 579 569 690 701 580
1 5 569 690 701 580 570 691 702 581
1 5 570 691 702 581 571 692 703 582
1 5 572 693 704 583 573 694 705 584
1 5 573 694 705 584 574 695 706 585
1 5 574 695 706 585 575 696 707 586
1 5 575 696 707 586 576 697 708 587
1 5 576 697 708 587 577 698 709 588
1 5 577 698 709 588 578 699 710 589
1 5 578 699 710 589 579 700 711 590
1 5 579 700 711 590 580 701 712 591
1 5 580 701 712 591 581 702 713 592
1 5 581 702 713 592 582 703 714 593
1 5 583 704 715 594 584 705 716 595
1 5 584 705 716 595 585 706 717 596
1 5 585 706 717 596 586 707 718 597
1 5 586 707 718 597 587 708 719 598
1 5 587 708 719 598 588 709 720 599
1 5 588 709 720 599 589 710 721 600
1 5 589 710 721 600 590 711 722 601
1 5 590 711 722 601 591 712 723 602
1 5 591 712 723 602 592 713 724 603
1 5 592 713 724 603 593 714 725 604
1 5 605 726 737 616 606 727 738 617
1 5 606 727 738 617 607 728 739 618
1 5 607 728 739 618 608 729 740 619
1 5 608 729 740 619 609 730 741 620
1 5 609 730 741 620 610 731 742 621
1 5 610 731 742 621 611 732 743 622
1 5 611 732 743 622 612 733 744 623
1 5 612 733 744 623 613 734 745 624
1 5 613 734 745 624 614 735 746 625
1 5 614 735 746 625 615 736 747 626
1 5 616 737 748 627 617 738 749 628
1 5 617 738 749 628 618 739 750 629
1 5 618 739 750 629 619 740 751 630
1 5 619 740 751 630 620 741 752 631
1 5 620 741 752 631 621 742 753 632
1 5 621 742 753 632 622 743 754 633
1 5 622 743 754 633 623 744 755 634
1 5 623 744 755 634 624 745 756 635
1 5 624 745 756 635 625 746 757 636
1 5 625 746 757 636 626 747 758 637
1 5 627 748 759 638 628 749 760 639
1 5 628 749 760 639 629 750 761 640
1 5 629 750 761 640 630 751 762 641
1 5 630 751 762 641 631 752 763 642
1 5 631 752 763 642 632 753 764 643
1 5 632 753 764 643 633 754 765 644
1 5 633 754 765 644 634 755 766 645
1 5 634 755 766 645 635 756 767 646
1 5 635 756 767 646 636 757 768 647
1 5 636 757 768 647 637 758 769 648
1 5 638 759 770 649 639 760 771 650
1 5 639 760 771 650 640 761 772 651
1 5 640 761 772 651 641 762 773 652
1 5 641 762 773 652 642 763 774 653
1 5 642 763 774 653 643 764 775 654
1 5 643 764 775 654 644 765 776 655
1 5 644 765 776 655 645 766 777 656
1 5 645 766 777 656 646 767 778 657
1 5 646 767 778 657 647 768 779 658
1 5 647 768 779 658 648 769 780 659
1 5 649 770 781 660 650 771 782 661
1 5 650 771 782 661 651 772 783 662
1 5 651 772 783 662 652 773 784 663
1 5 652 773 784 663 653 774 785 664
1 5 653 774 785 664 654 775 786 665
1 5 654 775 786 665 655 776 787 666
1 5 655 776 787 666 656 777 788 667
1 5 656 777 788 667 657 778 789 668
1 5 657 778 789 668 658 779 790 669
1 5 658 779 790 669 659 780 791 670
1 5 660 781 792 671 661 782 793 672
1 5 661 782 793 672 662 783 794 673
1 5 662 783 794 673 663 784 795 674
1 5 663 784 795 674 664 785 796 675
1 5 664 785 796 675 665 786 797 676
1 5 665 786 797 676 666 787 798 677
1 5 666 787 798 677 667 788 799 678
1 5 667 788 799 678 668 789 800 679
1 5 668 789 800 679 669 790 801 680
1 5 669 790 801 680 670 791 802 681
1 5 671 792 803 682 672 793 804 683
1 5 672 793 804 683 673 794 805 684
1 5 673 794 805 684 674 795 806 685
1 5 674 795 806 685 675 796 807 686
1 5 675 796 807 686 676 797 808 687
1 5 676 797 808 687 677 798 809 688
1 5 677 798 809 688 678 799 810 689
1 5 678 799 810 689 679 800 811 690
1 5 679 800 811 690 680 801 812 691
1 5 680 801 812 691 681 802 813 692
1 5 682 803 814 693 683 804 815 694
1 5 683 804 815 694 684 805 816 695
1 5 684 805 816 695 685 806 817 696
1 5 685 806 817 696 686 807 818 697
1 5 686 807 818 697 687 808 819 698
1 5 687 808 819 698 688 809 820 699
1 5 688 809 820 699 689 810 821 700
1 5 689 810 821 700 690 811 822 701
1 5 690 811 822 701 691 812 823 702
1 5 691 812 823 702 692 813 824 703
1 5 693 814 825 704 694 815 826 705
1 5 694 815 826 705 695 816 827 706
1 5 695 816 827 706 696 817 828 707
1 5 696 817 828 707 697 818 829 708
1 5 697 818 829 708 698 819 830 709
1 5 698 819 830 709 699 820 831 710
1 5 699 820 831 710 700 821 832 711
1 5 700 821 832 711 701 822 833 712
1 5 701 822 833 712 702 823 834 713
1 5 702 823 834 713 703 824 835 714
1 5 704 825 836 715 705 826 837 716
1 5 705 826 837 716 706 827 838 717
1 5 706 827 838 717 707 828 839 718
1 5 707 828 839 718 708 829 840 719
1 5 708 829 840 719 709 830 841 720
1 5 709 830 841 720 710 831 842 721
1 5 710 831 842 721 711 832 843 722
1 5 711 832 843 722 712 833 844 723
1 5 712 833 844 723 713 834 845 724
1 5 713 834 845 724 714 835 846 725
1 5 726 847 858 737 727 848 859 738
1 5 727 848 859 738 728 849 860 739
1 5 728 849 860 739 729 850 861 740
1 5 729 850 861 740 730 851 862 741
1 5 730 851 862 741 731 852 863 742
1 5 731 852 863 742 732 853 864 743
1 5 732 853 864 743 733 854 865 744
1 5 733 854 865 744 734 855 866 745
1 5 734 855 866 745 735 856 867 746
1 5 735 856 867 746 736 857 868 747
1 5 737 858 869 748 738 859 870 749
1 5 738 859 870 749 739 860 871 750
1 5 739 860 871 750 740 861 872 751
1 5 740 861 872 751 741 862 873 752
1 5 741 862 873 752 742 863 874 753
1 5 742 863 874 753 743 864 875 754
1 5 743 864 875 754 744 865 876 755
1 5 744 865 876 755 745 866 877 756
1 5 745 866 877 756 746 867 878 757
1 5 746 867 878 757 747 868 879 758
1 5 748 869 880 759 749 870 881 760
1 5 749 870 881 760 750 871 882 761
1 5 750 871 882 761 751 872 883 762
1 5 751 872 883 762 752 873 884 763
1 5 752 873 884 763 753 874 885 764
1 5 753 874 885 764 754 875 886 765
1 5 754 875 886 765 755 876 887 766
1 5 755 876 887 766 756 877 888 767
1 5 756 877 888 767 757 878 889 768
1 5 757 878 889 768 758 879 890 769
1 5 759 880 891 770 760 881 892 771
1 5 760 881 892 771 761 882 893 772
1 5 761 882 893 772 762 883 894 773
1 5 762 883 894 773 763 884 895 774
1 5 763 884 895 774 764 885 896 775
1 5 764 885 896 775 765 886 897 776
1 5 765 886 897 776 766 887 898 777
1 5 766 887 898 777 767 888 899 778
1 5 767 888 899 778 768 889 900 779
1 5 768 889 900 779 769 890 901 780
1 5 770 891 902 781 771 892 903 782
1 5 771 892 903 782 772 893 904 783
1 5 772 893 904 783 773 894 905 784
1 5 773 894 905 784 774 895 906 785
1 5 774 895 906 785 775 896 907 786
1 5 775 896 907 786 776 897 908 787
1 5 776 897 908 787 777 898 909 788
1 5 777 898 909 788 778 899 910 789
1 5 778 899 910 789 779 900 911 790
1 5 779 900 911 790 780 901 912 791
1 5 781 902 913 792 782 903 914 793
1 5 782 903 914 793 783 904 915 794
1 5 783 904 915 794 784 905 916 795
1 5 784 905 916 795 785 906 917 796
1 5 785 906 917 796 786 907 918 797
1 5 786 907 918 797 787 908 919 798
1 5 787 908 919 798 788 909 920 799
1 5 788 909 920 799 789 910 921 800
1 5 789 910 921 800 790 911 922 801
1 5 790 911 922 801 791 912 923 802
1 5 792 913 924 803 793 914 925 804
1 5 793 914 925 804 794 915 926 805
1 5 794 915 926 805 795 916 927 806
1 5 795 916 927 806 796 917 928 807
1 5 796 917 928 807 797 918 929 808
1 5 797 918 929 808 798 919 930 809
1 5 798 919 930 809 799 920 931 810
1 5 799 920 931 810 800 921 932 811
1 5 800 921 932 811 801 922 933 812
1 5 801 922 933 812 802 923 934 813
1 5 803 924 935 814 804 925 936 815
1 5 804 925 936 815 805 926 937 816
1 5 805 926 937 816 806 927 938 817
1 5 806 927 938 817 807 928 939 818
1 5 807 928 939 818 808 929 940 819
1 5 808 929 940 819 809 930 941 820
1 5 809 930 941 820 810 931 942 821
1 5 810 931 942 821 811 932 943 822
1 5 811 932 943 822 812 933 944 823
1 5 812 933 944 823 813 934 945 824
1 5 814 935 946 825 815 936 947 826
1 5 815 936 947 826 816 937 948 827
1 5 816 937 948 827 817 938 949 828
1 5 817 938 949 828 818 939 950 829
1 5 818 939 950 829 819 940 951 830
1 5 819 940 951 830 820 941 952 831
1 5 820 941 952 831 821 942 953 832
1 5 821 942 953 832 822 943 954 833
1 5 822 943 954 833 823 944 955 834
1 5 823 944 955 834 824 945 956 835
1 5 825 946 957 836 826 947 958 837
1 5 826 947 958 837 827 948 959 838
1 5 827 948 959 838 828 949 960 839
1 5 828 949 960 839 829 950 961 840
1 5 829 950 961 840 830 951 962 841
1 5 830 951 962 841 831 952 963 842
1 5 831 952 963 842 832 953 964 843
1 5 832 953 964 843 833 954 965 844
1 5 833 954 965 844 834 955 966 845
1 5 834 955 966 845 835 956 967 846
1 5 847 968 979 858 848 969 980 859
1 5 848 969 980 859 849 970 981 860
1 5 849 970 981 860 850 971 982 861
1 5 850 971 982 861 851 972 983 862
1 5 851 972 983 862 852 973 984 863
1 5 852 973 984 863 853 974 985 864
1 5 853 974 985 864 854 975 986 865
1 5 854 975 986 865 855 976 987 866
1 5 855 976 987 866 856 977 988 867
1 5 856 977 988 867 857 978 989 868
1 5 858 979 990 869 859 980 991 870
1 5 859 980 991 870 860 981 992 871
1 5 860 981 992 871 861 982 993 872
1 5 861 982 993 872 862 983 994 873
1 5 862 983 994 873 863 984 995 874
1 5 863 984 995 874 864 985 996 875
1 5 864 985 996 875 865 986 997 876
1 5 865 986 997 876 866 987 998 877
1 5 866 987 998 877 867 988 999 878
1 5 867 988 999 878 868 989 1000 879
1 5 869 990 1001 880 870 991 1002 881
1 5 870 991 1002 881 871 992 1003 882
1 5 871 992 1003 882 872 993 1004 883
1 5 872 993 1004 883 873 994 1005 884
1 5 873 994 1005 884 874 995 1006 885
1 5 874 995 1006 885 875 996 1007 886
1 5 875 996 1007 886 876 997 1008 887
1 5 876 997 1008 887 877 998 1009 888
1 5 877 998 1009 888 878 999 1010 889
1 5 878 999 1010 889 879 1000 1011 890
1 5 880 1001 1012 891 881 1002 1013 892
1 5 881 1002 1013 892 882 1003 1014 893
1 5 882 1003 1014 893 883 1004 1015 894
1 5 883 1004 1015 894 884 1005 1016 895
1 5 884 1005 1016 895 885 1006 1017 896
1 5 885 1006 1017 896 886 1007 1018 897
1 5 886 1007 1018 897 887 1008 1019 898
1 5 887 1008 1019 898 888 1009 1020 899
1 5 888 1009 1020 899 889 1010 1021 900
1 5 889 1010 1021 900 890 1011 1022 901
1 5 891 1012 1023 902 892 1013 1024 903
1 5 892 1013 1024 903 893 1014 1025 904
1 5 893 1014 1025 904 894 1015 1026 905
1 5 894 1015 1026 905 895 1016 1027 906
1 5 895 1016 1027 906 896 1017 1028 907
1 5 896 1017 1028 907 897 1018 1029 908
1 5 897 1018 1029 908 898 1019 1030 909
1 5 898 1019 1030 909 899 1020 1031 910
1 5 899 1020 1031 910 900 1021 1032 911
1 5 900 1021 1032 911 901 1022 1033 912
1 5 902 1023 1034 913 903 1024 1035 914
1 5 903 1024 1035 914 904 1025 1036 915
1 5 904 1025 1036 915 905 1026 1037 916
1 5 905 1026 1037 916 906 1027 1038 917
1 5 906 1027 1038 917 907 1028 1039 918
1 5 907 1028 1039 918 908 1029 1040 919
1 5 908 1029 1040 919 909 1030 1041 920
1 5 909 1030 1041 920 910 1031 1042 921
1 5 910 1031 1042 921 911 1032 1043 922
1 5 911 1032 1043 922 912 1033 1044 923
1 5 913 1034 1045 924 914 1035 1046 925
1 5 914 1035 1046 925 915 1036 1047 926
1 5 915 1036 1047 926 916 1037 1048 927
1 5 916 1037 1048 927 917 1038 1049 928
1 5 917 1038 1049 928 918 1039 1050 929
1 5 918 1039 1050 929 919 1040 1051 930
1 5 919 1040 1051 930 920 1041 1052 931
1 5 920 1041 1052 931 921 1042 1053 932
1 5 921 1042 1053 932 922 1043 1054 933
1 5 922 1043 1054 933 923 1044 1055 934
1 5 924 1045 1056 935 925 1046 1057 936
1 5 925 1046 1057 936 926 1047 1058 937
1 5 926 1047 1058 937 927 1048 1059 938
1 5 927 1048 1059 938 928 1049 1060 939
1 5 928 1049 1060 939 929 1050 1061 940
1 5 929 1050 1061 940 930 1051 1062 941
1 5 930 1051 1062 941 931 1052 1063 942
1 5 931 1052 1063 942 932 1053 1064 943
1 5 932 1053 1064 943 933 1054 1065 944
1 5 933 1054 1065 944 934 1055 1066 945
1 5 935 1056 1067 946 936 1057 1068 947
1 5 936 1057 1068 947 937 1058 1069 948
1 5 937 1058 1069 948 938 1059 1070 949
1 5 938 1059 1070 949 939 1060 1071 950
1 5 939 1060 1071 950 940 1061 1072 951
1 5 940 1061 1072 951 941 1062 1073 952
1 5 941 1062 1073 952 942 1063 1074 953
1 5 942 1063 1074 953 943 1064 1075 954
1 5 943 1064 1075 954 944 1065 1076 955
1 5 944 1065 1076 955 945 1066 1077 956
1 5 946 1067 1078 957 947 1068 1079 958
1 5 947 1068 1079 958 948 1069 1080 959
1 5 948 1069 1080 959 949 1070 1081 960
1 5 949 1070 1081 960 950 1071 1082 961
1 5 950 1071 1082 961 951 1072 1083 962
1 5 951 1072 1083 962 952 1073 1084 963
1 5 952 1073 1084 963 953 1074 1085 964
1 5 953 1074 1085 964 954 1075 1086 965
1 5 954 1075 1086 965 955 1076 1087 966
1 5 955 1076 1087 966 956 1077 1088 967
1 5 968 1089 1100 979 969 1090 1101 980
1 5 969 1090 1101 980 970 1091 1102 981
1 5 970 1091 1102 981 971 1092 1103 982
1 5 971 1092 1103 982 972 1093 1104 983
1 5 972 1093 1104 983 973 1094 1105 984
1 5 973 1094 1105 984 974 1095 1106 985
1 5 974 1095 1106 985 975 1096 1107 986
1 5 975 1096 1107 986 976 1097 1108 987
1 5 976 1097 1108 987 977 1098 1109 988
1 5 977 1098 1109 988 978 1099 1110 989
1 5 979 1100 1111 990 980 1101 1112 991
1 5 980 1101 1112 991 981 1102 1113 992
1 5 981 1102 1113 992 982 1103 1114 993
1 5 982 1103 1114 993 983 1104 1115 994
1 5 983 1104 1115 994 984 1105 1116 995
1 5 984 1105 1116 995 985 1106 1117 996
1 5 985 1106 1117 996 986 1107 1118 997
1 5 986 1107 1118 997 987 1108 1119 998
1 5 987 1108 1119 998 988 1109 1120 999
1 5 988 1109 1120 999 989 1110 1121 1000
1 5 990 1111 1122 1001 991 1112 1123 1002
1 5 991 1112 1123 1002 992 1113 1124 1003
1 5 992 1113 1124 1003 993 1114 1125 1004
1 5 993 1114 1125 1004 994 1115 1126 1005
1 5 994 1115 1126 1005 995 1116 1127 1006
1 5 995 1116 1127 1006 996 1117 1128 1007
1 5 996 1117 1128 1007 997 1118 1129 1008
1 5 997 1118 1129 1008 998 1119 1130 1009
1 5 998 1119 1130 1009 999 1120 1131 1010
1 5 999 1120 1131 1010 1000 1121 1132 1011
1 5 1001 1122 1133 1012 1002 1123 1134 1013
1 5 1002 1123 1134 1013 1003 1124 1135 1014
1 5 1003 1124 1135 1014 1004 1125 1136 1015
1 5 1004 1125 1136 1015 1005 1126 1137 1016
1 5 1005 1126 1137 1016 1006 1127 1138 1017
1 5 1006 1127 1138 1017 1007 1128 1139 1018
1 5 1007 1128 1139 1018 1008 1129 1140 1019
1 5 1008 1129 1140 1019 1009 1130 1141 1020
1 5 1009 1130 1141 1020 1010 1131 1142 1021
1 5 1010 1131 1142 1021 1011 1132 1143 1022
1 5 1012 1133 1144 1023 1013 1134 1145 1024
1 5 1013 1134 1145 1024 1014 1135 1146 1025
1 5 1014 1135 1146 1025 1015 1136 1147 1026
1 5 1015 1136 1147 1026 1016 1137 1148 1027
1 5 1016 1137 1148 1027 1017 1138 1149 1028
1 5 1017 1138 1149 1028 1018 1139 1150 1029
1 5 1018 1139 1150 1029 1019 1140 1151 1030
1 5 1019 1140 1151 1030 1020 1141 1152 1031
1 5 1020 1141 1152 1031 1021 1142 1153 1032
1 5 1021 1142 1153 1032 1022 1143 1154 1033
1 5 1023 1144 1155 1034 1024 1145 1156 1035
1 5 1024 1145 1156 1035 1025 1146 1157 1036
1 5 1025 1146 1157 1036 1026 1147 1158 1037
1 5 1026 1147 1158 1037 1027 1148 1159 1038
1 5 1027 1148 1159 1038 1028 1149 1160 1039
1 5 1028 1149 1160 1039 1029 1150 1161 1040
1 5 1029 1150 1161 1040 1030 1151 1162 1041
1 5 1030 1151 1162 1041 1031 1152 1163 1042
1 5 1031 1152 1163 1042 1032 1153 1164 1043
1 5 1032 1153 1164 1043 1033 1154 1165 1044
1 5 1034 1155 1166 1045 1035 1156 1167 1046
1 5 1035 1156 1167 1046 1036 1157 1168 1047
1 5 1036 1157 1168 1047 1037 1158 1169 1048
1 5 1037 1158 1169 1048 1038 1159 1170 1049
1 5 1038 1159 1170 1049 1039 1160 1171 1050
1 5 1039 1160 1171 1050 1040 1161 1172 1051
1 5 1040 1161 1172 1051 1041 1162 1173 1052
1 5 1041 1162 1173 1052 1042 1163 1174 1053
1 5 1042 1163 1174 1053 1043 1164 1175 1054
1 5 1043 1164 1175 1054 1044 1165 1176 1055
1 5 1045 1166 1177 1056 1046 1167 1178 1057
1 5 1046 1167 1178 1057 1047 1168 1179 1058
1 5 1047 1168 1179 1058 1048 1169 1180 1059
1 5 1048 1169 1180 1059 1049 1170 1181 1060
1 5 1049 1170 1181 1060 1050 1171 1182 1061
1 5 1050 1171 1182 1061 1051 1172 1183 1062
1 5 1051 1172 1183 1062 1052 1173 1184 1063
1 5 1052 1173 1184 1063 1053 1174 1185 1064
1 5 1053 1174 1185 1064 1054 1175 1186 1065
1 5 1054 1175 1186 1065 1055 1176 1187 1066
1 5 1056 1177 1188 1067 1057 1178 1189 1068
1 5 1057 1178 1189 1068 1058 1179 1190 1069
1 5 1058 1179 1190 1069 1059 1180 1191 1070
1 5 1059 1180 1191 1070 1060 1181 1192 1071
1 5 1060 1181 1192 1071 1061 1182 1193 1072
1 5 1061 1182 1193 1072 1062 1183 1194 1073
1 5 1062 1183 1194 1073 1063 1184 1195 1074
1 5 1063 1184 1195 1074 1064 1185 1196 1075
1 5 1064 1185 1196 1075 1065 1186 1197 1076
1 5 1065 1186 1197 1076 1066 1187 1198 1077
1 5 1067 1188 1199 1078 1068 1189 1200 1079
1 5 1068 1189 1200 1079 1069 1190 1201 1080
1 5 1069 1190 1201 1080 1070 1191 1202 1081
1 5 1070 1191 1202 1081 1071 1192 1203 1082
1 5 1071 1192 1203 1082 1072 1193 1204 1083
1 5 1072 1193 1204 1083 1073 1194 1205 1084
1 5 1073 1194 1205 1084 1074 1195 1206 1085
1 5 1074 1195 1206 1085 1075 1196 1207 1086
1 5 1075 1196 1207 1086 1076 1197 1208 1087
1 5 1076 1197 1208 1087 1077 1198 1209 1088
1 5 1089 1210 1221 1100 1090 1211 1222 1101
1 5 1090 1211 1222 1101 1091 1212 1223 1102
1 5 1091 1212 1223 1102 1092 1213 1224 1103
1 5 1092 1213 1224 1103 1093 1214 1225 1104
1 5 1093 1214 1225 1104 1094 1215 1226 1105
1 5 1094 1215 1226 1105 1095 1216 1227 1106
1 5 1095 1216 1227 1106 1096 1217 1228 1107
1 5 1096 1217 1228 1107 1097 1218 1229 1108
1 5 1097 1218 1229 1108 1098 1219 1230 1109
1 5 1098 1219 1230 1109 1099 1220 1231 1110
1 5 1100 1221 1232 1111 1101 1222 1233 1112
1 5 1101 1222 1233 1112 1102 1223 1234 1113
1 5 1102 1223 1234 1113 1103 1224 1235 1114
1 5 1103 1224 1235 1114 1104 1225 1236 1115
1 5 1104 1225 1236 1115 1105 1226 1237 1116
1 5 1105 1226 1237 1116 1106 1227 1238 1117
1 5 1106 1227 1238 1117 1107 1228 1239 1118
1 5 1107 1228 1239 1118 1108 1229 1240 1119
1 5 1108 1229 1240 1119 1109 1230 1241 1120
1 5 1109 1230 1241 1120 1110 1231 1242 1121
1 5 1111 1232 1243 1122 1112 1233 1244 1123
1 5 1112 1233 1244 1123 1113 1234 1245 1124
1 5 1113 1234 1245 1124 1114 1235 1246 1125
1 5 1114 1235 1246 1125 1115 1236 1247 1126
1 5 1115 1236 1247 1126 1116 1237 1248 1127
1 5 1116 1237 1248 1127 1117 1238 1249 1128
1 5 1117 1238 1249 1128 1118 1239 1250 1129
1 5 1118 1239 1250 1129 1119 1240 1251 1130
1 5 1119 1240 1251 1130 1120 1241 1252 1131
1 5 1120 1241 1252 1131 1121 1242 1253 1132
1 5 1122 1243 1254 1133 1123 1244 1255 1134
1 5 1123 1244 1255 1134 1124 1245 1256 1135
1 5 1124 1245 1256 1135 1125 1246 1257 1136
1 5 1125 1246 1257 1136 1126 1247 1258 1137
1 5 1126 1247 1258 1137 1127 1248 1259 1138
1 5 1127 1248 1259 1138 1128 1249 1260 1139
1 5 1128 1249 1260 1139 1129 1250 1261 1140
1 5 1129 1250 1261 1140 1130 1251 1262 1141
1 5 1130 1251 1262 1141 1131 1252 1263 1142
1 5 1131 1252 1263 1142 1132 1253 1264 1143
1 5 1133 1254 1265 1144 1134 1255 1266 1145
1 5 1134 1255 1266 1145 1135 1256 1267 1146
1 5 1135 1256 1267 1146 1136 1257 1268 1147
1 5 1136 1257 1268 1147 1137 1258 1269 1148
1 5 1137 1258 1269 1148 1138 1259 1270 1149
1 5 1138 1259 1270 1149 1139 1260 1271 1150
1 5 1139 1260 1271 1150 1140 1261 1272 1151
1 5 1140 1261 1272 1151 1141 1262 1273 1152
1 5 1141 1262 1273 1152 1142 1263 1274 1153
1 5 1142 1263 1274 1153 1143 1264 1275 1154
1 5 1144 1265 1276 1155 1145 1266 1277 1156
1 5 1145 1266 1277 1156 1146 1267 1278 1157
1 5 1146 1267 1278 1157 1147 1268 1279 1158
1 5 1147 1268 1279 1158 1148 1269 1280 1159
1 5 1148 1269 1280 1159 1149 1270 1281 1160
1 5 1149 1270 1281 1160 1150 1271 1282 1161
1 5 1150 1271 1282 1161 1151 1272 1283 1162
1 5 1151 1272 1283 1162 1152 1273 1284 1163
1 5 1152 1273 1284 1163 1153 1274 1285 1164
1 5 1153 1274 1285 1164 1154 1275 1286 1165
1 5 1155 1276 1287 1166 1156 1277 1288 1167
1 5 1156 1277 1288 1167 1157 1278 1289 1168
1 5 1157 1278 1289 1168 1158 1279 1290 1169
1 5 1158 1279 1290 1169 1159 1280 1291 1170
1 5 1159 1280 1291 1170 1160 1281 1292 1171
1 5 1160 1281 1292 1171 1161 1282 1293 1172
1 5 1161 1282 1293 1172 1162 1283 1294 1173
1 5 1162 1283 1294 1173 1163 1284 1295 1174
1 5 1163 1284 1295 1174 1164 1285 1296 1175
1 5 1164 1285 1296 1175 1165 1286 1297 1176
1 5 1166 1287 1298 1177 1167 1288 1299 1178
1 5 1167 1288 1299 1178 1168 1289 1300 1179
1 5 1168 1289 1300 1179 1169 1290 1301 1180
1 5 1169 1290 1301 1180 1170 1291 1302 1181
1 5 1170 1291 1302 1181 1171 1292 1303 1182
1 5 1171 1292 1303 1182 1172 1293 1304 1183
1 5 1172 1293 1304 1183 1173 1294 1305 1184
1 5 1173 1294 1305 1184 1174 1295 1306 1185
1 5 1174 1295 1306 1185 1175 1296 1307 1186
1 5 1175 1296 1307 1186 1176 1297 1308 1187
1 5 1177 1298 1309 1188 1178 1299 1310 1189
1 5 1178 1299 1310 1189 1179 1300 1311 1190
1 5 1179 1300 1311 1190 1180 1301 1312 1191
1 5 1180 1301 1312 1191 1181 1302 1313 1192
1 5 1181 1302 1313 1192 1182 1303 1314 1193
1 5 1182 1303 1314 1193 1183 1304 1315 1194
1 5 1183 1304 1315 1194 1184 1305 1316 1195
1 5 1184 1305 1316 1195 1185 1306 1317 1196
1 5 1185 1306 1317 1196 1186 1307 1318 1197
1 5 1186 1307 1318 1197 1187 1308 1319 1198
1 5 1188 1309 1320 1199 1189 1310 1321 1200
1 5 1189 1310 1321 1200 1190 1311 1322 1201
1 5 1190 1311 1322 1201 1191 1312 1323 1202
1 5 1191 1312 1323 1202 1192 1313 1324 1203
1 5 1192 1313 1324 1203 1193 1314 1325 1204
1 5 1193 1314 1325 1204 1194 1315 1326 1205
1 5 1194 1315 1326 1205 1195 1316 1327 1206
1 5 1195 1316 1327 1206 1196 1317 1328 1207
1 5 1196 1317 1328 1207 1197 1318 1329 1208
1 5 1197 1318 1329 1208 1198 1319 1330 1209
1 5 1210 1331 1342 1221 1211 1332 1343 1222
1 5 1211 1332 1343 1222 1212 1333 1344 1223
1 5 1212 1333 1344 1223 1213 1334 1345 1224
1 5 1213 1334 1345 1224 1214 1335 1346 1225
1 5 1214 1335 1346 1225 1215 1336 1347 1226
1 5 1215 1336 1347 1226 1216 1337 1348 1227
1 5 1216 1337 1348 1227 1217 1338 1349 1228
1 5 1217 1338 1349 1228 1218 1339 1350 1229
1 5 1218 1339 1350 1229 1219 1340 1351 1230
1 5 1219 1340 1351 1230 1220 1341 1352 1231
1 5 1221 1342 1353 1232 1222 1343 1354 1233
1 5 1222 1343 1354 1233 1223 1344 1355 1234
1 5 1223 1344 1355 1234 1224 1345 1356 1235
1 5 1224 1345 1356 1235 1225 1346 1357 1236
1 5 1225 1346 1357 1236 1226 1347 1358 1237
1 5 1226 1347 1358 1237 1227 1348 1359 1238
1 5 1227 1348 1359 1238 1228 1349 1360 1239
1 5 1228 1349 1360 1239 1229 1350 1361 1240
1 5 1229 1350 1361 1240 1230 1351 1362 1241
1 5 1230 1351 1362 1241 1231 1352 1363 1242
1 5 1232 1353 1364 1243 1233 1354 1365 1244
1 5 1233 1354 1365 1244 1234 1355 1366 1245
1 5 1234 1355 1366 1245 1235 1356 1367 1246
1 5 1235 1356 1367 1246 1236 1357 1368 1247
1 5 1236 1357 1368 1247 1237 1358 1369 1248
1 5 1237 1358 1369 1248 1238 1359 1370 1249
1 5 1238 1359 1370 1249 1239 1360 1371 1250
1 5 1239 1360 1371 1250 1240 1361 1372 1251
1 5 1240 1361 1372 1251 1241 1362 1373 1252
1 5 1241 1362 1373 1252 1242 1363 1374 1253
1 5 1243 1364 1375 1254 1244 1365 1376 1255
1 5 1244 1365 1376 1255 1245 1366 1377 1256
1 5 1245 1366 1377 1256 1246 1367 1378 1257
1 5 1246 1367 1378 1257 1247 1368 1379 1258
1 5 1247 1368 1379 1258 1248 1369 1380 1259
1 5 1248 1369 1380 1259 1249 1370 1381 1260
1 5 1249 1370 1381 1260 1250 1371 1382 1261
1 5 1250 1371 1382 1261 1251 1372 1383 1262
1 5 1251 1372 1383 1262 1252 1373 1384 1263
1 5 1252 1373 1384 1263 1253 1374 1385 1264
1 5 1254 1375 1386 1265 1255 1376 1387 1266
1 5 1255 1376 1387 1266 1256 1377 1388 1267
1 5 1256 1377 1388 1267 1257 1378 1389 1268
1 5 1257 1378 1389 1268 1258 1379 1390 1269
1 5 1258 1379 1390 1269 1259 1380 1391 1270
1 5 1259 1380 1391 1270 1260 1381 1392 1271
1 5 1260 1381 1392 1271 1261 1382 1393 1272
1 5 1261 1382 1393 1272 1262 1383 1394 1273
1 5 1262 1383 1394 1273 1263 1384 1395 1274
1 5 1263 1384 1395 1274 1264 1385 1396 1275
1 5 1265 1386 1397 1276 1266 1387 1398 1277
1 5 1266 1387 1398 1277 1267 1388 1399 1278
1 5 1267 1388 1399 1278 1268 1389 1400 1279
1 5 1268 1389 1400 1279 1269 1390 1401 1280
1 5 1269 1390 1401 1280 1270 1391 1402 1281
1 5 1270 1391 1402 1281 1271 1392 1403 1282
1 5 1271 1392 1403 1282 1272 1393 1404 1283
1 5 1272 1393 1404 1283 1273 1394 1405 1284
1 5 1273 1394 1405 1284 1274 1395 1406 1285
1 5 1274 1395 1406 1285 1275 1396 1407 1286
1 5 1276 1397 1408 1287 1277 1398 1409 1288
1 5 1277 1398 1409 1288 1278 1399 1410 1289
1 5 1278 1399 1410 1289 1279 1400 1411 1290
1 5 1279 1400 1411 1290 1280 1401 1412 1291
1 5 1280 1401 1412 1291 1281 1402 1413 1292
1 5 1281 1402 1413 1292 1282 1403 1414 1293
1 5 1282 1403 1414 1293 1283 1404 1415 1294
1 5 1283 1404 1415 1294 1284 1405 1416 1295
1 5 1284 1405 1416 1295 1285 1406 1417 1296
1 5 1285 1406 1417 1296 1286 1407 1418 1297
1 5 1287 1408 1419 1298 1288 1409 1420 1299
1 5 1288 1409 1420 1299 1289 1410 1421 1300
1 5 1289 1410 1421 1300 1290 1411 1422 1301
1 5 1290 1411 1422 1301 1291 1412 1423 1302
1 5 1291 1412 1423 1302 1292 1413 1424 1303
1 5 1292 1413 1424 1303 1293 1414 1425 1304
1 5 1293 1414 1425 1304 1294 1415 1426 1305
1 5 1294 1415 1426 1305 1295 1416 1427 1306
1 5 1295 1416 1427 1306 1296 1417 1428 1307
1 5 1296 1417 1428 1307 1297 1418 1429 1308
1 5 1298 1419 1430 1309 1299 1420 1431 1310
1 5 1299 1420 1431 1310 1300 1421 1432 1311
1 5 1300 1421 1432 1311 1301 1422 1433 1312
1 5 1301 1422 1433 1312 1302 1423 1434 1313
1 5 1302 1423 1434 1313 1303 1424 1435 1314
1 5 1303 1424 1435 1314 1304 1425 1436 1315
1 5 1304 1425 1436 1315 1305 1426 1437 1316
1 5 1305 1426 1437 1316 1306 1427 1438 1317
1 5 1306 1427 1438 1317 1307 1428 1439 1318
1 5 1307 1428 1439 1318 1308 1429 1440 1319
1 5 1309 1430 1441 1320 1310 1431 1442 1321
1 5 1310 1431 1442 1321 1311 1432 1443 1322
1 5 1311 1432 1443 1322 1312 1433 1444 1323
1 5 1312 1433 1444 1323 1313 1434 1445 1324
1 5 1313 1434 1445 1324 1314 1435 1446 1325
1 5 1314 1435 1446 1325 1315 1436 1447 1326
1 5 1315 1436 1447 1326 1316 1437 1448 1327
1 5 1316 1437 1448 1327 1317 1438 1449 1328
1 5 1317 1438 1449 1328 1318 1439 1450 1329
1 5 1318 1439 1450 1329 1319 1440 1451 1330
1 5 1331 1452 1463 1342 1332 1453 1464 1343
1 5 1332 1453 1464 1343 1333 1454 1465 1344
1 5 1333 1454 1465 1344 1334 1455 1466 1345
1 5 1334 1455 1466 1345 1335 1456 1467 1346
1 5 1335 1456 1467 1346 1336 1457 1468 1347
1 5 1336 1457 1468 1347 1337 1458 1469 1348
1 5 1337 1458 1469 1348 1338 1459 1470 1349
1 5 1338 1459 1470 1349 1339 1460 1471 1350
1 5 1339 1460 1471 1350 1340 1461 1472 1351
1 5 1340 1461 1472 1351 1341 1462 1473 1352
1 5 1342 1463 1474 1353 1343 1464 1475 1354
1 5 1343 1464 1475 1354 1344 1465 1476 1355
1 5 1344 1465 1476 1355 1345 1466 1477 1356
1 5 1345 1466 1477 1356 1346 1467 1478 1357
1 5 1346 1467 1478 1357 1347 1468 1479 1358
1 5 1347 1468 1479 1358 1348 1469 1480 1359
1 5 1348 1469 1480 1359 1349 1470 1481 1360
1 5 1349 1470 1481 1360 1350 1471 1482 1361
1 5 1350 1471 1482 1361 1351 1472 1483 1362
1 5 1351 1472 1483 1362 1352 1473 1484 1363
1 5 1353 1474 1485 1364 1354 1475 1486 1365
1 5 1354 1475 1486 1365 1355 1476 1487 1366
1 5 1355 1476 1487 1366 1356 1477 1488 1367
1 5 1356 1477 1488 1367 1357 1478 1489 1368
1 5 1357 1478 1489 1368 1358 1479 1490 1369
1 5 1358 1479 1490 1369 1359 1480 1491 1370
1 5 1359 1480 1491 1370 1360 1481 1492 1371
1 5 1360 1481 1492 1371 1361 1482 1493 1372
1 5 1361 1482 1493 1372 1362 1483 1494 1373
1 5 1362 1483 1494 1373 1363 1484 1495 1374
1 5 1364 1485 1496 1375 1365 1486 1497 1376
1 5 1365 1486 1497 1376 1366 1487 1498 1377
1 5 1366 1487 1498 1377 1367 1488 1499 1378
1 5 1367 1488 1499 1378 1368 1489 1500 1379
1 5 1368 1489 1500 1379 1369 1490 1501 1380
1 5 1369 1490 1501 1380 1370 1491 1502 1381
1 5 1370 1491 1502 1381 1371 1492 1503 1382
1 5 1371 1492 1503 1382 1372 1493 1504 1383
1 5 1372 1493 1504 1383 1373 1494 1505 1384
1 5 1373 1494 1505 1384 1374 1495 1506 1385
1 5 1375 1496 1507 1386 1376 1497 1508 1387
1 5 1376 1497 1508 1387 1377 1498 1509 1388
1 5 1377 1498 1509 1388 1378 1499 1510 1389
1 5 1378 1499 1510 1389 1379 1500 1511 1390
1 5 1379 1500 1511 1390 1380 1501 1512 1391
1 5 1380 1501 1512 1391 1381 1502 1513 1392
1 5 1381 1502 1513 1392 1382 1503 1514 1393
1 5 1382 1503 1514 1393 1383 1504 1515 1394
1 5 1383 1504 1515 1394 1384 1505 1516 1395
1 5 1384 1505 1516 1395 1385 1506 1517 1396
1 5 1386 1507 1518 1397 1387 1508 1519 1398
1 5 1387 1508 1519 1398 1388 1509 1520 1399
1 5 1388 1509 1520 1399 1389 1510 1521 1400
1 5 1389 1510 1521 1400 1390 1511 1522 1401
1 5 1390 1511 1522 1401 1391 1512 1523 1402
1 5 1391 1512 1523 1402 1392 1513 1524 1403
1 5 1392 1513 1524 1403 1393 1514 1525 1404
1 5 1393 1514 1525 1404 1394 1515 1526 1405
1 5 1394 1515 1526 1405 1395 1516 1527 1406
1 5 1395 1516 1527 1406 1396 1517 1528 1407
1 5 1397 1518 1529 1408 1398 1519 1530 1409
1 5 1398 1519 1530 1409 1399 1520 1531 1410
1 5 1399 1520 1531 1410 1400 1521 1532 1411
1 5 1400 1521 1532 1411 1401 1522 1533 1412
1 5 1401 1522 1533 1412 1402 1523 1534 1413
1 5 1402 1523 1534 1413 1403 1524 1535 1414
1 5 1403 1524 1535 1414 1404 1525 1536 1415
1 5 1404 1525 1536 1415 1405 1526 1537 1416
1 5 1405 1526 1537 1416 1406 1527 1538 1417
1 5 1406 1527 1538 1417 1407 1528 1539 1418
1 5 1408 1529 1540 1419 1409 1530 1541 1420
1 5 1409 1530 1541 1420 1410 1531 1542 1421
1 5 1410 1531 1542 1421 1411 1532 1543 1422
1 5 1411 1532 1543 1422 1412 1533 1544 1423
1 5 1412 1533 1544 1423 1413 1534 1545 1424
1 5 1413 1534 1545 1424 1414 1535 1546 1425
1 5 1414 1535 1546 1425 1415 1536 1547 1426
1 5 1415 1536 1547 1426 1416 1537 1548 1427
1 5 1416 1537 1548 1427 1417 1538 1549 1428
1 5 1417 1538 1549 1428 1418 1539 1550 1429
1 5 1419 1540 1551 1430 1420 1541 1552 1431
1 5 1420 1541 1552 1431 1421 1542 1553 1432
1 5 1421 1542 1553 1432 1422 1543 1554 1433
1 5 1422 1543 1554 1433 1423 1544 1555 1434
1 5 1423 1544 1555 1434 1424 1545 1556 1435
1 5 1424 1545 1556 1435 1425 1546 1557 1436
1 5 1425 1546 1557 1436 1426 1547 1558 1437
1 5 1426 1547 1558 1437 1427 1548 1559 1438
1 5 1427 1548 1559 1438 1428 1549 1560 1439
1 5 1428 1549 1560 1439 1429 1550 1561 1440
1 5 1430 1551 1562 1441 1431 1552 1563 1442
1 5 1431 1552 1563 1442 1432 1553 1564 1443
1 5 1432 1553 1564 1443 1433 1554 1565 1444
1 5 1433 1554 1565 1444 1434 1555 1566 1445
1 5 1434 1555 1566 1445 1435 1556 1567 1446
1 5 1435 1556 1567 1446 1436 1557 1568 1447
1 5 1436 1557 1568 1447 1437 1558 1569 1448
1 5 1437 1558 1569 1448 1438 1559 1570 1449
1 5 1438 1559 1570 1449 1439 1560 1571 1450
1 5 1439 1560 1571 1450 1440 1561 1572 1451
1 5 1452 1573 1584 1463 1453 1574 1585 1464
1 5 1453 1574 1585 1464 1454 1575 1586 1465
1 5 1454 1575 1586 1465 1455 1576 1587 1466
1 5 1455 1576 1587 1466 1456 1577 1588 1467
1 5 1456 1577 1588 1467 1457 1578 1589 1468
1 5 1457 1578 1589 1468 1458 1579 1590 1469
1 5 1458 1579 1590 1469 1459 1580 1591 1470
1 5 1459 1580 1591 1470 1460 1581 1592 1471
1 5 1460 1581 1592 1471 1461 1582 1593 1472
1 5 1461 1582 1593 1472 1462 1583 1594 1473
1 5 1463 1584 1595 1474 1464 1585 1596 1475
1 5 1464 1585 1596 1475 1465 1586 1597 1476
1 5 1465 1586 1597 1476 1466 1587 1598 1477
1 5 1466 1587 1598 1477 1467 1588 1599 1478
1 5 1467 1588 1599 1478 1468 1589 1600 1479
1 5 1468 1589 1600 1479 1469 1590 1601 1480
1 5 1469 1590 1601 1480 1470 1591 1602 1481
1 5 1470 1591 1602 1481 1471 1592 1603 1482
1 5 1471 1592 1603 1482 1472 1593 1604 1483
1 5 1472 1593 1604 1483 1473 1594 1605 1484
1 5 1474 1595 1606 1485 1475 1596 1607 1486
1 5 1475 1596 1607 1486 1476 1597 1608 1487
1 5 1476 1597 1608 1487 1477 1598 1609 1488
1 5 1477 1598 1609 1488 1478 1599 1610 1489
1 5 1478 1599 1610 1489 1479 1600 1611 1490
1 5 1479 1600 1611 1490 1480 1601 1612 1491
1 5 1480 1601 1612 1491 1481 1602 1613 1492
1 5 1481 1602 1613 1492 1482 1603 1614 1493
1 5 1482 1603 1614 1493 1483 1604 1615 1494
1 5 1483 1604 1615 1494 1484 1605 1616 1495
1 5 1485 1606 1617 1496 1486 1607 1618 1497
1 5 1486 1607 1618 1497 1487 1608 1619 1498
1 5 1487 1608 1619 1498 1488 1609 1620 1499
1 5 1488 1609 1620 1499 1489 1610 1621 1500
1 5 1489 1610 1621 1500 1490 1611 1622 1501
1 5 1490 1611 1622 1501 1491 1612 1623 1502
1 5 1491 1612 1623 1502 1492 1613 1624 1503
1 5 1492 1613 1624 1503 1493 1614 1625 1504
1 5 1493 1614 1625 1504 1494 1615 1626 1505
1 5 1494 1615 1626 1505 1495 1616 1627 1506
1 5 1496 1617 1628 1507 1497 1618 1629 1508
1 5 1497 1618 1629 1508 1498 1619 1630 1509
1 5 1498 1619 1630 1509 1499 1620 1631 1510
1 5 1499 1620 1631 1510 1500 1621 1632 1511
1 5 1500 1621 1632 1511 1501 1622 1633 1512
1 5 1501 1622 1633 1512 1502 1623 1634 1513
1 5 1502 1623 1634 1513 1503 1624 1635 1514
1 5 1503 1624 1635 1514 1504 1625 1636 1515
1 5 1504 1625 1636 1515 1505 1626 1637 1516
1 5 1505 1626 1637 1516 1506 1627 1638 1517
1 5 1507 1628 1639 1518 1508 1629 1640 1519
1 5 1508 1629 1640 1519 1509 1630 1641 1520
1 5 1509 1630 1641 1520 1510 1631 1642 1521
1 5 1510 1631 1642 1521 1511 1632 1643 1522
1 5 1511 1632 1643 1522 1512 1633 1644 1523
1 5 1512 1633 1644 1523 1513 1634 1645 1524
1 5 1513 1634 1645 1524 1514 1635 1646 1525
1 5 1514 1635 1646 1525 1515 1636 1647 1526
1 5 1515 1636 1647 1526 1516 1637 1648 1527
1 5 1516 1637 1648 1527 1517 1638 1649 1528
1 5 1518 1639 1650 1529 1519 1640 1651 1530
1 5 1519 1640 1651 1530 1520 1641 1652 1531
1 5 1520 1641 1652 1531 1521 1642 1653 1532
1 5 1521 1642 1653 1532 1522 1643 1654 1533
1 5 1522 1643 1654 1533 1523 1644 1655 1534
1 5 1523 1644 1655 1534 1524 1645 1656 1535
1 5 1524 1645 1656 1535 1525 1646 1657 1536
1 5 1525 1646 1657 1536 1526 1647 1658 1537
1 5 1526 1647 1658 1537 1527 1648 1659 1538
1 5 1527 1648 1659 1538 1528 1649 1660 1539
1 5 1529 1650 1661 1540 1530 1651 1662 1541
1 5 1530 1651 1662 1541 1531 1652 1663 1542
1 5 1531 1652 1663 1542 1532 1653 1664 1543
1 5 1532 1653 1664 1543 1533 1654 1665 1544
1 5 1533 1654 1665 1544 1534 1655 1666 1545
1 5 1534 1655 1666 1545 1535 1656 1667 1546
1 5 1535 1656 1667 1546 1536 1657 1668 1547
1 5 1536 1657 1668 1547 1537 1658 1669 1548
1 5 1537 1658 1669 1548 1538 1659 1670 1549
1 5 1538 1659 1670 1549 1539 1660 1671 1550
1 5 1540 1661 1672 1551 1541 1662 1673 1552
1 5 1541 1662 1673 1552 1542 1663 1674 1553
1 5 1542 1663 1674 1553 1543 1664 1675 1554
1 5 1543 1664 1675 1554 1544 1665 1676 1555
1 5 1544 1665 1676 1555 1545 1666 1677 1556
1 5 1545 1666 1677 1556 1546 1667 1678 1557
1 5 1546 1667 1678 1557 1547 1668 1679 1558
1 5 1547 1668 1679 1558 1548 1669 1680 1559
1 5 1548 1669 1680 1559 1549 1670 1681 1560
1 5 1549 1670 1681 1560 1550 1671 1682 1561
1 5 1551 1672 1683 1562 1552 1673 1684 1563
1 5 1552 1673 1684 1563 1553 1674 1685 1564
1 5 1553 1674 1685 1564 1554 1675 1686 1565
1 5 1554 1675 1686 1565 1555 1676 1687 1566
1 5 1555 1676 1687 1566 1556 1677 1688 1567
1 5 1556 1677 1688 1567 1557 1678 1689 1568
1 5 1557 1678 1689 1568 1558 1679 1690 1569
1 5 1558 1679 1690 1569 1559 1680 1691 1570
1 5 1559 1680 1691 1570 1560 1681 1692 1571
1 5 1560 1681 1692 1571 1561 1682 1693 1572
1 5 1573 1694 1705 1584 1574 1695 1706 1585
1 5 1574 1695 1706 1585 1575 1696 1707 1586
1 5 1575 1696 1707 1586 1576 1697 1708 1587
1 5 1576 1697 1708 1587 1577 1698 1709 1588
1 5 1577 1698 1709 1588 1578 1699 1710 1589
1 5 1578 1699 1710 1589 1579 1700 1711 1590
1 5 1579 1700 1711 1590 1580 1701 1712 1591
1 5 1580 1701 1712 1591 1581 1702 1713 1592
1 5 1581 1702 1713 1592 1582 1703 1714 1593
1 5 1582 1703 1714 1593 1583 1704 1715 1594
1 5 1584 1705 1716 1595 1585 1706 1717 1596
1 5 1585 1706 1717 1596 1586 1707 1718 1597
1 5 1586 1707 1718 1597 1587 1708 1719 1598
1 5 1587 1708 1719 1598 1588 1709 1720 1599
1 5 1588 1709 1720 1599 1589 1710 1721 1600
1 5 1589 1710 1721 1600 1590 1711 1722 1601
1 5 1590 1711 1722 1601 1591 1712 1723 1602
1 5 1591 1712 1723 1602 1592 1713 1724 1603
1 5 1592 1713 1724 1603 1593 1714 1725 1604
1 5 1593 1714 1725 1604 1594 1715 1726 1605
1 5 1595 1716 1727 1606 1596 1717 1728 1607
1 5 1596 1717 1728 1607 1597 1718 1729 1608
1 5 1597 1718 1729 1608 1598 1719 1730 1609
1 5 1598 1719 1730 1609 1599 1720 1731 1610
1 5 1599 1720 1731 1610 1600 1721 1732 1611
1 5 1600 1721 1732 1611 1601 1722 1733 1612
1 5 1601 1722 1733 1612 1602 1723 1734 1613
1 5 1602 1723 1734 1613 1603 1724 1735 1614
1 5 1603 1724 1735 1614 1604 1725 1736 1615
1 5 1604 1725 1736 1615 1605 1726 1737 1616
1 5 1606 1727 1738 1617 1607 1728 1739 1618
1 5 1607 1728 1739 1618 1608 1729 1740 1619
1 5 1608 1729 1740 1619 1609 1730 1741 1620
1 5 1609 1730 1741 1620 1610 1731 1742 1621
1 5 1610 1731 1742 1621 1611 1732 1743 1622
1 5 1611 1732 1743 1622 1612 1733 1744 1623
1 5 1612 1733 1744 1623 1613 1734 1745 1624
1 5 1613 1734 1745 1624 1614 1735 1746 1625
1 5 1614 1735 1746 1625 1615 1736 1747 1626
1 5 1615 1736 1747 1626 1616 1737 1748 1627
1 5 1617 1738 1749 1628 1618 1739 1750 1629
1 5 1618 1739 1750 1629 1619 1740 1751 1630
1 5 1619 1740 1751 1630 1620 1741 1752 1631
1 5 1620 1741 1752 1631 1621 1742 1753 1632
1 5 1621 1742 1753 1632 1622 1743 1754 1633
1 5 1622 1743 1754 1633 1623 1744 1755 1634
1 5 1623 1744 1755 1634 1624 1745 1756 1635
1 5 1624 1745 1756 1635 1625 1746 1757 1636
1 5 1625 1746 1757 1636 1626 1747 1758 1637
1 5 1626 1747 1758 1637 1627 1748 1759 1638
1 5 1628 1749 1760 1639 1629 1750 1761 1640
1 5 1629 1750 1761 1640 1630 1751 1762 1641
1 5 1630 1751 1762 1641 1631 1752 1763 1642
1 5 1631 1752 1763 1642 1632 1753 1764 1643
1 5 1632 1753 1764 1643 1633 1754 1765 1644
1 5 1633 1754 1765 1644 1634 1755 1766 1645
1 5 1634 1755 1766 1645 1635 1756 1767 1646
1 5 1635 1756 1767 1646 1636 1757 1768 1647
1 5 1636 1757 1768 1647 1637 1758 1769 1648
1 5 1637 1758 1769 1648 1638 1759 1770 1649
1 5 1639 1760 1771 1650 1640 1761 1772 1651
1 5 1640 1761 1772 1651 1641 1762 1773 1652
1 5 1641 1762 1773 1652 1642 1763 1774 1653
1 5 1642 1763 1774 1653 1643 1764 1775 1654
1 5 1643 1764 1775 1654 1644 1765 1776 1655
1 5 1644 1765 1776 1655 1645 1766 1777 1656
1 5 1645 1766 1777 1656 1646 1767 1778 1657
1 5 1646 1767 1778 1657 1647 1768 1779 1658
1 5 1647 1768 1779 1658 1648 1769 1780 1659
1 5 1648 1769 1780 1659 1649 1770 1781 1660
1 5 1650 1771 1782 1661 1651 1772 1783 1662
1 5 1651 1772 1783 1662 1652 1773 1784 1663
1 5 1652 1773 1784 1663 1653 1774 1785 1664
1 5 1653 1774 1785 1664 1654 1775 1786 1665
1 5 1654 1775 1786 1665 1655 1776 1787 1666
1 5 1655 1776 1787 1666 1656 1777 1788 1667
1 5 1656 1777 1788 1667 1657 1778 1789 1668
1 5 1657 1778 1789 1668 1658 1779 1790 1669
1 5 1658 1779 1790 1669 1659 1780 1791 1670
1 5 1659 1780 1791 1670 1660 1781 1792 1671
1 5 1661 1782 1793 1672 1662 1783 1794 1673
1 5 1662 1783 1794 1673 1663 1784 1795 1674
1 5 1663 1784 1795 1674 1664 1785 1796 1675
1 5 1664 1785 1796 1675 1665 1786 1797 1676
1 5 1665 1786 1797 1676 1666 1787 1798 1677
1 5 1666 1787 1798 1677 1667 1788 1799 1678
1 5 1667 1788 1799 1678 1668 1789 1800 1679
1 5 1668 1789 1800 1679 1669 1790 1801 1680
1 5 1669 1790 1801 1680 1670 1791 1802 1681
1 5 1670 1791 1802 1681 1671 1792 1803 1682
1 5 1672 1793 1804 1683 1673 1794 1805 1684
1 5 1673 1794 1805 1684 1674 1795 1806 1685
1 5 1674 1795 1806 1685 1675 1796 1807 1686
1 5 1675 1796 1807 1686 1676 1797 1808 1687
1 5 1676 1797 1808 1687 1677 1798 1809 1688
1 5 1677 1798 1809 1688 1678 1799 1810 1689
1 5 1678 1799 1810 1689 1679 1800 1811 1690
1 5 1679 1800 1811 1690 1680 1801 1812 1691
1 5 1680 1801 1812 1691 1681 1802 1813 1692
1 5 1681 1802 1813 1692 1682 1803 1814 1693
1 5 1694 1815 1826 1705 1695 1816 1827 1706
1 5 1695 1816 1827 1706 1696 1817 1828 1707
1 5 1696 1817 1828 1707 1697 1818 1829 1708
1 5 1697 1818 1829 1708 1698 1819 1830 1709
1 5 1698 1819 1830 1709 1699 1820 1831 1710
1 5 1699 1820 1831 1710 1700 1821 1832 1711
1 5 1700 1821 1832 1711 1701 1822 1833 1712
1 5 1701 1822 1833 1712 1702 1823 1834 1713
1 5 1702 1823 1834 1713 1703 1824 1835 1714
1 5 1703 1824 1835 1714 1704 1825 1836 1715
1 5 1705 1826 1837 1716 1706 1827 1838 1717
1 5 1706 1827 1838 1717 1707 1828 1839 1718
1 5 1707 1828 1839 1718 1708 1829 1840 1719
1 5 1708 1829 1840 1719 1709 1830 1841 1720
1 5 1709 1830 1841 1720 1710 1831 1842 1721
1 5 1710 1831 1842 1721 1711 1832 1843 1722
1 5 1711 1832 1843 1722 1712 1833 1844 1723
1 5 1712 1833 1844 1723 1713 1834 1845 1724
1 5 1713 1834 1845 1724 1714 1835 1846 1725
1 5 1714 1835 1846 1725 1715 1836 1847 1726
1 5 1716 1837 1848 1727 1717 1838 1849 1728
1 5 1717 1838 1849 1728 1718 1839 1850 1729
1 5 1718 1839 1850 1729 1719 1840 1851 1730
1 5 1719 1840 1851 1730 1720 1841 1852 1731
1 5 1720 1841 1852 1731 1721 1842 1853 1732
1 5 1721 1842 1853 1732 1722 1843 1854 1733
1 5 1722 1843 1854 1733 1723 1844 1855 1734
1 5 1723 1844 1855 1734 1724 1845 1856 1735
1 5 1724 1845 1856 1735 1725 1846 1857 1736
1 5 1725 1846 1857 1736 1726 1847 1858 1737
1 5 1727 1848 1859 1738 1728 1849 1860 1739
1 5 1728 1849 1860 1739 1729 1850 1861 1740
1 5 1729 1850 1861 1740 1730 1851 1862 1741
1 5 1730 1851 1862 1741 1731 1852 1863 1742
1 5 1731 1852 1863 1742 1732 1853 1864 1743
1 5 1732 1853 1864 1743 1733 1854 1865 1744
1 5 1733 1854 1865 1744 1734 1855 1866 1745
1 5 1734 1855 1866 1745 1735 1856 1867 1746
1 5 1735 1856 1867 1746 1736 1857 1868 1747
1 5 1736 1857 1868 1747 1737 1858 1869 1748
1 5 1738 1859 1870 1749 1739 1860 1871 1750
1 5 1739 1860 1871 1750 1740 1861 1872 1751
1 5 1740 1861 1872 1751 1741 1862 1873 1752
1 5 1741 1862 1873 1752 1742 1863 1874 1753
1 5 1742 1863 1874 1753 1743 1864 1875 1754
1 5 1743 1864 1875 1754 1744 1865 1876 1755
1 5 1744 1865 1876 1755 1745 1866 1877 1756
1 5 1745 1866 1877 1756 1746 1867 1878 1757
1 5 1746 1867 1878 1757 1747 1868 1879 1758
1 5 1747 1868 1879 1758 1748 1869 1880 1759
1 5 1749 1870 1881 1760 1750 1871 1882 1761
1 5 1750 1871 1882 1761 1751 1872 1883 1762
1 5 1751 1872 1883 1762 1752 1873 1884 1763
1 5 1752 1873 1884 1763 1753 1874 1885 1764
1 5 1753 1874 1885 1764 1754 1875 1886 1765
1 5 1754 1875 1886 1765 1755 1876 1887 1766
1 5 1755 1876 1887 1766 1756 1877 1888 1767
1 5 1756 1877 1888 1767 1757 1878 1889 1768
1 5 1757 1878 1889 1768 1758 1879 1890 1769
1 5 1758 1879 1890 1769 1759 1880 1891 1770
1 5 1760 1881 1892 1771 1761 1882 1893 1772
1 5 1761 1882 1893 1772 1762 1883 1894 1773
1 5 1762 1883 1894 1773 1763 1884 1895 1774
1 5 1763 1884 1895 1774 1764 1885 1896 1775
1 5 1764 1885 1896 1775 1765 1886 1897 1776
1 5 1765 1886 1897 1776 1766 1887 1898 1777
1 5 1766 1887 1898 1777 1767 1888 1899 1778
1 5 1767 1888 1899 1778 1768 1889 1900 1779
1 5 1768 1889 1900 1779 1769 1890 1901 1780
1 5 1769 1890 1901 1780 1770 1891 1902 1781
1 5 1771 1892 1903 1782 1772 1893 1904 1783
1 5 1772 1893 1904 1783 1773 1894 1905 1784
1 5 1773 1894 1905 1784 1774 1895 1906 1785
1 5 1774 1895 1906 1785 1775 1896 1907 1786
1 5 1775 1896 1907 1786 1776 1897 1908 1787
1 5 1776 1897 1908 1787 1777 1898 1909 1788
1 5 1777 1898 1909 1788 1778 1899 1910 1789
1 5 1778 1899 1910 1789 1779 1900 1911 1790
1 5 1779 1900 1911 1790 1780 1901 1912 1791
1 5 1780 1901 1912 1791 1781 1902 1913 1792
1 5 1782 1903 1914 1793 1783 1904 1915 1794
1 5 1783 1904 1915 1794 1784 1905 1916 1795
1 5 1784 1905 1916 1795 1785 1906 1917 1796
1 5 1785 1906 1917 1796 1786 1907 1918 1797
1 5 1786 1907 1918 1797 1787 1908 1919 1798
1 5 1787 1908 1919 1798 1788 1909 1920 1799
1 5 1788 1909 1920 1799 1789 1910 1921 1800
1 5 1789 1910 1921 1800 1790 1911 1922 1801
1 5 1790 1911 1922 1801 1791 1912 1923 1802
1 5 1791 1912 1923 1802 1792 1913 1924 1803
1 5 1793 1914 1925 1804 1794 1915 1926 1805
1 5 1794 1915 1926 1805 1795 1916 1927 1806
1 5 1795 1916 1927 1806 1796 1917 1928 1807
1 5 1796 1917 1928 1807 1797 1918 1929 1808
1 5 1797 1918 1929 1808 1798 1919 1930 1809
1 5 1798 1919 1930 1809 1799 1920 1931 1810
1 5 1799 1920 1931 1810 1800 1921 1932 1811
1 5 1800 1921 1932 1811 1801 1922 1933 1812
1 5 1801 1922 1933 1812 1802 1923 1934 1813
1 5 1802 1923 1934 1813 1803 1924 1935 1814
1 5 1815 1936 1947 1826 1816 1937 1948 1827
1 5 1816 1937 1948 1827 1817 1938 1949 1828
1 5 1817 1938 1949 1828 1818 1939 1950 1829
1 5 1818 1939 1950 1829 1819 1940 1951 1830
1 5 1819 1940 1951 1830 1820 1941 1952 1831
1 5 1820 1941 1952 1831 1821 1942 1953 1832
1 5 1821 1942 1953 1832 1822 1943 1954 1833
1 5 1822 1943 1954 1833 1823 1944 1955 1834
1 5 1823 1944 1955 1834 1824 1945 1956 1835
1 5 1824 1945 1956 1835 1825 1946 1957 1836
1 5 1826 1947 1958 1837 1827 1948 1959 1838
1 5 1827 1948 1959 1838 1828 1949 1960 1839
1 5 1828 1949 1960 1839 1829 1950 1961 1840
1 5 1829 1950 1961 1840 1830 1951 1962 1841
1 5 1830 1951 1962 1841 1831 1952 1963 1842
1 5 1831 1952 1963 1842 1832 1953 1964 1843
1 5 1832 1953 1964 1843 1833 1954 1965 1844
1 5 1833 1954 1965 1844 1834 1955 1966 1845
1 5 1834 1955 1966 1845 1835 1956 1967 1846
1 5 1835 1956 1967 1846 1836 1957 1968 1847
1 5 1837 1958 1969 1848 1838 1959 1970 1849
1 5 1838 1959 1970 1849 1839 1960 1971 1850
1 5 1839 1960 1971 1850 1840 1961 1972 1851
1 5 1840 1961 1972 1851 1841 1962 1973 1852
1 5 1841 1962 1973 1852 1842 1963 1974 1853
1 5 1842 1963 1974 1853 1843 1964 1975 1854
1 5 1843 1964 1975 1854 1844 1965 1976 1855
1 5 1844 1965 1976 1855 1845 1966 1977 1856
1 5 1845 1966 1977 1856 1846 1967 1978 1857
1 5 1846 1967 1978 1857 1847 1968 1979 1858
1 5 1848 1969 1980 1859 1849 1970 1981 1860
1 5 1849 1970 1981 1860 1850 1971 1982 1861
1 5 1850 1971 1982 1861 1851 1972 1983 1862
1 5 1851 1972 1983 1862 1852 1973 1984 1863
1 5 1852 1973 1984 1863 1853 1974 1985 1864
1 5 1853 1974 1985 1864 1854 1975 1986 1865
1 5 1854 1975 1986 1865 1855 1976 1987 1866
1 5 1855 1976 1987 1866 1856 1977 1988 1867
1 5 1856 1977 1988 1867 1857 1978 1989 1868
1 5 1857 1978 1989 1868 1858 1979 1990 1869
1 5 1859 1980 1991 1870 1860 1981 1992 1871
1 5 1860 1981 1992 1871 1861 1982 1993 1872
1 5 1861 1982 1993 1872 1862 1983 1994 1873
1 5 1862 1983 1994 1873 1863 1984 1995 1874
1 5 1863 1984 1995 1874 1864 1985 1996 1875
1 5 1864 1985 1996 1875 1865 1986 1997 1876
1 5 1865 1986 1997 1876 1866 1987 1998 1877
1 5 1866 1987 1998 1877 1867 1988 1999 1878
1 5 1867 1988 1999 1878 1868 1989 2000 1879
1 5 1868 1989 2000 1879 1869 1990 2001 1880
1 5 1870 1991 2002 1881 1871 1992 2003 1882
1 5 1871 1992 2003 1882 1872 1993 2004 1883
1 5 1872 1993 2004 1883 1873 1994 2005 1884
1 5 1873 1994 2005 1884 1874 1995 2006 1885
1 5 1874 1995 2006 1885 1875 1996 2007 1886
1 5 1875 1996 2007 1886 1876 1997 2008 1887
1 5 1876 1997 2008 1887 1877 1998 2009 1888
1 5 1877 1998 2009 1888 1878 1999 2010 1889
1 5 1878 1999 2010 1889 1879 2000 2011 1890
1 5 1879 2000 2011 1890 1880 2001 2012 1891
1 5 1881 2002 2013 1892 1882 2003 2014 1893
1 5 1882 2003 2014 1893 1883 2004 2015 1894
1 5 1883 2004 2015 1894 1884 2005 2016 1895
1 5 1884 2005 2016 1895 1885 2006 2017 1896
1 5 1885 2006 2017 1896 1886 2007 2018 1897
1 5 1886 2007 2018 1897 1887 2008 2019 1898
1 5 1887 2008 2019 1898 1888 2009 2020 1899
1 5 1888 2009 2020 1899 1889 2010 2021 1900
1 5 1889 2010 2021 1900 1890 2011 2022 1901
1 5 1890 2011 2022 1901 1891 2012 2023 1902
1 5 1892 2013 2024 1903 1893 2014 2025 1904
1 5 1893 2014 2025 1904 1894 2015 2026 1905
1 5 1894 2015 2026 1905 1895 2016 2027 1906
1 5 1895 2016 2027 1906 1896 2017 2028 1907
1 5 1896 2017 2028 1907 1897 2018 2029 1908
1 5 1897 2018 2029 1908 1898 2019 2030 1909
1 5 1898 2019 2030 1909 1899 2020 2031 1910
1 5 1899 2020 2031 1910 1900 2021 2032 1911
1 5 1900 2021 2032 1911 1901 2022 2033 1912
1 5 1901 2022 2033 1912 1902 2023 2034 1913
1 5 1903 2024 2035 1914 1904 2025 2036 1915
1 5 1904 2025 2036 1915 1905 2026 2037 1916
1 5 1905 2026 2037 1916 1906 2027 2038 1917
1 5 1906 2027 2038 1917 1907 2028 2039 1918
1 5 1907 2028 2039 1918 1908 2029 2040 1919
1 5 1908 2029 2040 1919 1909 2030 2041 1920
1 5 1909 2030 2041 1920 1910 2031 2042 1921
1 5 1910 2031 2042 1921 1911 2032 2043 1922
1 5 1911 2032 2043 1922 1912 2033 2044 1923
1 5 1912 2033 2044 1923 1913 2034 2045 1924
1 5 1914 2035 2046 1925 1915 2036 2047 1926
1 5 1915 2036 2047 1926 1916 2037 2048 1927
1 5 1916 2037 2048 1927 1917 2038 2049 1928
1 5 1917 2038 2049 1928 1918 2039 2050 1929
1 5 1918 2039 2050 1929 1919 2040 2051 1930
1 5 1919 2040 2051 1930 1920 2041 2052 1931
1 5 1920 2041 2052 1931 1921 2042 2053 1932
1 5 1921 2042 2053 1932 1922 2043 2054 1933
1 5 1922 2043 2054 1933 1923 2044 2055 1934
1 5 1923 2044 2055 1934 1924 2045 2056 1935
1 5 1936 2057 2068 1947 1937 2058 2069 1948
1 5 1937 2058 2069 1948 1938 2059 2070 1949
1 5 1938 2059 2070 1949 1939 2060 2071 1950
1 5 1939 2060 2071 1950 1940 2061 2072 1951
1 5 1940 2061 2072 1951 1941 2062 2073 1952
1 5 1941 2062 2073 1952 1942 2063 2074 1953
1 5 1942 2063 2074 1953 1943 2064 2075 1954
1 5 1943 2064 2075 1954 1944 2065 2076 1955
1 5 1944 2065 2076 1955 1945 2066 2077 1956
1 5 1945 2066 2077 1956 1946 2067 2078 1957
1 5 1947 2068 2079 1958 1948 2069 2080 1959
1 5 1948 2069 2080 1959 1949 2070 2081 1960
1 5 1949 2070 2081 1960 1950 2071 2082 1961
1 5 1950 2071 2082 1961 1951 2072 2083 1962
1 5 1951 2072 2083 1962 1952 2073 2084 1963
1 5 1952 2073 2084 1963 1953 2074 2085 1964
1 5 1953 2074 2085 1964 1954 2075 2086 1965
1 5 1954 2075 2086 1965 1955 2076 2087 1966
1 5 1955 2076 2087 1966 1956 2077 2088 1967
1 5 1956 2077 2088 1967 1957 2078 2089 1968
1 5 1958 2079 2090 1969 1959 2080 2091 1970
1 5 1959 2080 2091 1970 1960 2081 2092 1971
1 5 1960 2081 2092 1971 1961 2082 2093 1972
1 5 1961 2082 2093 1972 1962 2083 2094 1973
1 5 1962 2083 2094 1973 1963 2084 2095 1974
1 5 1963 2084 2095 1974 1964 2085 2096 1975
1 5 1964 2085 2096 1975 1965 2086 2097 1976
1 5 1965 2086 2097 1976 1966 2087 2098 1977
1 5 1966 2087 2098 1977 1967 2088 2099 1978
1 5 1967 2088 2099 1978 1968 2089 2100 1979
1 5 1969 2090 2101 1980 1970 2091 2102 1981
1 5 1970 2091 2102 1981 1971 2092 2103 1982
1 5 1971 2092 2103 1982 1972 2093 2104 1983
1 5 1972 2093 2104 1983 1973 2094 2105 1984
1 5 1973 2094 2105 1984 1974 2095 2106 1985
1 5 1974 2095 2106 1985 1975 2096 2107 1986
1 5 1975 2096 2107 1986 1976 2097 2108 1987
1 5 1976 2097 2108 1987 1977 2098 2109 1988
1 5 1977 2098 2109 1988 1978 2099 2110 1989
1 5 1978 2099 2110 1989 1979 2100 2111 1990
1 5 1980 2101 2112 1991 1981 2102 2113 1992
1 5 1981 2102 2113 1992 1982 2103 2114 1993
1 5 1982 2103 2114 1993 1983 2104 2115 1994
1 5 1983 2104 2115 1994 1984 2105 2116 1995
1 5 1984 2105 2116 1995 1985 2106 2117 1996
1 5 1985 2106 2117 1996 1986 2107 2118 1997
1 5 1986 2107 2118 1997 1987 2108 2119 1998
1 5 1987 2108 2119 1998 1988 2109 2120 1999
1 5 1988 2109 2120 1999 1989 2110 2121 2000
1 5 1989 2110 2121 2000 1990 2111 2122 2001
1 5 1991 2112 2123 2002 1992 2113 2124 2003
1 5 1992 2113 2124 2003 1993 2114 2125 2004
1 5 1993 2114 2125 2004 1994 2115 2126 2005
1 5 1994 2115 2126 2005 1995 2116 2127 2006
1 5 1995 2116 2127 2006 1996 2117 2128 2007
1 5 1996 2117 2128 2007 1997 2118 2129 2008
1 5 1997 2118 2129 2008 1998 2119 2130 2009
1 5 1998 2119 2130 2009 1999 2120 2131 2010
1 5 1999 2120 2131 2010 2000 2121 2132 2011
1 5 2000 2121 2132 2011 2001 2122 2133 2012
1 5 2002 2123 2134 2013 2003 2124 2135 2014
1 5 2003 2124 2135 2014 2004 2125 2136 2015
1 5 2004 2125 2136 2015 2005 2126 2137 2016
1 5 2005 2126 2137 2016 2006 2127 2138 2017
1 5 2006 2127 2138 2017 2007 2128 2139 2018
1 5 2007 2128 2139 2018 2008 2129 2140 2019
1 5 2008 2129 2140 2019 2009 2130 2141 2020
1 5 2009 2130 2141 2020 2010 2131 2142 2021
1 5 2010 2131 2142 2021 2011 2132 2143 2022
1 5 2011 2132 2143 2022 2012 2133 2144 2023
1 5 2013 2134 2145 2024 2014 2135 2146 2025
1 5 2014 2135 2146 2025 2015 2136 2147 2026
1 5 2015 2136 2147 2026 2016 2137 2148 2027
1 5 2016 2137 2148 2027 2017 2138 2149 2028
1 5 2017 2138 2149 2028 2018 2139 2150 2029
1 5 2018 2139 2150 2029 2019 2140 2151 2030
1 5 2019 2140 2151 2030 2020 2141 2152 2031
1 5 2020 2141 2152 2031 2021 2142 2153 2032
1 5 2021 2142 2153 2032 2022 2143 2154 2033
1 5 2022 2143 2154 2033 2023 2144 2155 2034
1 5 2024 2145 2156 2035 2025 2146 2157 2036
1 5 2025 2146 2157 2036 2026 2147 2158 2037
1 5 2026 2147 2158 2037 2027 2148 2159 2038
1 5 2027 2148 2159 2038 2028 2149 2160 2039
1 5 2028 2149 2160 2039 2029 2150 2161 2040
1 5 2029 2150 2161 2040 2030 2151 2162 2041
1 5 2030 2151 2162 2041 2031 2152 2163 2042
1 5 2031 2152 2163 2042 2032 2153 2164 2043
1 5 2032 2153 2164 2043 2033 2154 2165 2044
1 5 2033 2154 2165 2044 2034 2155 2166 2045
1 5 2035 2156 2167 2046 2036 2157 2168 2047
1 5 2036 2157 2168 2047 2037 2158 2169 2048
1 5 2037 2158 2169 2048 2038 2159 2170 2049
1 5 2038 2159 2170 2049 2039 2160 2171 2050
1 5 2039 2160 2171 2050 2040 2161 2172 2051
1 5 2040 2161 2172 2051 2041 2162 2173 2052
1 5 2041 2162 2173 2052 2042 2163 2174 2053
1 5 2042 2163 2174 2053 2043 2164 2175 2054
1 5 2043 2164 2175 2054 2044 2165 2176 2055
1 5 2044 2165 2176 2055 2045 2166 2177 2056
1 5 2057 2178 2189 2068 2058 2179 2190 2069
1 5 2058 2179 2190 2069 2059 2180 2191 2070
1 5 2059 2180 2191 2070 2060 2181 2192 2071
1 5 2060 2181 2192 2071 2061 2182 2193 2072
1 5 2061 2182 2193 2072 2062 2183 2194 2073
1 5 2062 2183 2194 2073 2063 2184 2195 2074
1 5 2063 2184 2195 2074 2064 2185 2196 2075
1 5 2064 2185 2196 2075 2065 2186 2197 2076
1 5 2065 2186 2197 2076 2066 2187 2198 2077
1 5 2066 2187 2198 2077 2067 2188 2199 2078
1 5 2068 2189 2200 2079 2069 2190 2201 2080
1 5 2069 2190 2201 2080 2070 2191 2202 2081
1 5 2070 2191 2202 2081 2071 2192 2203 2082
1 5 2071 2192 2203 2082 2072 2193 2204 2083
1 5 2072 2193 2204 2083 2073 2194 2205 2084
1 5 2073 2194 2205 2084 2074 2195 2206 2085
1 5 2074 2195 2206 2085 2075 2196 2207 2086
1 5 2075 2196 2207 2086 2076 2197 2208 2087
1 5 2076 2197 2208 2087 2077 2198 2209 2088
1 5 2077 2198 2209 2088 2078 2199 2210 2089
1 5 2079 2200 2211 2090 2080 2201 2212 2091
1 5 2080 2201 2212 2091 2081 2202 2213 2092
1 5 2081 2202 2213 2092 2082 2203 2214 2093
1 5 2082 2203 2214 2093 2083 2204 2215 2094
1 5 2083 2204 2215 2094 2084 2205 2216 2095
1 5 2084 2205 2216 2095 2085 2206 2217 2096
1 5 2085 2206 2217 2096 2086 2207 2218 2097
1 5 2086 2207 2218 2097 2087 2208 2219 2098
1 5 2087 2208 2219 2098 2088 2209 2220 2099
1 5 2088 2209 2220 2099 2089 2210 2221 2100
1 5 2090 2211 2222 2101 2091 2212 2223 2102
1 5 2091 2212 2223 2102 2092 2213 2224 2103
1 5 2092 2213 2224 2103 2093 2214 2225 2104
1 5 2093 2214 2225 2104 2094 2215 2226 2105
1 5 2094 2215 2226 2105 2095 2216 2227 2106
1 5 2095 2216 2227 2106 2096 2217 2228 2107
1 5 2096 2217 2228 2107 2097 2218 2229 2108
1 5 2097 2218 2229 2108 2098 2219 2230 2109
1 5 2098 2219 2230 2109 2099 2220 2231 2110
1 5 2099 2220 2231 2110 2100 2221 2232 2111
1 5 2101 2222 2233 2112 2102 2223 2234 2113
1 5 2102 2223 2234 2113 2103 2224 2235 2114
1 5 2103 2224 2235 2114 2104 2225 2236 2115
1 5 2104 2225 2236 2115 2105 2226 2237 2116
1 5 2105 2226 2237 2116 2106 2227 2238 2117
1 5 2106 2227 2238 2117 2107 2228 2239 2118
1 5 2107 2228 2239 2118 2108 2229 2240 2119
1 5 2108 2229 2240 2119 2109 2230 2241 2120
1 5 2109 2230 2241 2120 2110 2231 2242 2121
1 5 2110 2231 2242 2121 2111 2232 2243 2122
1 5 2112 2233 2244 2123 2113 2234 2245 2124
1 5 2113 2234 2245 2124 2114 2235 2246 2125
1 5 2114 2235 2246 2125 2115 2236 2247 2126
1 5 2115 2236 2247 2126 2116 2237 2248 2127
1 5 2116 2237 2248 2127 2117 2238 2249 2128
1 5 2117 2238 2249 2128 2118 2239 2250 2129
1 5 2118 2239 2250 2129 2119 2240 2251 2130
1 5 2119 2240 2251 2130 2120 2241 2252 2131
1 5 2120 2241 2252 2131 2121 2242 2253 2132
1 5 2121 2242 2253 2132 2122 2243 2254 2133
1 5 2123 2244 2255 2134 2124 2245 2256 2135
1 5 2124 2245 2256 2135 2125 2246 2257 2136
1 5 2125 2246 2257 2136 2126 2247 2258 2137
1 5 2126 2247 2258 2137 2127 2248 2259 2138
1 5 2127 2248 2259 2138 2128 2249 2260 2139
1 5 2128 2249 2260 2139 2129 2250 2261 2140
1 5 2129 2250 2261 2140 2130 2251 2262 2141
1 5 2130 2251 2262 2141 2131 2252 2263 2142
1 5 2131 2252 2263 2142 2132 2253 2264 2143
1 5 2132 2253 2264 2143 2133 2254 2265 2144
1 5 2134 2255 2266 2145 2135 2256 2267 2146
1 5 2135 2256 2267 2146 2136 2257 2268 2147
1 5 2136 2257 2268 2147 2137 2258 2269 2148
1 5 2137 2258 2269 2148 2138 2259 2270 2149
1 5 2138 2259 2270 2149 2139 2260 2271 2150
1 5 2139 2260 2271 2150 2140 2261 2272 2151
1 5 2140 2261 2272 2151 2141 2262 2273 2152
1 5 2141 2262 2273 2152 2142 2263 2274 2153
1 5 2142 2263 2274 2153 2143 2264 2275 2154
1 5 2143 2264 2275 2154 2144 2265 2276 2155
1 5 2145 2266 2277 2156 2146 2267 2278 2157
1 5 2146 2267 2278 2157 2147 2268 2279 2158
1 5 2147 2268 2279 2158 2148 2269 2280 2159
1 5 2148 2269 2280 2159 2149 2270 2281 2160
1 5 2149 2270 2281 2160 2150 2271 2282 2161
1 5 2150 2271 2282 2161 2151 2272 2283 2162
1 5 2151 2272 2283 2162 2152 2273 2284 2163
1 5 2152 2273 2284 2163 2153 2274 2285 2164
1 5 2153 2274 2285 2164 2154 2275 2286 2165
1 5 2154 2275 2286 2165 2155 2276 2287 2166
1 5 2156 2277 2288 2167 2157 2278 2289 2168
1 5 2157 2278 2289 2168 2158 2279 2290 2169
1 5 2158 2279 2290 2169 2159 2280 2291 2170
1 5 2159 2280 2291 2170 2160 2281 2292 2171
1 5 2160 2281 2292 2171 2161 2282 2293 2172
1 5 2161 2282 2293 2172 2162 2283 2294 2173
1 5 2162 2283 2294 2173 2163 2284 2295 2174
1 5 2163 2284 2295 2174 2164 2285 2296 2175
1 5 2164 2285 2296 2175 2165 2286 2297 2176
1 5 2165 2286 2297 2176 2166 2287 2298 2177
1 5 2178 2299 2310 2189 2179 2300 2311 2190
1 5 2179 2300 2311 2190 2180 2301 2312 2191
1 5 2180 2301 2312 2191 2181 2302 2313 2192
1 5 2181 2302 2313 2192 2182 2303 2314 2193
1 5 2182 2303 2314 2193 2183 2304 2315 2194
1 5 2183 2304 2315 2194 2184 2305 2316 2195
1 5 2184 2305 2316 2195 2185 2306 2317 2196
1 5 2185 2306 2317 2196 2186 2307 2318 2197
1 5 2186 2307 2318 2197 2187 2308 2319 2198
1 5 2187 2308 2319 2198 2188 2309 2320 2199
1 5 2189 2310 2321 2200 2190 2311 2322 2201
1 5 2190 2311 2322 2201 2191 2312 2323 2202
1 5 2191 2312 2323 2202 2192 2313 2324 2203
1 5 2192 2313 2324 2203 2193 2314 2325 2204
1 5 2193 2314 2325 2204 2194 2315 2326 2205
1 5 2194 2315 2326 2205 2195 2316 2327 2206
1 5 2195 2316 2327 2206 2196 2317 2328 2207
1 5 2196 2317 2328 2207 2197 2318 2329 2208
1 5 2197 2318 2329 2208 2198 2319 2330 2209
1 5 2198 2319 2330 2209 2199 2320 2331 2210
1 5 2200 2321 2332 2211 2201 2322 2333 2212
1 5 2201 2322 2333 2212 2202 2323 2334 2213
1 5 2202 2323 2334 2213 2203 2324 2335 2214
1 5 2203 2324 2335 2214 2204 2325 2336 2215
1 5 2204 2325 2336 2215 2205 2326 2337 2216
1 5 2205 2326 2337 2216 2206 2327 2338 2217
1 5 2206 2327 2338 2217 2207 2328 2339 2218
1 5 2207 2328 2339 2218 2208 2329 2340 2219
1 5 2208 2329 2340 2219 2209 2330 2341 2220
1 5 2209 2330 2341 2220 2210 2331 2342 2221
1 5 2211 2332 2343 2222 2212 2333 2344 2223
1 5 2212 2333 2344 2223 2213 2334 2345 2224
1 5 2213 2334 2345 2224 2214 2335 2346 2225
1 5 2214 2335 2346 2225 2215 2336 2347 2226
1 5 2215 2336 2347 2226 2216 2337 2348 2227
1 5 2216 2337 2348 2227 2217 2338 2349 2228
1 5 2217 2338 2349 2228 2218 2339 2350 2229
1 5 2218 2339 2350 2229 2219 2340 2351 2230
1 5 2219 2340 2351 2230 2220 2341 2352 2231
1 5 2220 2341 2352 2231 2221 2342 2353 2232
1 5 2222 2343 2354 2233 2223 2344 2355 2234
1 5 2223 2344 2355 2234 2224 2345 2356 2235
1 5 2224 2345 2356 2235 2225 2346 2357 2236
1 5 2225 2346 2357 2236 2226 2347 2358 2237
1 5 2226 2347 2358 2237 2227 2348 2359 2238
1 5 2227 2348 2359 2238 2228 2349 2360 2239
1 5 2228 2349 2360 2239 2229 2350 2361 2240
1 5 2229 2350 2361 2240 2230 2351 2362 2241
1 5 2230 2351 2362 2241 2231 2352 2363 2242
1 5 2231 2352 2363 2242 2232 2353 2364 2243
1 5 2233 2354 2365 2244 2234 2355 2366 2245
1 5 2234 2355 2366 2245 2235 2356 2367 2246
1 5 2235 2356 2367 2246 2236 2357 2368 2247
1 5 2236 2357 2368 2247 2237 2358 2369 2248
1 5 2237 2358 2369 2248 2238 2359 2370 2249
1 5 2238 2359 2370 2249 2239 2360 2371 2250
1 5 2239 2360 2371 2250 2240 2361 2372 2251
1 5 2240 2361 2372 2251 2241 2362 2373 2252
1 5 2241 2362 2373 2252 2242 2363 2374 2253
1 5 2242 2363 2374 2253 2243 2364 2375 2254
1 5 2244 2365 2376 2255 2245 2366 2377 2256
1 5 2245 2366 2377 2256 2246 2367 2378 2257
1 5 2246 2367 2378 2257 2247 2368 2379 2258
1 5 2247 2368 2379 2258 2248 2369 2380 2259
1 5 2248 2369 2380 2259 2249 2370 2381 2260
1 5 2249 2370 2381 2260 2250 2371 2382 2261
1 5 2250 2371 2382 2261 2251 2372 2383 2262
1 5 2251 2372 2383 2262 2252 2373 2384 2263
1 5 2252 2373 2384 2263 2253 2374 2385 2264
1 5 2253 2374 2385 2264 2254 2375 2386 2265
1 5 2255 2376 2387 2266 2256 2377 2388 2267
1 5 2256 2377 2388 2267 2257 2378 2389 2268
1 5 2257 2378 2389 2268 2258 2379 2390 2269
1 5 2258 2379 2390 2269 2259 2380 2391 2270
1 5 2259 2380 2391 2270 2260 2381 2392 2271
1 5 2260 2381 2392 2271 2261 2382 2393 2272
1 5 2261 2382 2393 2272 2262 2383 2394 2273
1 5 2262 2383 2394 2273 2263 2384 2395 2274
1 5 2263 2384 2395 2274 2264 2385 2396 2275
1 5 2264 2385 2396 2275 2265 2386 2397 2276
1 5 2266 2387 2398 2277 2267 2388 2399 2278
1 5 2267 2388 2399 2278 2268 2389 2400 2279
1 5 2268 2389 2400 2279 2269 2390 2401 2280
1 5 2269 2390 2401 2280 2270 2391 2402 2281
1 5 2270 2391 2402 2281 2271 2392 2403 2282
1 5 2271 2392 2403 2282 2272 2393 2404 2283
1 5 2272 2393 2404 2283 2273 2394 2405 2284
1 5 2273 2394 2405 2284 2274 2395 2406 2285
1 5 2274 2395 2406 2285 2275 2396 2407 2286
1 5 2275 2396 2407 2286 2276 2397 2408 2287
1 5 2277 2398 2409 2288 2278 2399 2410 2289
1 5 2278 2399 2410 2289 2279 2400 2411 2290
1 5 2279 2400 2411 2290 2280 2401 2412 2291
1 5 2280 2401 2412 2291 2281 2402 2413 2292
1 5 2281 2402 2413 2292 2282 2403 2414 2293
1 5 2282 2403 2414 2293 2283 2404 2415 2294
1 5 2283 2404 2415 2294 2284 2405 2416 2295
1 5 2284 2405 2416 2295 2285 2406 2417 2296
1 5 2285 2406 2417 2296 2286 2407 2418 2297
1 5 2286 2407 2418 2297 2287 2408 2419 2298
1 5 2299 2420 2431 2310 2300 2421 2432 2311
1 5 2300 2421 2432 2311 2301 2422 2433 2312
1 5 2301 2422 2433 2312 2302 2423 2434 2313
1 5 2302 2423 2434 2313 2303 2424 2435 2314
1 5 2303 2424 2435 2314 2304 2425 2436 2315
1 5 2304 2425 2436 2315 2305 2426 2437 2316
1 5 2305 2426 2437 2316 2306 2427 2438 2317
1 5 2306 2427 2438 2317 2307 2428 2439 2318
1 5 2307 2428 2439 2318 2308 2429 2440 2319
1 5 2308 2429 2440 2319 2309 2430 2441 2320
1 5 2310 2431 2442 2321 2311 2432 2443 2322
1 5 2311 2432 2443 2322 2312 2433 2444 2323
1 5 2312 2433 2444 2323 2313 2434 2445 2324
1 5 2313 2434 2445 2324 2314 2435 2446 2325
1 5 2314 2435 2446 2325 2315 2436 2447 2326
1 5 2315 2436 2447 2326 2316 2437 2448 2327
1 5 2316 2437 2448 2327 2317 2438 2449 2328
1 5 2317 2438 2449 2328 2318 2439 2450 2329
1 5 2318 2439 2450 2329 2319 2440 2451 2330
1 5 2319 2440 2451 2330 2320 2441 2452 2331
1 5 2321 2442 2453 2332 2322 2443 2454 2333
1 5 2322 2443 2454 2333 2323 2444 2455 2334
1 5 2323 2444 2455 2334 2324 2445 2456 2335
1 5 2324 2445 2456 2335 2325 2446 2457 2336
1 5 2325 2446 2457 2336 2326 2447 2458 2337
1 5 2326 2447 2458 2337 2327 2448 2459 2338
1 5 2327 2448 2459 2338 2328 2449 2460 2339
1 5 2328 2449 2460 2339 2329 2450 2461 2340
1 5 2329 2450 2461 2340 2330 2451 2462 2341
1 5 2330 2451 2462 2341 2331 2452 2463 2342
1 5 2332 2453 2464 2343 2333 2454 2465 2344
1 5 2333 2454 2465 2344 2334 2455 2466 2345
1 5 2334 2455 2466 2345 2335 2456 2467 2346
1 5 2335 2456 2467 2346 2336 2457 2468 2347
1 5 2336 2457 2468 2347 2337 2458 2469 2348
1 5 2337 2458 2469 2348 2338 2459 2470 2349
1 5 2338 2459 2470 2349 2339 2460 2471 2350
1 5 2339 2460 2471 2350 2340 2461 2472 2351
1 5 2340 2461 2472 2351 2341 2462 2473 2352
1 5 2341 2462 2473 2352 2342 2463 2474 2353
1 5 2343 2464 2475 2354 2344 2465 2476 2355
1 5 2344 2465 2476 2355 2345 2466 2477 2356
1 5 2345 2466 2477 2356 2346 2467 2478 2357
1 5 2346 2467 2478 2357 2347 2468 2479 2358
1 5 2347 2468 2479 2358 2348 2469 2480 2359
1 5 2348 2469 2480 2359 2349 2470 2481 2360
1 5 2349 2470 2481 2360 2350 2471 2482 2361
1 5 2350 2471 2482 2361 2351 2472 2483 2362
1 5 2351 2472 2483 2362 2352 2473 2484 2363
1 5 2352 2473 2484 2363 2353 2474 2485 2364
1 5 2354 2475 2486 2365 2355 2476 2487 2366
1 5 2355 2476 2487 2366 2356 2477 2488 2367
1 5 2356 2477 2488 2367 2357 2478 2489 2368
1 5 2357 2478 2489 2368 2358 2479 2490 2369
1 5 2358 2479 2490 2369 2359 2480 2491 2370
1 5 2359 2480 2491 2370 2360 2481 2492 2371
1 5 2360 2481 2492 2371 2361 2482 2493 2372
1 5 2361 2482 2493 2372 2362 2483 2494 2373
1 5 2362 2483 2494 2373 2363 2484 2495 2374
1 5 2363 2484 2495 2374 2364 2485 2496 2375
1 5 2365 2486 2497 2376 2366 2487 2498 2377
1 5 2366 2487 2498 2377 2367 2488 2499 2378
1 5 2367 2488 2499 2378 2368 2489 2500 2379
1 5 2368 2489 2500 2379 2369 2490 2501 2380
1 5 2369 2490 2501 2380 2370 2491 2502 2381
1 5 2370 2491 2502 2381 2371 2492 2503 2382
1 5 2371 2492 2503 2382 2372 2493 2504 2383
1 5 2372 2493 2504 2383 2373 2494 2505 2384
1 5 2373 2494 2505 2384 2374 2495 2506 2385
1 5 2374 2495 2506 2385 2375 2496 2507 2386
1 5 2376 2497 2508 2387 2377 2498 2509 2388
1 5 2377 2498 2509 2388 2378 2499 2510 2389
1 5 2378 2499 2510 2389 2379 2500 2511 2390
1 5 2379 2500 2511 2390 2380 2501 2512 2391
1 5 2380 2501 2512 2391 2381 2502 2513 2392
1 5 2381 2502 2513 2392 2382 2503 2514 2393
1 5 2382 2503 2514 2393 2383 2504 2515 2394
1 5 2383 2504 2515 2394 2384 2505 2516 2395
1 5 2384 2505 2516 2395 2385 2506 2517 2396
1 5 2385 2506 2517 2396 2386 2507 2518 2397
1 5 2387 2508 2519 2398 2388 2509 2520 2399
1 5 2388 2509 2520 2399 2389 2510 2521 2400
1 5 2389 2510 2521 2400 2390 2511 2522 2401
1 5 2390 2511 2522 2401 2391 2512 2523 2402
1 5 2391 2512 2523 2402 2392 2513 2524 2403
1 5 2392 2513 2524 2403 2393 2514 2525 2404
1 5 2393 2514 2525 2404 2394 2515 2526 2405
1 5 2394 2515 2526 2405 2395 2516 2527 2406
1 5 2395 2516 2527 2406 2396 2517 2528 2407
1 5 2396 2517 2528 2407 2397 2518 2529 2408
1 5 2398 2519 2530 2409 2399 2520 2531 2410
1 5 2399 2520 2531 2410 2400 2521 2532 2411
1 5 2400 2521 2532 2411 2401 2522 2533 2412
1 5 2401 2522 2533 2412 2402 2523 2534 2413
1 5 2402 2523 2534 2413 2403 2524 2535 2414
1 5 2403 2524 2535 2414 2404 2525 2536 2415
1 5 2404 2525 2536 2415 2405 2526 2537 2416
1 5 2405 2526 2537 2416 2406 2527 2538 2417
1 5 2406 2527 2538 2417 2407 2528 2539 2418
1 5 2407 2528 2539 2418 2408 2529 2540 2419
1 5 2420 2541 2552 2431 2421 2542 2553 2432
1 5 2421 2542 2553 2432 2422 2543 2554 2433
1 5 2422 2543 2554 2433 2423 2544 2555 2434
1 5 2423 2544 2555 2434 2424 2545 2556 2435
1 5 2424 2545 2556 2435 2425 2546 2557 2436
1 5 2425 2546 2557 2436 2426 2547 2558 2437
1 5 2426 2547 2558 2437 2427 2548 2559 2438
1 5 2427 2548 2559 2438 2428 2549 2560 2439
1 5 2428 2549 2560 2439 2429 2550 2561 2440
1 5 2429 2550 2561 2440 2430 2551 2562 2441
1 5 2431 2552 2563 2442 2432 2553 2564 2443
1 5 2432 2553 2564 2443 2433 2554 2565 2444
1 5 2433 2554 2565 2444 2434 2555 2566 2445
1 5 2434 2555 2566 2445 2435 2556 2567 2446
1 5 2435 2556 2567 2446 2436 2557 2568 2447
1 5 2436 2557 2568 2447 2437 2558 2569 2448
1 5 2437 2558 2569 2448 2438 2559 2570 2449
1 5 2438 2559 2570 2449 2439 2560 2571 2450
1 5 2439 2560 2571 2450 2440 2561 2572 2451
1 5 2440 2561 2572 2451 2441 2562 2573 2452
1 5 2442 2563 2574 2453 2443 2564 2575 2454
1 5 2443 2564 2575 2454 2444 2565 2576 2455
1 5 2444 2565 2576 2455 2445 2566 2577 2456
1 5 2445 2566 2577 2456 2446 2567 2578 2457
1 5 2446 2567 2578 2457 2447 2568 2579 2458
1 5 2447 2568 2579 2458 2448 2569 2580 2459
1 5 2448 2569 2580 2459 2449 2570 2581 2460
1 5 2449 2570 2581 2460 2450 2571 2582 2461
1 5 2450 2571 2582 2461 2451 2572 2583 2462
1 5 2451 2572 2583 2462 2452 2573 2584 2463
1 5 2453 2574 2585 2464 2454 2575 2586 2465
1 5 2454 2575 2586 2465 2455 2576 2587 2466
1 5 2455 2576 2587 2466 2456 2577 2588 2467
1 5 2456 2577 2588 2467 2457 2578 2589 2468
1 5 2457 2578 2589 2468 2458 2579 2590 2469
1 5 2458 2579 2590 2469 2459 2580 2591 2470
1 5 2459 2580 2591 2470 2460 2581 2592 2471
1 5 2460 2581 2592 2471 2461 2582 2593 2472
1 5 2461 2582 2593 2472 2462 2583 2594 2473
1 5 2462 2583 2594 2473 2463 2584 2595 2474
1 5 2464 2585 2596 2475 2465 2586 2597 2476
1 5 2465 2586 2597 2476 2466 2587 2598 2477
1 5 2466 2587 2598 2477 2467 2588 2599 2478
1 5 2467 2588 2599 2478 2468 2589 2600 2479
1 5 2468 2589 2600 2479 2469 2590 2601 2480
1 5 2469 2590 2601 2480 2470 2591 2602 2481
1 5 2470 2591 2602 2481 2471 2592 2603 2482
1 5 2471 2592 2603 2482 2472 2593 2604 2483
1 5 2472 2593 2604 2483 2473 2594 2605 2484
1 5 2473 2594 2605 2484 2474 2595 2606 2485
1 5 2475 2596 2607 2486 2476 2597 2608 2487
1 5 2476 2597 2608 2487 2477 2598 2609 2488
1 5 2477 2598 2609 2488 2478 2599 2610 2489
1 5 2478 2599 2610 2489 2479 2600 2611 2490
1 5 2479 2600 2611 2490 2480 2601 2612 2491
1 5 2480 2601 2612 2491 2481 2602 2613 2492
1 5 2481 2602 2613 2492 2482 2603 2614 2493
1 5 2482 2603 2614 2493 2483 2604 2615 2494
1 5 2483 2604 2615 2494 2484 2605 2616 2495
1 5 2484 2605 2616 2495 2485 2606 2617 2496
1 5 2486 2607 2618 2497 2487 2608 2619 2498
1 5 2487 2608 2619 2498 2488 2609 2620 2499
1 5 2488 2609 2620 2499 2489 2610 2621 2500
1 5 2489 2610 2621 2500 2490 2611 2622 2501
1 5 2490 2611 2622 2501 2491 2612 2623 2502
1 5 2491 2612 2623 2502 2492 2613 2624 2503
1 5 2492 2613 2624 2503 2493 2614 2625 2504
1 5 2493 2614 2625 2504 2494 2615 2626 2505
1 5 2494 2615 2626 2505 2495 2616 2627 2506
1 5 2495 2616 2627 2506 2496 2617 2628 2507
1 5 2497 2618 2629 2508 2498 2619 2630 2509
1 5 2498 2619 2630 2509 2499 2620 2631 2510
1 5 2499 2620 2631 2510 2500 2621 2632 2511
1 5 2500 2621 2632 2511 2501 2622 2633 2512
1 5 2501 2622 2633 2512 2502 2623 2634 2513
1 5 2502 2623 2634 2513 2503 2624 2635 2514
1 5 2503 2624 2635 2514 2504 2625 2636 2515
1 5 2504 2625 2636 2515 2505 2626 2637 2516
1 5 2505 2626 2637 2516 2506 2627 2638 2517
1 5 2506 2627 2638 2517 2507 2628 2639 2518
1 5 2508 2629 2640 2519 2509 2630 2641 2520
1 5 2509 2630 2641 2520 2510 2631 2642 2521
1 5 2510 2631 2642 2521 2511 2632 2643 2522
1 5 2511 2632 2643 2522 2512 2633 2644 2523
1 5 2512 2633 2644 2523 2513 2634 2645 2524
1 5 2513 2634 2645 2524 2514 2635 2646 2525
1 5 2514 2635 2646 2525 2515 2636 2647 2526
1 5 2515 2636 2647 2526 2516 2637 2648 2527
1 5 2516 2637 2648 2527 2517 2638 2649 2528
1 5 2517 2638 2649 2528 2518 2639 2650 2529
1 5 2519 2640 2651 2530 2520 2641 2652 2531
1 5 2520 2641 2652 2531 2521 2642 2653 2532
1 5 2521 2642 2653 2532 2522 2643 2654 2533
1 5 2522 2643 2654 2533 2523 2644 2655 2534
1 5 2523 2644 2655 2534 2524 2645 2656 2535
1 5 2524 2645 2656 2535 2525 2646 2657 2536
1 5 2525 2646 2657 2536 2526 2647 2658 2537
1 5 2526 2647 2658 2537 2527 2648 2659 2538
1 5 2527 2648 2659 2538 2528 2649 2660 2539
1 5 2528 2649 2660 2539 2529 2650 2661 2540
1 5 2541 2662 2673 2552 2542 2663 2674 2553
1 5 2542 2663 2674 2553 2543 2664 2675 2554
1 5 2543 2664 2675 2554 2544 2665 2676 2555
1 5 2544 2665 2676 2555 2545 2666 2677 2556
1 5 2545 2666 2677 2556 2546 2667 2678 2557
1 5 2546 2667 2678 2557 2547 2668 2679 2558
1 5 2547 2668 2679 2558 2548 2669 2680 2559
1 5 2548 2669 2680 2559 2549 2670 2681 2560
1 5 2549 2670 2681 2560 2550 2671 2682 2561
1 5 2550 2671 2682 2561 2551 2672 2683 2562
1 5 2552 2673 2684 2563 2553 2674 2685 2564
1 5 2553 2674 2685 2564 2554 2675 2686 2565
1 5 2554 2675 2686 2565 2555 2676 2687 2566
1 5 2555 2676 2687 2566 2556 2677 2688 2567
1 5 2556 2677 2688 2567 2557 2678 2689 2568
1 5 2557 2678 2689 2568 2558 2679 2690 2569
1 5 2558 2679 2690 2569 2559 2680 2691 2570
1 5 2559 2680 2691 2570 2560 2681 2692 2571
1 5 2560 2681 2692 2571 2561 2682 2693 2572
1 5 2561 2682 2693 2572 2562 2683 2694 2573
1 5 2563 2684 2695 2574 2564 2685 2696 2575
1 5 2564 2685 2696 2575 2565 2686 2697 2576
1 5 2565 2686 2697 2576 2566 2687 2698 2577
1 5 2566 2687 2698 2577 2567 2688 2699 2578
1 5 2567 2688 2699 2578 2568 2689 2700 2579
1 5 2568 2689 2700 2579 2569 2690 2701 2580
1 5 2569 2690 2701 2580 2570 2691 2702 2581
1 5 2570 2691 2702 2581 2571 2692 2703 2582
1 5 2571 2692 2703 2582 2572 2693 2704 2583
1 5 2572 2693 2704 2583 2573 2694 2705 2584
1 5 2574 2695 2706 2585 2575 2696 2707 2586
1 5 2575 2696 2707 2586 2576 2697 2708 2587
1 5 2576 2697 2708 2587 2577 2698 2709 2588
1 5 2577 2698 2709 2588 2578 2699 2710 2589
1 5 2578 2699 2710 2589 2579 2700 2711 2590
1 5 2579 2700 2711 2590 2580 2701 2712 2591
1 5 2580 2701 2712 2591 2581 2702 2713 2592
1 5 2581 2702 2713 2592 2582 2703 2714 2593
1 5 2582 2703 2714 2593 2583 2704 2715 2594
1 5 2583 2704 2715 2594 2584 2705 2716 2595
1 5 2585 2706 2717 2596 2586 2707 2718 2597
1 5 2586 2707 2718 2597 2587 2708 2719 2598
1 5 2587 2708 2719 2598 2588 2709 2720 2599
1 5 2588 2709 2720 2599 2589 2710 2721 2600
1 5 2589 2710 2721 2600 2590 2711 2722 2601
1 5 2590 2711 2722 2601 2591 2712 2723 2602
1 5 2591 2712 2723 2602 2592 2713 2724 2603
1 5 2592 2713 2724 2603 2593 2714 2725 2604
1 5 2593 2714 2725 2604 2594 2715 2726 2605
1 5 2594 2715 2726 2605 2595 2716 2727 2606
1 5 2596 2717 2728 2607 2597 2718 2729 2608
1 5 2597 2718 2729 2608 2598 2719 2730 2609
1 5 2598 2719 2730 2609 2599 2720 2731 2610
1 5 2599 2720 2731 2610 2600 2721 2732 2611
1 5 2600 2721 2732 2611 2601 2722 2733 2612
1 5 2601 2722 2733 2612 2602 2723 2734 2613
1 5 2602 2723 2734 2613 2603 2724 2735 2614
1 5 2603 2724 2735 2614 2604 2725 2736 2615
1 5 2604 2725 2736 2615 2605 2726 2737 2616
1 5 2605 2726 2737 2616 2606 2727 2738 2617
1 5 2607 2728 2739 2618 2608 2729 2740 2619
1 5 2608 2729 2740 2619 2609 2730 2741 2620
1 5 2609 2730 2741 2620 2610 2731 2742 2621
1 5 2610 2731 2742 2621 2611 2732 2743 2622
1 5 2611 2732 2743 2622 2612 2733 2744 2623
1 5 2612 2733 2744 2623 2613 2734 2745 2624
1 5 2613 2734 2745 2624 2614 2735 2746 2625
1 5 2614 2735 2746 2625 2615 2736 2747 2626
1 5 2615 2736 2747 2626 2616 2737 2748 2627
1 5 2616 2737 2748 2627 2617 2738 2749 2628
1 5 2618 2739 2750 2629 2619 2740 2751 2630
1 5 2619 2740 2751 2630 2620 2741 2752 2631
1 5 2620 2741 2752 2631 2621 2742 2753 2632
1 5 2621 2742 2753 2632 2622 2743 2754 2633
1 5 2622 2743 2754 2633 2623 2744 2755 2634
1 5 2623 2744 2755 2634 2624 2745 2756 2635
1 5 2624 2745 2756 2635 2625 2746 2757 2636
1 5 2625 2746 2757 2636 2626 2747 2758 2637
1 5 2626 2747 2758 2637 2627 2748 2759 2638
1 5 2627 2748 2759 2638 2628 2749 2760 2639
1 5 2629 2750 2761 2640 2630 2751 2762 2641
1 5 2630 2751 2762 2641 2631 2752 2763 2642
1 5 2631 2752 2763 2642 2632 2753 2764 2643
1 5 2632 2753 2764 2643 2633 2754 2765 2644
1 5 2633 2754 2765 2644 2634 2755 2766 2645
1 5 2634 2755 2766 2645 2635 2756 2767 2646
1 5 2635 2756 2767 2646 2636 2757 2768 2647
1 5 2636 2757 2768 2647 2637 2758 2769 2648
1 5 2637 2758 2769 2648 2638 2759 2770 2649
1 5 2638 2759 2770 2649 2639 2760 2771 2650
1 5 2640 2761 2772 2651 2641 2762 2773 2652
1 5 2641 2762 2773 2652 2642 2763 2774 2653
1 5 2642 2763 2774 2653 2643 2764 2775 2654
1 5 2643 2764 2775 2654 2644 2765 2776 2655
1 5 2644 2765 2776 2655 2645 2766 2777 2656
1 5 2645 2766 2777 2656 2646 2767 2778 2657
1 5 2646 2767 2778 2657 2647 2768 2779 2658
1 5 2647 2768 2779 2658 2648 2769 2780 2659
1 5 2648 2769 2780 2659 2649 2770 2781 2660
1 5 2649 2770 2781 2660 2650 2771 2782 2661
1 5 2662 2783 2794 2673 2663 2784 2795 2674
1 5 2663 2784 2795 2674 2664 2785 2796 2675
1 5 2664 2785 2796 2675 2665 2786 2797 2676
1 5 2665 2786 2797 2676 2666 2787 2798 2677
1 5 2666 2787 2798 2677 2667 2788 2799 2678
1 5 2667 2788 2799 2678 2668 2789 2800 2679
1 5 2668 2789 2800 2679 2669 2790 2801 2680
1 5 2669 2790 2801 2680 2670 2791 2802 2681
1 5 2670 2791 2802 2681 2671 2792 2803 2682
1 5 2671 2792 2803 2682 2672 2793 2804 2683
1 5 2673 2794 2805 2684 2674 2795 2806 2685
1 5 2674 2795 2806 2685 2675 2796 2807 2686
1 5 2675 2796 2807 2686 2676 2797 2808 2687
1 5 2676 2797 2808 2687 2677 2798 2809 2688
1 5 2677 2798 2809 2688 2678 2799 2810 2689
1 5 2678 2799 2810 2689 2679 2800 2811 2690
1 5 2679 2800 2811 2690 2680 2801 2812 2691
1 5 2680 2801 2812 2691 2681 2802 2813 2692
1 5 2681 2802 2813 2692 2682 2803 2814 2693
1 5 2682 2803 2814 2693 2683 2804 2815 2694
1 5 2684 2805 2816 2695 2685 2806 2817 2696
1 5 2685 2806 2817 2696 2686 2807 2818 2697
1 5 2686 2807 2818 2697 2687 2808 2819 2698
1 5 2687 2808 2819 2698 2688 2809 2820 2699
1 5 2688 2809 2820 2699 2689 2810 2821 2700
1 5 2689 2810 2821 2700 2690 2811 2822 2701
1 5 2690 2811 2822 2701 2691 2812 2823 2702
1 5 2691 2812 2823 2702 2692 2813 2824 2703
1 5 2692 2813 2824 2703 2693 2814 2825 2704
1 5 2693 2814 2825 2704 2694 2815 2826 2705
1 5 2695 2816 2827 2706 2696 2817 2828 2707
1 5 2696 2817 2828 2707 2697 2818 2829 2708
1 5 2697 2818 2829 2708 2698 2819 2830 2709
1 5 2698 2819 2830 2709 2699 2820 2831 2710
1 5 2699 2820 2831 2710 2700 2821 2832 2711
1 5 2700 2821 2832 2711 2701 2822 2833 2712
1 5 2701 2822 2833 2712 2702 2823 2834 2713
1 5 2702 2823 2834 2713 2703 2824 2835 2714
1 5 2703 2824 2835 2714 2704 2825 2836 2715
1 5 2704 2825 2836 2715 2705 2826 2837 2716
1 5 2706 2827 2838 2717 2707 2828 2839 2718
1 5 2707 2828 2839 2718 2708 2829 2840 2719
1 5 2708 2829 2840 2719 2709 2830 2841 2720
1 5 2709 2830 2841 2720 2710 2831 2842 2721
1 5 2710 2831 2842 2721 2711 2832 2843 2722
1 5 2711 2832 2843 2722 2712 2833 2844 2723
1 5 2712 2833 2844 2723 2713 2834 2845 2724
1 5 2713 2834 2845 2724 2714 2835 2846 2725
1 5 2714 2835 2846 2725 2715 2836 2847 2726
1 5 2715 2836 2847 2726 2716 2837 2848 2727
1 5 2717 2838 2849 2728 2718 2839 2850 2729
1 5 2718 2839 2850 2729 2719 2840 2851 2730
1 5 2719 2840 2851 2730 2720 2841 2852 2731
1 5 2720 2841 2852 2731 2721 2842 2853 2732
1 5 2721 2842 2853 2732 2722 2843 2854 2733
1 5 2722 2843 2854 2733 2723 2844 2855 2734
1 5 2723 2844 2855 2734 2724 2845 2856 2735
1 5 2724 2845 2856 2735 2725 2846 2857 2736
1 5 2725 2846 2857 2736 2726 2847 2858 2737
1 5 2726 2847 2858 2737 2727 2848 2859 2738
1 5 2728 2849 2860 2739 2729 2850 2861 2740
1 5 2729 2850 2861 2740 2730 2851 2862 2741
1 5 2730 2851 2862 2741 2731 2852 2863 2742
1 5 2731 2852 2863 2742 2732 2853 2864 2743
1 5 2732 2853 2864 2743 2733 2854 2865 2744
1 5 2733 2854 2865 2744 2734 2855 2866 2745
1 5 2734 2855 2866 2745 2735 2856 2867 2746
1 5 2735 2856 2867 2746 2736 2857 2868 2747
1 5 2736 2857 2868 2747 2737 2858 2869 2748
1 5 2737 2858 2869 2748 2738 2859 2870 2749
1 5 2739 2860 2871 2750 2740 2861 2872 2751
1 5 2740 2861 2872 2751 2741 2862 2873 2752
1 5 2741 2862 2873 2752 2742 2863 2874 2753
1 5 2742 2863 2874 2753 2743 2864 2875 2754
1 5 2743 2864 2875 2754 2744 2865 2876 2755
1 5 2744 2865 2876 2755 2745 2866 2877 2756
1 5 2745 2866 2877 2756 2746 2867 2878 2757
1 5 2746 2867 2878 2757 2747 2868 2879 2758
1 5 2747 2868 2879 2758 2748 2869 2880 2759
1 5 2748 2869 2880 2759 2749 2870 2881 2760
1 5 2750 2871 2882 2761 2751 2872 2883 2762
1 5 2751 2872 2883 2762 2752 2873 2884 2763
1 5 2752 2873 2884 2763 2753 2874 2885 2764
1 5 2753 2874 2885 2764 2754 2875 2886 2765
1 5 2754 2875 2886 2765 2755 2876 2887 2766
1 5 2755 2876 2887 2766 2756 2877 2888 2767
1 5 2756 2877 2888 2767 2757 2878 2889 2768
1 5 2757 2878 2889 2768 2758 2879 2890 2769
1 5 2758 2879 2890 2769 2759 2880 2891 2770
1 5 2759 2880 2891 2770 2760 2881 2892 2771
1 5 2761 2882 2893 2772 2762 2883 2894 2773
1 5 2762 2883 2894 2773 2763 2884 2895 2774
1 5 2763 2884 2895 2774 2764 2885 2896 2775
1 5 2764 2885 2896 2775 2765 2886 2897 2776
1 5 2765 2886 2897 2776 2766 2887 2898 2777
1 5 2766 2887 2898 2777 2767 2888 2899 2778
1 5 2767 2888 2899 2778 2768 2889 2900 2779
1 5 2768 2889 2900 2779 2769 2890 2901 2780
1 5 2769 2890 2901 2780 2770 2891 2902 2781
1 5 2770 2891 2902 2781 2771 2892 2903 2782
1 5 2783 2904 2915 2794 2784 2905 2916 2795
1 5 2784 2905 2916 2795 2785 2906 2917 2796
1 5 2785 2906 2917 2796 2786 2907 2918 2797
1 5 2786 2907 2918 2797 2787 2908 2919 2798
1 5 2787 2908 2919 2798 2788 2909 2920 2799
1 5 2788 2909 2920 2799 2789 2910 2921 2800
1 5 2789 2910 2921 2800 2790 2911 2922 2801
1 5 2790 2911 2922 2801 2791 2912 2923 2802
1 5 2791 2912 2923 2802 2792 2913 2924 2803
1 5 2792 2913 2924 2803 2793 2914 2925 2804
1 5 2794 2915 2926 2805 2795 2916 2927 2806
1 5 2795 2916 2927 2806 2796 2917 2928 2807
1 5 2796 2917 2928 2807 2797 2918 2929 2808
1 5 2797 2918 2929 2808 2798 2919 2930 2809
1 5 2798 2919 2930 2809 2799 2920 2931 2810
1 5 2799 2920 2931 2810 2800 2921 2932 2811
1 5 2800 2921 2932 2811 2801 2922 2933 2812
1 5 2801 2922 2933 2812 2802 2923 2934 2813
1 5 2802 2923 2934 2813 2803 2924 2935 2814
1 5 2803 2924 2935 2814 2804 2925 2936 2815
1 5 2805 2926 2937 2816 2806 2927 2938 2817
1 5 2806 2927 2938 2817 2807 2928 2939 2818
1 5 2807 2928 2939 2818 2808 2929 2940 2819
1 5 2808 2929 2940 2819 2809 2930 2941 2820
1 5 2809 2930 2941 2820 2810 2931 2942 2821
1 5 2810 2931 2942 2821 2811 2932 2943 2822
1 5 2811 2932 2943 2822 2812 2933 2944 2823
1 5 2812 2933 2944 2823 2813 2934 2945 2824
1 5 2813 2934 2945 2824 2814 2935 2946 2825
1 5 2814 2935 2946 2825 2815 2936 2947 2826
1 5 2816 2937 2948 2827 2817 2938 2949 2828
1 5 2817 2938 2949 2828 2818 2939 2950 2829
1 5 2818 2939 2950 2829 2819 2940 2951 2830
1 5 2819 2940 2951 2830 2820 2941 2952 2831
1 5 2820 2941 2952 2831 2821 2942 2953 2832
1 5 2821 2942 2953 2832 2822 2943 2954 2833
1 5 2822 2943 2954 2833 2823 2944 2955 2834
1 5 2823 2944 2955 2834 2824 2945 2956 2835
1 5 2824 2945 2956 2835 2825 2946 2957 2836
1 5 2825 2946 2957 2836 2826 2947 2958 2837
1 5 2827 2948 2959 2838 2828 2949 2960 2839
1 5 2828 2949 2960 2839 2829 2950 2961 2840
1 5 2829 2950 2961 2840 2830 2951 2962 2841
1 5 2830 2951 2962 2841 2831 2952 2963 2842
1 5 2831 2952 2963 2842 2832 2953 2964 2843
1 5 2832 2953 2964 2843 2833 2954 2965 2844
1 5 2833 2954 2965 2844 2834 2955 2966 2845
1 5 2834 2955 2966 2845 2835 2956 2967 2846
1 5 2835 2956 2967 2846 2836 2957 2968 2847
1 5 2836 2957 2968 2847 2837 2958 2969 2848
1 5 2838 2959 2970 2849 2839 2960 2971 2850
1 5 2839 2960 2971 2850 2840 2961 2972 2851
1 5 2840 2961 2972 2851 2841 2962 2973 2852
1 5 2841 2962 2973 2852 2842 2963 2974 2853
1 5 2842 2963 2974 2853 2843 2964 2975 2854
1 5 2843 2964 2975 2854 2844 2965 2976 2855
1 5 2844 2965 2976 2855 2845 2966 2977 2856
1 5 2845 2966 2977 2856 2846 2967 2978 2857
1 5 2846 2967 2978 2857 2847 2968 2979 2858
1 5 2847 2968 2979 2858 2848 2969 2980 2859
1 5 2849 2970 2981 2860 2850 2971 2982 2861
1 5 2850 2971 2982 2861 2851 2972 2983 2862
1 5 2851 2972 2983 2862 2852 2973 2984 2863
1 5 2852 2973 2984 2863 2853 2974 2985 2864
1 5 2853 2974 2985 2864 2854 2975 2986 2865
1 5 2854 2975 2986 2865 2855 2976 2987 2866
1 5 2855 2976 2987 2866 2856 2977 2988 2867
1 5 2856 2977 2988 2867 2857 2978 2989 2868
1 5 2857 2978 2989 2868 2858 2979 2990 2869
1 5 2858 2979 2990 2869 2859 2980 2991 2870
1 5 2860 2981 2992 2871 2861 2982 2993 2872
1 5 2861 2982 2993 2872 2862 2983 2994 2873
1 5 2862 2983 2994 2873 2863 2984 2995 2874
1 5 2863 2984 2995 2874 2864 2985 2996 2875
1 5 2864 2985 2996 2875 2865 2986 2997 2876
1 5 2865 2986 2997 2876 2866 2987 2998 2877
1 5 2866 2987 2998 2877 2867 2988 2999 2878
1 5 2867 2988 2999 2878 2868 2989 3000 2879
1 5 2868 2989 3000 2879 2869 2990 3001 2880
1 5 2869 2990 3001 2880 2870 2991 3002 2881
1 5 2871 2992 3003 2882 2872 2993 3004 2883
1 5 2872 2993 3004 2883 2873 2994 3005 2884
1 5 2873 2994 3005 2884 2874 2995 3006 2885
1 5 2874 2995 3006 2885 2875 2996 3007 2886
1 5 2875 2996 3007 2886 2876 2997 3008 2887
1 5 2876 2997 3008 2887 2877 2998 3009 2888
1 5 2877 2998 3009 2888 2878 2999 3010 2889
1 5 2878 2999 3010 2889 2879 3000 3011 2890
1 5 2879 3000 3011 2890 2880 3001 3012 2891
1 5 2880 3001 3012 2891 2881 3002 3013 2892
1 5 2882 3003 3014 2893 2883 3004 3015 2894
1 5 2883 3004 3015 2894 2884 3005 3016 2895
1 5 2884 3005 3016 2895 2885 3006 3017 2896
1 5 2885 3006 3017 2896 2886 3007 3018 2897
1 5 2886 3007 3018 2897 2887 3008 3019 2898
1 5 2887 3008 3019 2898 2888 3009 3020 2899
1 5 2888 3009 3020 2899 2889 3010 3021 2900
1 5 2889 3010 3021 2900 2890 3011 3022 2901
1 5 2890 3011 3022 2901 2891 3012 3023 2902
1 5 2891 3012 3023 2902 2892 3013 3024 2903
1 5 2904 3025 3036 2915 2905 3026 3037 2916
1 5 2905 3026 3037 2916 2906 3027 3038 2917
1 5 2906 3027 3038 2917 2907 3028 3039 2918
1 5 2907 3028 3039 2918 2908 3029 3040 2919
1 5 2908 3029 3040 2919 2909 3030 3041 2920
1 5 2909 3030 3041 2920 2910 3031 3042 2921
1 5 2910 3031 3042 2921 2911 3032 3043 2922
1 5 2911 3032 3043 2922 2912 3033 3044 2923
1 5 2912 3033 3044 2923 2913 3034 3045 2924
1 5 2913 3034 3045 2924 2914 3035 3046 2925
1 5 2915 3036 3047 2926 2916 3037 3048 2927
1 5 2916 3037 3048 2927 2917 3038 3049 2928
1 5 2917 3038 3049 2928 2918 3039 3050 2929
1 5 2918 3039 3050 2929 2919 3040 3051 2930
1 5 2919 3040 3051 2930 2920 3041 3052 2931
1 5 2920 3041 3052 2931 2921 3042 3053 2932
1 5 2921 3042 3053 2932 2922 3043 3054 2933
1 5 2922 3043 3054 2933 2923 3044 3055 2934
1 5 2923 3044 3055 2934 2924 3045 3056 2935
1 5 2924 3045 3056 2935 2925 3046 3057 2936
1 5 2926 3047 3058 2937 2927 3048 3059 2938
1 5 2927 3048 3059 2938 2928 3049 3060 2939
1 5 2928 3049 3060 2939 2929 3050 3061 2940
1 5 2929 3050 3061 2940 2930 3051 3062 2941
1 5 2930 3051 3062 2941 2931 3052 3063 2942
1 5 2931 3052 3063 2942 2932 3053 3064 2943
1 5 2932 3053 3064 2943 2933 3054 3065 2944
1 5 2933 3054 3065 2944 2934 3055 3066 2945
1 5 2934 3055 3066 2945 2935 3056 3067 2946
1 5 2935 3056 3067 2946 2936 3057 3068 2947
1 5 2937 3058 3069 2948 2938 3059 3070 2949
1 5 2938 3059 3070 2949 2939 3060 3071 2950
1 5 2939 3060 3071 2950 2940 3061 3072 2951
1 5 2940 3061 3072 2951 2941 3062 3073 2952
1 5 2941 3062 3073 2952 2942 3063 3074 2953
1 5 2942 3063 3074 2953 2943 3064 3075 2954
1 5 2943 3064 3075 2954 2944 3065 3076 2955
1 5 2944 3065 3076 2955 2945 3066 3077 2956
1 5 2945 3066 3077 2956 2946 3067 3078 2957
1 5 2946 3067 3078 2957 2947 3068 3079 2958
1 5 2948 3069 3080 2959 2949 3070 3081 2960
1 5 2949 3070 3081 2960 2950 3071 3082 2961
1 5 2950 3071 3082 2961 2951 3072 3083 2962
1 5 2951 3072 3083 2962 2952 3073 3084 2963
1 5 2952 3073 3084 2963 2953 3074 3085 2964
1 5 2953 3074 3085 2964 2954 3075 3086 2965
1 5 2954 3075 3086 2965 2955 3076 3087 2966
1 5 2955 3076 3087 2966 2956 3077 3088 2967
1 5 2956 3077 3088 2967 2957 3078 3089 2968
1 5 2957 3078 3089 2968 2958 3079 3090 2969
1 5 2959 3080 3091 2970 2960 3081 3092 2971
1 5 2960 3081 3092 2971 2961 3082 3093 2972
1 5 2961 3082 3093 2972 2962 3083 3094 2973
1 5 2962 3083 3094 2973 2963 3084 3095 2974
1 5 2963 3084 3095 2974 2964 3085 3096 2975
1 5 2964 3085 3096 2975 2965 3086 3097 2976
1 5 2965 3086 3097 2976 2966 3087 3098 2977
1 5 2966 3087 3098 2977 2967 3088 3099 2978
1 5 2967 3088 3099 2978 2968 3089 3100 2979
1 5 2968 3089 3100 2979 2969 3090 3101 2980
1 5 2970 3091 3102 2981 2971 3092 3103 2982
1 5 2971 3092 3103 2982 2972 3093 3104 2983
1 5 2972 3093 3104 2983 2973 3094 3105 2984
1 5 2973 3094 3105 2984 2974 3095 3106 2985
1 5 2974 3095 3106 2985 2975 3096 3107 2986
1 5 2975 3096 3107 2986 2976 3097 3108 2987
1 5 2976 3097 3108 2987 2977 3098 3109 2988
1 5 2977 3098 3109 2988 2978 3099 3110 2989
1 5 2978 3099 3110 2989 2979 3100 3111 2990
1 5 2979 3100 3111 2990 2980 3101 3112 2991
1 5 2981 3102 3113 2992 2982 3103 3114 2993
1 5 2982 3103 3114 2993 2983 3104 3115 2994
1 5 2983 3104 3115 2994 2984 3105 3116 2995
1 5 2984 3105 3116 2995 2985 3106 3117 2996
1 5 2985 3106 3117 2996 2986 3107 3118 2997
1 5 2986 3107 3118 2997 2987 3108 3119 2998
1 5 2987 3108 3119 2998 2988 3109 3120 2999
1 5 2988 3109 3120 2999 2989 3110 3121 3000
1 5 2989 3110 3121 3000 2990 3111 3122 3001
1 5 2990 3111 3122 3001 2991 3112 3123 3002
1 5 2992 3113 3124 3003 2993 3114 3125 3004
1 5 2993 3114 3125 3004 2994 3115 3126 3005
1 5 2994 3115 3126 3005 2995 3116 3127 3006
1 5 2995 3116 3127 3006 2996 3117 3128 3007
1 5 2996 3117 3128 3007 2997 3118 3129 3008
1 5 2997 3118 3129 3008 2998 3119 3130 3009
1 5 2998 3119 3130 3009 2999 3120 3131 3010
1 5 2999 3120 3131 3010 3000 3121 3132 3011
1 5 3000 3121 3132 3011 3001 3122 3133 3012
1 5 3001 3122 3133 3012 3002 3123 3134 3013
1 5 3003 3124 3135 3014 3004 3125 3136 3015
1 5 3004 3125 3136 3015 3005 3126 3137 3016
1 5 3005 3126 3137 3016 3006 3127 3138 3017
1 5 3006 3127 3138 3017 3007 3128 3139 3018
1 5 3007 3128 3139 3018 3008 3129 3140 3019
1 5 3008 3129 3140 3019 3009 3130 3141 3020
1 5 3009 3130 3141 3020 3010 3131 3142 3021
1 5 3010 3131 3142 3021 3011 3132 3143 3022
1 5 3011 3132 3143 3022 3012 3133 3144 3023
1 5 3012 3133 3144 3023 3013 3134 3145 3024
1 5 3025 3146 3157 3036 3026 3147 3158 3037
1 5 3026 3147 3158 3037 3027 3148 3159 3038
1 5 3027 3148 3159 3038 3028 3149 3160 3039
1 5 3028 3149 3160 3039 3029 3150 3161 3040
1 5 3029 3150 3161 3040 3030 3151 3162 3041
1 5 3030 3151 3162 3041 3031 3152 3163 3042
1 5 3031 3152 3163 3042 3032 3153 3164 3043
1 5 3032 3153 3164 3043 3033 3154 3165 3044
1 5 3033 3154 3165 3044 3034 3155 3166 3045
1 5 3034 3155 3166 3045 3035 3156 3167 3046
1 5 3036 3157 3168 3047 3037 3158 3169 3048
1 5 3037 3158 3169 3048 3038 3159 3170 3049
1 5 3038 3159 3170 3049 3039 3160 3171 3050
1 5 3039 3160 3171 3050 3040 3161 3172 3051
1 5 3040 3161 3172 3051 3041 3162 3173 3052
1 5 3041 3162 3173 3052 3042 3163 3174 3053
1 5 3042 3163 3174 3053 3043 3164 3175 3054
1 5 3043 3164 3175 3054 3044 3165 3176 3055
1 5 3044 3165 3176 3055 3045 3166 3177 3056
1 5 3045 3166 3177 3056 3046 3167 3178 3057
1 5 3047 3168 3179 3058 3048 3169 3180 3059
1 5 3048 3169 3180 3059 3049 3170 3181 3060
1 5 3049 3170 3181 3060 3050 3171 3182 3061
1 5 3050 3171 3182 3061 3051 3172 3183 3062
1 5 3051 3172 3183 3062 3052 3173 3184 3063
1 5 3052 3173 3184 3063 3053 3174 3185 3064
1 5 3053 3174 3185 3064 3054 3175 3186 3065
1 5 3054 3175 3186 3065 3055 3176 3187 3066
1 5 3055 3176 3187 3066 3056 3177 3188 3067
1 5 3056 3177 3188 3067 3057 3178 3189 3068
1 5 3058 3179 3190 3069 3059 3180 3191 3070
1 5 3059 3180 3191 3070 3060 3181 3192 3071
1 5 3060 3181 3192 3071 3061 3182 3193 3072
1 5 3061 3182 3193 3072 3062 3183 3194 3073
1 5 3062 3183 3194 3073 3063 3184 3195 3074
1 5 3063 3184 3195 3074 3064 3185 3196 3075
1 5 3064 3185 3196 3075 3065 3186 3197 3076
1 5 3065 3186 3197 3076 3066 3187 3198 3077
1 5 3066 3187 3198 3077 3067 3188 3199 3078
1 5 3067 3188 3199 3078 3068 3189 3200 3079
1 5 3069 3190 3201 3080 3070 3191 3202 3081
1 5 3070 3191 3202 3081 3071 3192 3203 3082
1 5 3071 3192 3203 3082 3072 3193 3204 3083
1 5 3072 3193 3204 3083 3073 3194 3205 3084
1 5 3073 3194 3205 3084 3074 3195 3206 3085
1 5 3074 3195 3206 3085 3075 3196 3207 3086
1 5 3075 3196 3207 3086 3076 3197 3208 3087
1 5 3076 3197 3208 3087 3077 3198 3209 3088
1 5 3077 3198 3209 3088 3078 3199 3210 3089
1 5 3078 3199 3210 3089 3079 3200 3211 3090
1 5 3080 3201 3212 3091 3081 3202 3213 3092
1 5 3081 3202 3213 3092 3082 3203 3214 3093
1 5 3082 3203 3214 3093 3083 3204 3215 3094
1 5 3083 3204 3215 3094 3084 3205 3216 3095
1 5 3084 3205 3216 3095 3085 3206 3217 3096
1 5 3085 3206 3217 3096 3086 3207 3218 3097
1 5 3086 3207 3218 3097 3087 3208 3219 3098
1 5 3087 3208 3219 3098 3088 3209 3220 3099
1 5 3088 3209 3220 3099 3089 3210 3221 3100
1 5 3089 3210 3221 3100 3090 3211 3222 3101
1 5 3091 3212 3223 3102 3092 3213 3224 3103
1 5 3092 3213 3224 3103 3093 3214 3225 3104
1 5 3093 3214 3225 3104 3094 3215 3226 3105
1 5 3094 3215 3226 3105 3095 3216 3227 3106
1 5 3095 3216 3227 3106 3096 3217 3228 3107
1 5 3096 3217 3228 3107 3097 3218 3229 3108
1 5 3097 3218 3229 3108 3098 3219 3230 3109
1 5 3098 3219 3230 3109 3099 3220 3231 3110
1 5 3099 3220 3231 3110 3100 3221 3232 3111
1 5 3100 3221 3232 3111 3101 3222 3233 3112
1 5 3102 3223 3234 3113 3103 3224 3235 3114
1 5 3103 3224 3235 3114 3104 3225 3236 3115
1 5 3104 3225 3236 3115 3105 3226 3237 3116
1 5 3105 3226 3237 3116 3106 3227 3238 3117
1 5 3106 3227 3238 3117 3107 3228 3239 3118
1 5 3107 3228 3239 3118 3108 3229 3240 3119
1 5 3108 3229 3240 3119 3109 3230 3241 3120
1 5 3109 3230 3241 3120 3110 3231 3242 3121
1 5 3110 3231 3242 3121 3111 3232 3243 3122
1 5 3111 3232 3243 3122 3112 3233 3244 3123
1 5 3113 3234 3245 3124 3114 3235 3246 3125
1 5 3114 3235 3246 3125 3115 3236 3247 3126
1 5 3115 3236 3247 3126 3116 3237 3248 3127
1 5 3116 3237 3248 3127 3117 3238 3249 3128
1 5 3117 3238 3249 3128 3118 3239 3250 3129
1 5 3118 3239 3250 3129 3119 3240 3251 3130
1 5 3119 3240 3251 3130 3120 3241 3252 3131
1 5 3120 3241 3252 3131 3121 3242 3253 3132
1 5 3121 3242 3253 3132 3122 3243 3254 3133
1 5 3122 3243 3254 3133 3123 3244 3255 3134
1 5 3124 3245 3256 3135 3125 3246 3257 3136
1 5 3125 3246 3257 3136 3126 3247 3258 3137
1 5 3126 3247 3258 3137 3127 3248 3259 3138
1 5 3127 3248 3259 3138 3128 3249 3260 3139
1 5 3128 3249 3260 3139 3129 3250 3261 3140
1 5 3129 3250 3261 3140 3130 3251 3262 3141
1 5 3130 3251 3262 3141 3131 3252 3263 3142
1 5 3131 3252 3263 3142 3132 3253 3264 3143
1 5 3132 3253 3264 3143 3133 3254 3265 3144
1 5 3133 3254 3265 3144 3134 3255 3266 3145
1 5 3146 3267 3278 3157 3147 3268 3279 3158
1 5 3147 3268 3279 3158 3148 3269 3280 3159
1 5 3148 3269 3280 3159 3149 3270 3281 3160
1 5 3149 3270 3281 3160 3150 3271 3282 3161
1 5 3150 3271 3282 3161 3151 3272 3283 3162
1 5 3151 3272 3283 3162 3152 3273 3284 3163
1 5 3152 3273 3284 3163 3153 3274 3285 3164
1 5 3153 3274 3285 3164 3154 3275 3286 3165
1 5 3154 3275 3286 3165 3155 3276 3287 3166
1 5 3155 3276 3287 3166 3156 3277 3288 3167
1 5 3157 3278 3289 3168 3158 3279 3290 3169
1 5 3158 3279 3290 3169 3159 3280 3291 3170
1 5 3159 3280 3291 3170 3160 3281 3292 3171
1 5 3160 3281 3292 3171 3161 3282 3293 3172
1 5 3161 3282 3293 3172 3162 3283 3294 3173
1 5 3162 3283 3294 3173 3163 3284 3295 3174
1 5 3163 3284 3295 3174 3164 3285 3296 3175
1 5 3164 3285 3296 3175 3165 3286 3297 3176
1 5 3165 3286 3297 3176 3166 3287 3298 3177
1 5 3166 3287 3298 3177 3167 3288 3299 3178
1 5 3168 3289 3300 3179 3169 3290 3301 3180
1 5 3169 3290 3301 3180 3170 3291 3302 3181
1 5 3170 3291 3302 3181 3171 3292 3303 3182
1 5 3171 3292 3303 3182 3172 3293 3304 3183
1 5 3172 3293 3304 3183 3173 3294 3305 3184
1 5 3173 3294 3305 3184 3174 3295 3306 3185
1 5 3174 3295 3306 3185 3175 3296 3307 3186
1 5 3175 3296 3307 3186 3176 3297 3308 3187
1 5 3176 3297 3308 3187 3177 3298 3309 3188
1 5 3177 3298 3309 3188 3178 3299 3310 3189
1 5 3179 3300 3311 3190 3180 3301 3312 3191
1 5 3180 3301 3312 3191 3181 3302 3313 3192
1 5 3181 3302 3313 3192 3182 3303 3314 3193
1 5 3182 3303 3314 3193 3183 3304 3315 3194
1 5 3183 3304 3315 3194 3184 3305 3316 3195
1 5 3184 3305 3316 3195 3185 3306 3317 3196
1 5 3185 3306 3317 3196 3186 3307 3318 3197
1 5 3186 3307 3318 3197 3187 3308 3319 3198
1 5 3187 3308 3319 3198 3188 3309 3320 3199
1 5 3188 3309 3320 3199 3189 3310 3321 3200
1 5 3190 3311 3322 3201 3191 3312 3323 3202
1 5 3191 3312 3323 3202 3192 3313 3324 3203
1 5 3192 3313 3324 3203 3193 3314 3325 3204
1 5 3193 3314 3325 3204 3194 3315 3326 3205
1 5 3194 3315 3326 3205 3195 3316 3327 3206
1 5 3195 3316 3327 3206 3196 3317 3328 3207
1 5 3196 3317 3328 3207 3197 3318 3329 3208
1 5 3197 3318 3329 3208 3198 3319 3330 3209
1 5 3198 3319 3330 3209 3199 3320 3331 3210
1 5 3199 3320 3331 3210 3200 3321 3332 3211
1 5 3201 3322 3333 3212 3202 3323 3334 3213
1 5 3202 3323 3334 3213 3203 3324 3335 3214
1 5 3203 3324 3335 3214 3204 3325 3336 3215
1 5 3204 3325 3336 3215 3205 3326 3337 3216
1 5 3205 3326 3337 3216 3206 3327 3338 3217
1 5 3206 3327 3338 3217 3207 3328 3339 3218
1 5 3207 3328 3339 3218 3208 3329 3340 3219
1 5 3208 3329 3340 3219 3209 3330 3341 3220
1 5 3209 3330 3341 3220 3210 3331 3342 3221
1 5 3210 3331 3342 3221 3211 3332 3343 3222
1 5 3212 3333 3344 3223 3213 3334 3345 3224
1 5 3213 3334 3345 3224 3214 3335 3346 3225
1 5 3214 3335 3346 3225 3215 3336 3347 3226
1 5 3215 3336 3347 3226 3216 3337 3348 3227
1 5 3216 3337 3348 3227 3217 3338 3349 3228
1 5 3217 3338 3349 3228 3218 3339 3350 3229
1 5 3218 3339 3350 3229 3219 3340 3351 3230
1 5 3219 3340 3351 3230 3220 3341 3352 3231
1 5 3220 3341 3352 3231 3221 3342 3353 3232
1 5 3221 3342 3353 3232 3222 3343 3354 3233
1 5 3223 3344 3355 3234 3224 3345 3356 3235
1 5 3224 3345 3356 3235 3225 3346 3357 3236
1 5 3225 3346 3357 3236 3226 3347 3358 3237
1 5 3226 3347 3358 3237 3227 3348 3359 3238
1 5 3227 3348 3359 3238 3228 3349 3360 3239
1 5 3228 3349 3360 3239 3229 3350 3361 3240
1 5 3229 3350 3361 3240 3230 3351 3362 3241
1 5 3230 3351 3362 3241 3231 3352 3363 3242
1 5 3231 3352 3363 3242 3232 3353 3364 3243
1 5 3232 3353 3364 3243 3233 3354 3365 3244
1 5 3234 3355 3366 3245 3235 3356 3367 3246
1 5 3235 3356 3367 3246 3236 3357 3368 3247
1 5 3236 3357 3368 3247 3237 3358 3369 3248
1 5 3237 3358 3369 3248 3238 3359 3370 3249
1 5 3238 3359 3370 3249 3239 3360 3371 3250
1 5 3239 3360 3371 3250 3240 3361 3372 3251
1 5 3240 3361 3372 3251 3241 3362 3373 3252
1 5 3241 3362 3373 3252 3242 3363 3374 3253
1 5 3242 3363 3374 3253 3243 3364 3375 3254
1 5 3243 3364 3375 3254 3244 3365 3376 3255
1 5 3245 3366 3377 3256 3246 3367 3378 3257
1 5 3246 3367 3378 3257 3247 3368 3379 3258
1 5 3247 3368 3379 3258 3248 3369 3380 3259
1 5 3248 3369 3380 3259 3249 3370 3381 3260
1 5 3249 3370 3381 3260 3250 3371 3382 3261
1 5 3250 3371 3382 3261 3251 3372 3383 3262
1 5 3251 3372 3383 3262 3252 3373 3384 3263
1 5 3252 3373 3384 3263 3253 3374 3385 3264
1 5 3253 3374 3385 3264 3254 3375 3386 3265
1 5 3254 3375 3386 3265 3255 3376 3387 3266
1 5 3267 3388 3399 3278 3268 3389 3400 3279
1 5 3268 3389 3400 3279 3269 3390 3401 3280
1 5 3269 3390 3401 3280 3270 3391 3402 3281
1 5 3270 3391 3402 3281 3271 3392 3403 3282
1 5 3271 3392 3403 3282 3272 3393 3404 3283
1 5 3272 3393 3404 3283 3273 3394 3405 3284
1 5 3273 3394 3405 3284 3274 3395 3406 3285
1 5 3274 3395 3406 3285 3275 3396 3407 3286
1 5 3275 3396 3407 3286 3276 3397 3408 3287
1 5 3276 3397 3408 3287 3277 3398 3409 3288
1 5 3278 3399 3410 3289 3279 3400 3411 3290
1 5 3279 3400 3411 3290 3280 3401 3412 3291
1 5 3280 3401 3412 3291 3281 3402 3413 3292
1 5 3281 3402 3413 3292 3282 3403 3414 3293
1 5 3282 3403 3414 3293 3283 3404 3415 3294
1 5 3283 3404 3415 3294 3284 3405 3416 3295
1 5 3284 3405 3416 3295 3285 3406 3417 3296
1 5 3285 3406 3417 3296 3286 3407 3418 3297
1 5 3286 3407 3418 3297 3287 3408 3419 3298
1 5 3287 3408 3419 3298 3288 3409 3420 3299
1 5 3289 3410 3421 3300 3290 3411 3422 3301
1 5 3290 3411 3422 3301 3291 3412 3423 3302
1 5 3291 3412 3423 3302 3292 3413 3424 3303
1 5 3292 3413 3424 3303 3293 3414 3425 3304
1 5 3293 3414 3425 3304 3294 3415 3426 3305
1 5 3294 3415 3426 3305 3295 3416 3427 3306
1 5 3295 3416 3427 3306 3296 3417 3428 3307
1 5 3296 3417 3428 3307 3297 3418 3429 3308
1 5 3297 3418 3429 3308 3298 3419 3430 3309
1 5 3298 3419 3430 3309 3299 3420 3431 3310
1 5 3300 3421 3432 3311 3301 3422 3433 3312
1 5 3301 3422 3433 3312 3302 3423 3434 3313
1 5 3302 3423 3434 3313 3303 3424 3435 3314
1 5 3303 3424 3435 3314 3304 3425 3436 3315
1 5 3304 3425 3436 3315 3305 3426 3437 3316
1 5 3305 3426 3437 3316 3306 3427 3438 3317
1 5 3306 3427 3438 3317 3307 3428 3439 3318
1 5 3307 3428 3439 3318 3308 3429 3440 3319
1 5 3308 3429 3440 3319 3309 3430 3441 3320
1 5 3309 3430 3441 3320 3310 3431 3442 3321
1 5 3311 3432 3443 3322 3312 3433 3444 3323
1 5 3312 3433 3444 3323 3313 3434 3445 3324
1 5 3313 3434 3445 3324 3314 3435 3446 3325
1 5 3314 3435 3446 3325 3315 3436 3447 3326
1 5 3315 3436 3447 3326 3316 3437 3448 3327
1 5 3316 3437 3448 3327 3317 3438 3449 3328
1 5 3317 3438 3449 3328 3318 3439 3450 3329
1 5 3318 3439 3450 3329 3319 3440 3451 3330
1 5 3319 3440 3451 3330 3320 3441 3452 3331
1 5 3320 3441 3452 3331 3321 3442 3453 3332
1 5 3322 3443 3454 3333 3323 3444 3455 3334
1 5 3323 3444 3455 3334 3324 3445 3456 3335
1 5 3324 3445 3456 3335 3325 3446 3457 3336
1 5 3325 3446 3457 3336 3326 3447 3458 3337
1 5 3326 3447 3458 3337 3327 3448 3459 3338
1 5 3327 3448 3459 3338 3328 3449 3460 3339
1 5 3328 3449 3460 3339 3329 3450 3461 3340
1 5 3329 3450 3461 3340 3330 3451 3462 3341
1 5 3330 3451 3462 3341 3331 3452 3463 3342
1 5 3331 3452 3463 3342 3332 3453 3464 3343
1 5 3333 3454 3465 3344 3334 3455 3466 3345
1 5 3334 3455 3466 3345 3335 3456 3467 3346
1 5 3335 3456 3467 3346 3336 3457 3468 3347
1 5 3336 3457 3468 3347 3337 3458 3469 3348
1 5 3337 3458 3469 3348 3338 3459 3470 3349
1 5 3338 3459 3470 3349 3339 3460 3471 3350
1 5 3339 3460 3471 3350 3340 3461 3472 3351
1 5 3340 3461 3472 3351 3341 3462 3473 3352
1 5 3341 3462 3473 3352 3342 3463 3474 3353
1 5 3342 3463 3474 3353 3343 3464 3475 3354
1 5 3344 3465 3476 3355 3345 3466 3477 3356
1 5 3345 3466 3477 3356 3346 3467 3478 3357
1 5 3346 3467 3478 3357 3347 3468 3479 3358
1 5 3347 3468 3479 3358 3348 3469 3480 3359
1 5 3348 3469 3480 3359 3349 3470 3481 3360
1 5 3349 3470 3481 3360 3350 3471 3482 3361
1 5 3350 3471 3482 3361 3351 3472 3483 3362
1 5 3351 3472 3483 3362 3352 3473 3484 3363
1 5 3352 3473 3484 3363 3353 3474 3485 3364
1 5 3353 3474 3485 3364 3354 3475 3486 3365
1 5 3355 3476 3487 3366 3356 3477 3488 3367
1 5 3356 3477 3488 3367 3357 3478 3489 3368
1 5 3357 3478 3489 3368 3358 3479 3490 3369
1 5 3358 3479 3490 3369 3359 3480 3491 3370
1 5 3359 3480 3491 3370 3360 3481 3492 3371
1 5 3360 3481 3492 3371 3361 3482 3493 3372
1 5 3361 3482 3493 3372 3362 3483 3494 3373
1 5 3362 3483 3494 3373 3363 3484 3495 3374
1 5 3363 3484 3495 3374 3364 3485 3496 3375
1 5 3364 3485 3496 3375 3365 3486 3497 3376
1 5 3366 3487 3498 3377 3367 3488 3499 3378
1 5 3367 3488 3499 3378 3368 3489 3500 3379
1 5 3368 3489 3500 3379 3369 3490 3501 3380
1 5 3369 3490 3501 3380 3370 3491 3502 3381
1 5 3370 3491 3502 3381 3371 3492 3503 3382
1 5 3371 3492 3503 3382 3372 3493 3504 3383
1 5 3372 3493 3504 3383 3373 3494 3505 3384
1 5 3373 3494 3505 3384 3374 3495 3506 3385
1 5 3374 3495 3506 3385 3375 3496 3507 3386
1 5 3375 3496 3507 3386 3376 3497 3508 3387
1 5 3388 3509 3520 3399 3389 3510 3521 3400
1 5 3389 3510 3521 3400 3390 3511 3522 3401
1 5 3390 3511 3522 3401 3391 3512 3523 3402
1 5 3391 3512 3523 3402 3392 3513 3524 3403
1 5 3392 3513 3524 3403 3393 3514 3525 3404
1 5 3393 3514 3525 3404 3394 3515 3526 3405
1 5 3394 3515 3526 3405 3395 3516 3527 3406
1 5 3395 3516 3527 3406 3396 3517 3528 3407
1 5 3396 3517 3528 3407 3397 3518 3529 3408
1 5 3397 3518 3529 3408 3398 3519 3530 3409
1 5 3399 3520 3531 3410 3400 3521 3532 3411
1 5 3400 3521 3532 3411 3401 3522 3533 3412
1 5 3401 3522 3533 3412 3402 3523 3534 3413
1 5 3402 3523 3534 3413 3403 3524 3535 3414
1 5 3403 3524 3535 3414 3404 3525 3536 3415
1 5 3404 3525 3536 3415 3405 3526 3537 3416
1 5 3405 3526 3537 3416 3406 3527 3538 3417
1 5 3406 3527 3538 3417 3407 3528 3539 3418
1 5 3407 3528 3539 3418 3408 3529 3540 3419
1 5 3408 3529 3540 3419 3409 3530 3541 3420
1 5 3410 3531 3542 3421 3411 3532 3543 3422
1 5 3411 3532 3543 3422 3412 3533 3544 3423
1 5 3412 3533 3544 3423 3413 3534 3545 3424
1 5 3413 3534 3545 3424 3414 3535 3546 3425
1 5 3414 3535 3546 3425 3415 3536 3547 3426
1 5 3415 3536 3547 3426 3416 3537 3548 3427
1 5 3416 3537 3548 3427 3417 3538 3549 3428
1 5 3417 3538 3549 3428 3418 3539 3550 3429
1 5 3418 3539 3550 3429 3419 3540 3551 3430
1 5 3419 3540 3551 3430 3420 3541 3552 3431
1 5 3421 3542 3553 3432 3422 3543 3554 3433
1 5 3422 3543 3554 3433 3423 3544 3555 3434
1 5 3423 3544 3555 3434 3424 3545 3556 3435
1 5 3424 3545 3556 3435 3425 3546 3557 3436
1 5 3425 3546 3557 3436 3426 3547 3558 3437
1 5 3426 3547 3558 3437 3427 3548 3559 3438
1 5 3427 3548 3559 3438 3428 3549 3560 3439
1 5 3428 3549 3560 3439 3429 3550 3561 3440
1 5 3429 3550 3561 3440 3430 3551 3562 3441
1 5 3430 3551 3562 3441 3431 3552 3563 3442
1 5 3432 3553 3564 3443 3433 3554 3565 3444
1 5 3433 3554 3565 3444 3434 3555 3566 3445
1 5 3434 3555 3566 3445 3435 3556 3567 3446
1 5 3435 3556 3567 3446 3436 3557 3568 3447
1 5 3436 3557 3568 3447 3437 3558 3569 3448
1 5 3437 3558 3569 3448 3438 3559 3570 3449
1 5 3438 3559 3570 3449 3439 3560 3571 3450
1 5 3439 3560 3571 3450 3440 3561 3572 3451
1 5 3440 3561 3572 3451 3441 3562 3573 3452
1 5 3441 3562 3573 3452 3442 3563 3574 3453
1 5 3443 3564 3575 3454 3444 3565 3576 3455
1 5 3444 3565 3576 3455 3445 3566 3577 3456
1 5 3445 3566 3577 3456 3446 3567 3578 3457
1 5 3446 3567 3578 3457 3447 3568 3579 3458
1 5 3447 3568 3579 3458 3448 3569 3580 3459
1 5 3448 3569 3580 3459 3449 3570 3581 3460
1 5 3449 3570 3581 3460 3450 3571 3582 3461
1 5 3450 3571 3582 3461 3451 3572 3583 3462
1 5 3451 3572 3583 3462 3452 3573 3584 3463
1 5 3452 3573 3584 3463 3453 3574 3585 3464
1 5 3454 3575 3586 3465 3455 3576 3587 3466
1 5 3455 3576 3587 3466 3456 3577 3588 3467
1 5 3456 3577 3588 3467 3457 3578 3589 3468
1 5 3457 3578 3589 3468 3458 3579 3590 3469
1 5 3458 3579 3590 3469 3459 3580 3591 3470
1 5 3459 3580 3591 3470 3460 3581 3592 3471
1 5 3460 3581 3592 3471 3461 3582 3593 3472
1 5 3461 3582 3593 3472 3462 3583 3594 3473
1 5 3462 3583 3594 3473 3463 3584 3595 3474
1 5 3463 3584 3595 3474 3464 3585 3596 3475
1 5 3465 3586 3597 3476 3466 3587 3598 3477
1 5 3466 3587 3598 3477 3467 3588 3599 3478
1 5 3467 3588 3599 3478 3468 3589 3600 3479
1 5 3468 3589 3600 3479 3469 3590 3601 3480
1 5 3469 3590 3601 3480 3470 3591 3602 3481
1 5 3470 3591 3602 3481 3471 3592 3603 3482
1 5 3471 3592 3603 3482 3472 3593 3604 3483
1 5 3472 3593 3604 3483 3473 3594 3605 3484
1 5 3473 3594 3605 3484 3474 3595 3606 3485
1 5 3474 3595 3606 3485 3475 3596 3607 3486
1 5 3476 3597 3608 3487 3477 3598 3609 3488
1 5 3477 3598 3609 3488 3478 3599 3610 3489
1 5 3478 3599 3610 3489 3479 3600 3611 3490
1 5 3479 3600 3611 3490 3480 3601 3612 3491
1 5 3480 3601 3612 3491 3481 3602 3613 3492
1 5 3481 3602 3613 3492 3482 3603 3614 3493
1 5 3482 3603 3614 3493 3483 3604 3615 3494
1 5 3483 3604 3615 3494 3484 3605 3616 3495
1 5 3484 3605 3616 3495 3485 3606 3617 3496
1 5 3485 3606 3617 3496 3486 3607 3618 3497
1 5 3487 3608 3619 3498 3488 3609 3620 3499
1 5 3488 3609 3620 3499 3489 3610 3621 3500
1 5 3489 3610 3621 3500 3490 3611 3622 3501
1 5 3490 3611 3622 3501 3491 3612 3623 3502
1 5 3491 3612 3623 3502 3492 3613 3624 3503
1 5 3492 3613 3624 3503 3493 3614 3625 3504
1 5 3493 3614 3625 3504 3494 3615 3626 3505
1 5 3494 3615 3626 3505 3495 3616 3627 3506
1 5 3495 3616 3627 3506 3496 3617 3628 3507
1 5 3496 3617 3628 3507 3497 3618 3629 3508
1 5 3509 3630 3641 3520 3510 3631 3642 3521
1 5 3510 3631 3642 3521 3511 3632 3643 3522
1 5 3511 3632 3643 3522 3512 3633 3644 3523
1 5 3512 3633 3644 3523 3513 3634 3645 3524
1 5 3513 3634 3645 3524 3514 3635 3646 3525
1 5 3514 3635 3646 3525 3515 3636 3647 3526
1 5 3515 3636 3647 3526 3516 3637 3648 3527
1 5 3516 3637 3648 3527 3517 3638 3649 3528
1 5 3517 3638 3649 3528 3518 3639 3650 3529
1 5 3518 3639 3650 3529 3519 3640 3651 3530
1 5 3520 3641 3652 3531 3521 3642 3653 3532
1 5 3521 3642 3653 3532 3522 3643 3654 3533
1 5 3522 3643 3654 3533 3523 3644 3655 3534
1 5 3523 3644 3655 3534 3524 3645 3656 3535
1 5 3524 3645 3656 3535 3525 3646 3657 3536
1 5 3525 3646 3657 3536 3526 3647 3658 3537
1 5 3526 3647 3658 3537 3527 3648 3659 3538
1 5 3527 3648 3659 3538 3528 3649 3660 3539
1 5 3528 3649 3660 3539 3529 3650 3661 3540
1 5 3529 3650 3661 3540 3530 3651 3662 3541
1 5 3531 3652 3663 3542 3532 3653 3664 3543
1 5 3532 3653 3664 3543 3533 3654 3665 3544
1 5 3533 3654 3665 3544 3534 3655 3666 3545
1 5 3534 3655 3666 3545 3535 3656 3667 3546
1 5 3535 3656 3667 3546 3536 3657 3668 3547
1 5 3536 3657 3668 3547 3537 3658 3669 3548
1 5 3537 3658 3669 3548 3538 3659 3670 3549
1 5 3538 3659 3670 3549 3539 3660 3671 3550
1 5 3539 3660 3671 3550 3540 3661 3672 3551
1 5 3540 3661 3672 3551 3541 3662 3673 3552
1 5 3542 3663 3674 3553 3543 3664 3675 3554
1 5 3543 3664 3675 3554 3544 3665 3676 3555
1 5 3544 3665 3676 3555 3545 3666 3677 3556
1 5 3545 3666 3677 3556 3546 3667 3678 3557
1 5 3546 3667 3678 3557 3547 3668 3679 3558
1 5 3547 3668 3679 3558 3548 3669 3680 3559
1 5 3548 3669 3680 3559 3549 3670 3681 3560
1 5 3549 3670 3681 3560 3550 3671 3682 3561
1 5 3550 3671 3682 3561 3551 3672 3683 3562
1 5 3551 3672 3683 3562 3552 3673 3684 3563
1 5 3553 3674 3685 3564 3554 3675 3686 3565
1 5 3554 3675 3686 3565 3555 3676 3687 3566
1 5 3555 3676 3687 3566 3556 3677 3688 3567
1 5 3556 3677 3688 3567 3557 3678 3689 3568
1 5 3557 3678 3689 3568 3558 3679 3690 3569
1 5 3558 3679 3690 3569 3559 3680 3691 3570
1 5 3559 3680 3691 3570 3560 3681 3692 3571
1 5 3560 3681 3692 3571 3561 3682 3693 3572
1 5 3561 3682 3693 3572 3562 3683 3694 3573
1 5 3562 3683 3694 3573 3563 3684 3695 3574
1 5 3564 3685 3696 3575 3565 3686 3697 3576
1 5 3565 3686 3697 3576 3566 3687 3698 3577
1 5 3566 3687 3698 3577 3567 3688 3699 3578
1 5 3567 3688 3699 3578 3568 3689 3700 3579
1 5 3568 3689 3700 3579 3569 3690 3701 3580
1 5 3569 3690 3701 3580 3570 3691 3702 3581
1 5 3570 3691 3702 3581 3571 3692 3703 3582
1 5 3571 3692 3703 3582 3572 3693 3704 3583
1 5 3572 3693 3704 3583 3573 3694 3705 3584
1 5 3573 3694 3705 3584 3574 3695 3706 3585
1 5 3575 3696 3707 3586 3576 3697 3708 3587
1 5 3576 3697 3708 3587 3577 3698 3709 3588
1 5 3577 3698 3709 3588 3578 3699 3710 3589
1 5 3578 3699 3710 3589 3579 3700 3711 3590
1 5 3579 3700 3711 3590 3580 3701 3712 3591
1 5 3580 3701 3712 3591 3581 3702 3713 3592
1 5 3581 3702 3713 3592 3582 3703 3714 3593
1 5 3582 3703 3714 3593 3583 3704 3715 3594
1 5 3583 3704 3715 3594 3584 3705 3716 3595
1 5 3584 3705 3716 3595 3585 3706 3717 3596
1 5 3586 3707 3718 3597 3587 3708 3719 3598
1 5 3587 3708 3719 3598 3588 3709 3720 3599
1 5 3588 3709 3720 3599 3589 3710 3721 3600
1 5 3589 3710 3721 3600 3590 3711 3722 3601
1 5 3590 3711 3722 3601 3591 3712 3723 3602
1 5 3591 3712 3723 3602 3592 3713 3724 3603
1 5 3592 3713 3724 3603 3593 3714 3725 3604
1 5 3593 3714 3725 3604 3594 3715 3726 3605
1 5 3594 3715 3726 3605 3595 3716 3727 3606
1 5 3595 3716 3727 3606 3596 3717 3728 3607
1 5 3597 3718 3729 3608 3598 3719 3730 3609
1 5 3598 3719 3730 3609 3599 3720 3731 3610
1 5 3599 3720 3731 3610 3600 3721 3732 3611
1 5 3600 3721 3732 3611 3601 3722 3733 3612
1 5 3601 3722 3733 3612 3602 3723 3734 3613
1 5 3602 3723 3734 3613 3603 3724 3735 3614
1 5 3603 3724 3735 3614 3604 3725 3736 3615
1 5 3604 3725 3736 3615 3605 3726 3737 3616
1 5 3605 3726 3737 3616 3606 3727 3738 3617
1 5 3606 3727 3738 3617 3607 3728 3739 3618
1 5 3608 3729 3740 3619 3609 3730 3741 3620
1 5 3609 3730 3741 3620 3610 3731 3742 3621
1 5 3610 3731 3742 3621 3611 3732 3743 3622
1 5 3611 3732 3743 3622 3612 3733 3744 3623
1 5 3612 3733 3744 3623 3613 3734 3745 3624
1 5 3613 3734 3745 3624 3614 3735 3746 3625
1 5 3614 3735 3746 3625 3615 3736 3747 3626
1 5 3615 3736 3747 3626 3616 3737 3748 3627
1 5 3616 3737 3748 3627 3617 3738 3749 3628
1 5 3617 3738 3749 3628 3618 3739 3750 3629
1 5 3630 3751 3762 3641 3631 3752 3763 3642
1 5 3631 3752 3763 3642 3632 3753 3764 3643
1 5 3632 3753 3764 3643 3633 3754 3765 3644
1 5 3633 3754 3765 3644 3634 3755 3766 3645
1 5 3634 3755 3766 3645 3635 3756 3767 3646
1 5 3635 3756 3767 3646 3636 3757 3768 3647
1 5 3636 3757 3768 3647 3637 3758 3769 3648
1 5 3637 3758 3769 3648 3638 3759 3770 3649
1 5 3638 3759 3770 3649 3639 3760 3771 3650
1 5 3639 3760 3771 3650 3640 3761 3772 3651
1 5 3641 3762 3773 3652 3642 3763 3774 3653
1 5 3642 3763 3774 3653 3643 3764 3775 3654
1 5 3643 3764 3775 3654 3644 3765 3776 3655
1 5 3644 3765 3776 3655 3645 3766 3777 3656
1 5 3645 3766 3777 3656 3646 3767 3778 3657
1 5 3646 3767 3778 3657 3647 3768 3779 3658
1 5 3647 3768 3779 3658 3648 3769 3780 3659
1 5 3648 3769 3780 3659 3649 3770 3781 3660
1 5 3649 3770 3781 3660 3650 3771 3782 3661
1 5 3650 3771 3782 3661 3651 3772 3783 3662
1 5 3652 3773 3784 3663 3653 3774 3785 3664
1 5 3653 3774 3785 3664 3654 3775 3786 3665
1 5 3654 3775 3786 3665 3655 3776 3787 3666
1 5 3655 3776 3787 3666 3656 3777 3788 3667
1 5 3656 3777 3788 3667 3657 3778 3789 3668
1 5 3657 3778 3789 3668 3658 3779 3790 3669
1 5 3658 3779 3790 3669 3659 3780 3791 3670
1 5 3659 3780 3791 3670 3660 3781 3792 3671
1 5 3660 3781 3792 3671 3661 3782 3793 3672
1 5 3661 3782 3793 3672 3662 3783 3794 3673
1 5 3663 3784 3795 3674 3664 3785 3796 3675
1 5 3664 3785 3796 3675 3665 3786 3797 3676
1 5 3665 3786 3797 3676 3666 3787 3798 3677
1 5 3666 3787 3798 3677 3667 3788 3799 3678
1 5 3667 3788 3799 3678 3668 3789 3800 3679
1 5 3668 3789 3800 3679 3669 3790 3801 3680
1 5 3669 3790 3801 3680 3670 3791 3802 3681
1 5 3670 3791 3802 3681 3671 3792 3803 3682
1 5 3671 3792 3803 3682 3672 3793 3804 3683
1 5 3672 3793 3804 3683 3673 3794 3805 3684
1 5 3674 3795 3806 3685 3675 3796 3807 3686
1 5 3675 3796 3807 3686 3676 3797 3808 3687
1 5 3676 3797 3808 3687 3677 3798 3809 3688
1 5 3677 3798 3809 3688 3678 3799 3810 3689
1 5 3678 3799 3810 3689 3679 3800 3811 3690
1 5 3679 3800 3811 3690 3680 3801 3812 3691
1 5 3680 3801 3812 3691 3681 3802 3813 3692
1 5 3681 3802 3813 3692 3682 3803 3814 3693
1 5 3682 3803 3814 3693 3683 3804 3815 3694
1 5 3683 3804 3815 3694 3684 3805 3816 3695
1 5 3685 3806 3817 3696 3686 3807 3818 3697
1 5 3686 3807 3818 3697 3687 3808 3819 3698
1 5 3687 3808 3819 3698 3688 3809 3820 3699
1 5 3688 3809 3820 3699 3689 3810 3821 3700
1 5 3689 3810 3821 3700 3690 3811 3822 3701
1 5 3690 3811 3822 3701 3691 3812 3823 3702
1 5 3691 3812 3823 3702 3692 3813 3824 3703
1 5 3692 3813 3824 3703 3693 3814 3825 3704
1 5 3693 3814 3825 3704 3694 3815 3826 3705
1 5 3694 3815 3826 3705 3695 3816 3827 3706
1 5 3696 3817 3828 3707 3697 3818 3829 3708
1 5 3697 3818 3829 3708 3698 3819 3830 3709
1 5 3698 3819 3830 3709 3699 3820 3831 3710
1 5 3699 3820 3831 3710 3700 3821 3832 3711
1 5 3700 3821 3832 3711 3701 3822 3833 3712
1 5 3701 3822 3833 3712 3702 3823 3834 3713
1 5 3702 3823 3834 3713 3703 3824 3835 3714
1 5 3703 3824 3835 3714 3704 3825 3836 3715
1 5 3704 3825 3836 3715 3705 3826 3837 3716
1 5 3705 3826 3837 3716 3706 3827 3838 3717
1 5 3707 3828 3839 3718 3708 3829 3840 3719
1 5 3708 3829 3840 3719 3709 3830 3841 3720
1 5 3709 3830 3841 3720 3710 3831 3842 3721
1 5 3710 3831 3842 3721 3711 3832 3843 3722
1 5 3711 3832 3843 3722 3712 3833 3844 3723
1 5 3712 3833 3844 3723 3713 3834 3845 3724
1 5 3713 3834 3845 3724 3714 3835 3846 3725
1 5 3714 3835 3846 3725 3715 3836 3847 3726
1 5 3715 3836 3847 3726 3716 3837 3848 3727
1 5 3716 3837 3848 3727 3717 3838 3849 3728
1 5 3718 3839 3850 3729 3719 3840 3851 3730
1 5 3719 3840 3851 3730 3720 3841 3852 3731
1 5 3720 3841 3852 3731 3721 3842 3853 3732
1 5 3721 3842 3853 3732 3722 3843 3854 3733
1 5 3722 3843 3854 3733 3723 3844 3855 3734
1 5 3723 3844 3855 3734 3724 3845 3856 3735
1 5 3724 3845 3856 3735 3725 3846 3857 3736
1 5 3725 3846 3857 3736 3726 3847 3858 3737
1 5 3726 3847 3858 3737 3727 3848 3859 3738
1 5 3727 3848 3859 3738 3728 3849 3860 3739
1 5 3729 3850 3861 3740 3730 3851 3862 3741
1 5 3730 3851 3862 3741 3731 3852 3863 3742
1 5 3731 3852 3863 3742 3732 3853 3864 3743
1 5 3732 3853 3864 3743 3733 3854 3865 3744
1 5 3733 3854 3865 3744 3734 3855 3866 3745
1 5 3734 3855 3866 3745 3735 3856 3867 3746
1 5 3735 3856 3867 3746 3736 3857 3868 3747
1 5 3736 3857 3868 3747 3737 3858 3869 3748
1 5 3737 3858 3869 3748 3738 3859 3870 3749
1 5 3738 3859 3870 3749 3739 3860 3871 3750
1 5 3751 3872 3883 3762 3752 3873 3884 3763
1 5 3752 3873 3884 3763 3753 3874 3885 3764
1 5 3753 3874 3885 3764 3754 3875 3886 3765
1 5 3754 3875 3886 3765 3755 3876 3887 3766
1 5 3755 3876 3887 3766 3756 3877 3888 3767
1 5 3756 3877 3888 3767 3757 3878 3889 3768
1 5 3757 3878 3889 3768 3758 3879 3890 3769
1 5 3758 3879 3890 3769 3759 3880 3891 3770
1 5 3759 3880 3891 3770 3760 3881 3892 3771
1 5 3760 3881 3892 3771 3761 3882 3893 3772
1 5 3762 3883 3894 3773 3763 3884 3895 3774
1 5 3763 3884 3895 3774 3764 3885 3896 3775
1 5 3764 3885 3896 3775 3765 3886 3897 3776
1 5 3765 3886 3897 3776 3766 3887 3898 3777
1 5 3766 3887 3898 3777 3767 3888 3899 3778
1 5 3767 3888 3899 3778 3768 3889 3900 3779
1 5 3768 3889 3900 3779 3769 3890 3901 3780
1 5 3769 3890 3901 3780 3770 3891 3902 3781
1 5 3770 3891 3902 3781 3771 3892 3903 3782
1 5 3771 3892 3903 3782 3772 3893 3904 3783
1 5 3773 3894 3905 3784 3774 3895 3906 3785
1 5 3774 3895 3906 3785 3775 3896 3907 3786
1 5 3775 3896 3907 3786 3776 3897 3908 3787
1 5 3776 3897 3908 3787 3777 3898 3909 3788
1 5 3777 3898 3909 3788 3778 3899 3910 3789
1 5 3778 3899 3910 3789 3779 3900 3911 3790
1 5 3779 3900 3911 3790 3780 3901 3912 3791
1 5 3780 3901 3912 3791 3781 3902 3913 3792
1 5 3781 3902 3913 3792 3782 3903 3914 3793
1 5 3782 3903 3914 3793 3783 3904 3915 3794
1 5 3784 3905 3916 3795 3785 3906 3917 3796
1 5 3785 3906 3917 3796 3786 3907 3918 3797
1 5 3786 3907 3918 3797 3787 3908 3919 3798
1 5 3787 3908 3919 3798 3788 3909 3920 3799
1 5 3788 3909 3920 3799 3789 3910 3921 3800
1 5 3789 3910 3921 3800 3790 3911 3922 3801
1 5 3790 3911 3922 3801 3791 3912 3923 3802
1 5 3791 3912 3923 3802 3792 3913 3924 3803
1 5 3792 3913 3924 3803 3793 3914 3925 3804
1 5 3793 3914 3925 3804 3794 3915 3926 3805
1 5 3795 3916 3927 3806 3796 3917 3928 3807
1 5 3796 3917 3928 3807 3797 3918 3929 3808
1 5 3797 3918 3929 3808 3798 3919 3930 3809
1 5 3798 3919 3930 3809 3799 3920 3931 3810
1 5 3799 3920 3931 3810 3800 3921 3932 3811
1 5 3800 3921 3932 3811 3801 3922 3933 3812
1 5 3801 3922 3933 3812 3802 3923 3934 3813
1 5 3802 3923 3934 3813 3803 3924 3935 3814
1 5 3803 3924 3935 3814 3804 3925 3936 3815
1 5 3804 3925 3936 3815 3805 3926 3937 3816
1 5 3806 3927 3938 3817 3807 3928 3939 3818
1 5 3807 3928 3939 3818 3808 3929 3940 3819
1 5 3808 3929 3940 3819 3809 3930 3941 3820
1 5 3809 3930 3941 3820 3810 3931 3942 3821
1 5 3810 3931 3942 3821 3811 3932 3943 3822
1 5 3811 3932 3943 3822 3812 3933 3944 3823
1 5 3812 3933 3944 3823 3813 3934 3945 3824
1 5 3813 3934 3945 3824 3814 3935 3946 3825
1 5 3814 3935 3946 3825 3815 3936 3947 3826
1 5 3815 3936 3947 3826 3816 3937 3948 3827
1 5 3817 3938 3949 3828 3818 3939 3950 3829
1 5 3818 3939 3950 3829 3819 3940 3951 3830
1 5 3819 3940 3951 3830 3820 3941 3952 3831
1 5 3820 3941 3952 3831 3821 3942 3953 3832
1 5 3821 3942 3953 3832 3822 3943 3954 3833
1 5 3822 3943 3954 3833 3823 3944 3955 3834
1 5 3823 3944 3955 3834 3824 3945 3956 3835
1 5 3824 3945 3956 3835 3825 3946 3957 3836
1 5 3825 3946 3957 3836 3826 3947 3958 3837
1 5 3826 3947 3958 3837 3827 3948 3959 3838
1 5 3828 3949 3960 3839 3829 3950 3961 3840
1 5 3829 3950 3961 3840 3830 3951 3962 3841
1 5 3830 3951 3962 3841 3831 3952 3963 3842
1 5 3831 3952 3963 3842 3832 3953 3964 3843
1 5 3832 3953 3964 3843 3833 3954 3965 3844
1 5 3833 3954 3965 3844 3834 3955 3966 3845
1 5 3834 3955 3966 3845 3835 3956 3967 3846
1 5 3835 3956 3967 3846 3836 3957 3968 3847
1 5 3836 3957 3968 3847 3837 3958 3969 3848
1 5 3837 3958 3969 3848 3838 3959 3970 3849
1 5 3839 3960 3971 3850 3840 3961 3972 3851
1 5 3840 3961 3972 3851 3841 3962 3973 3852
1 5 3841 3962 3973 3852 3842 3963 3974 3853
1 5 3842 3963 3974 3853 3843 3964 3975 3854
1 5 3843 3964 3975 3854 3844 3965 3976 3855
1 5 3844 3965 3976 3855 3845 3966 3977 3856
1 5 3845 3966 3977 3856 3846 3967 3978 3857
1 5 3846 3967 3978 3857 3847 3968 3979 3858
1 5 3847 3968 3979 3858 3848 3969 3980 3859
1 5 3848 3969 3980 3859 3849 3970 3981 3860
1 5 3850 3971 3982 3861 3851 3972 3983 3862
1 5 3851 3972 3983 3862 3852 3973 3984 3863
1 5 3852 3973 3984 3863 3853 3974 3985 3864
1 5 3853 3974 3985 3864 3854 3975 3986 3865
1 5 3854 3975 3986 3865 3855 3976 3987 3866
1 5 3855 3976 3987 3866 3856 3977 3988 3867
1 5 3856 3977 3988 3867 3857 3978 3989 3868
1 5 3857 3978 3989 3868 3858 3979 3990 3869
1 5 3858 3979 3990 3869 3859 3980 3991 3870
1 5 3859 3980 3991 3870 3860 3981 3992 3871
1 5 3872 3993 4004 3883 3873 3994 4005 3884
1 5 3873 3994 4005 3884 3874 3995 4006 3885
1 5 3874 3995 4006 3885 3875 3996 4007 3886
1 5 3875 3996 4007 3886 3876 3997 4008 3887
1 5 3876 3997 4008 3887 3877 3998 4009 3888
1 5 3877 3998 4009 3888 3878 3999 4010 3889
1 5 3878 3999 4010 3889 3879 4000 4011 3890
1 5 3879 4000 4011 3890 3880 4001 4012 3891
1 5 3880 4001 4012 3891 3881 4002 4013 3892
1 5 3881 4002 4013 3892 3882 4003 4014 3893
1 5 3883 4004 4015 3894 3884 4005 4016 3895
1 5 3884 4005 4016 3895 3885 4006 4017 3896
1 5 3885 4006 4017 3896 3886 4007 4018 3897
1 5 3886 4007 4018 3897 3887 4008 4019 3898
1 5 3887 4008 4019 3898 3888 4009 4020 3899
1 5 3888 4009 4020 3899 3889 4010 4021 3900
1 5 3889 4010 4021 3900 3890 4011 4022 3901
1 5 3890 4011 4022 3901 3891 4012 4023 3902
1 5 3891 4012 4023 3902 3892 4013 4024 3903
1 5 3892 4013 4024 3903 3893 4014 4025 3904
1 5 3894 4015 4026 3905 3895 4016 4027 3906
1 5 3895 4016 4027 3906 3896 4017 4028 3907
1 5 3896 4017 4028 3907 3897 4018 4029 3908
1 5 3897 4018 4029 3908 3898 4019 4030 3909
1 5 3898 4019 4030 3909 3899 4020 4031 3910
1 5 3899 4020 4031 3910 3900 4021 4032 3911
1 5 3900 4021 4032 3911 3901 4022 4033 3912
1 5 3901 4022 4033 3912 3902 4023 4034 3913
1 5 3902 4023 4034 3913 3903 4024 4035 3914
1 5 3903 4024 4035 3914 3904 4025 4036 3915
1 5 3905 4026 4037 3916 3906 4027 4038 3917
1 5 3906 4027 4038 3917 3907 4028 4039 3918
1 5 3907 4028 4039 3918 3908 4029 4040 3919
1 5 3908 4029 4040 3919 3909 4030 4041 3920
1 5 3909 4030 4041 3920 3910 4031 4042 3921
1 5 3910 4031 4042 3921 3911 4032 4043 3922
1 5 3911 4032 4043 3922 3912 4033 4044 3923
1 5 3912 4033 4044 3923 3913 4034 4045 3924
1 5 3913 4034 4045 3924 3914 4035 4046 3925
1 5 3914 4035 4046 3925 3915 4036 4047 3926
1 5 3916 4037 4048 3927 3917 4038 4049 3928
1 5 3917 4038 4049 3928 3918 4039 4050 3929
1 5 3918 4039 4050 3929 3919 4040 4051 3930
1 5 3919 4040 4051 3930 3920 4041 4052 3931
1 5 3920 4041 4052 3931 3921 4042 4053 3932
1 5 3921 4042 4053 3932 3922 4043 4054 3933
1 5 3922 4043 4054 3933 3923 4044 4055 3934
1 5 3923 4044 4055 3934 3924 4045 4056 3935
1 5 3924 4045 4056 3935 3925 4046 4057 3936
1 5 3925 4046 4057 3936 3926 4047 4058 3937
1 5 3927 4048 4059 3938 3928 4049 4060 3939
1 5 3928 4049 4060 3939 3929 4050 4061 3940
1 5 3929 4050 4061 3940 3930 4051 4062 3941
1 5 3930 4051 4062 3941 3931 4052 4063 3942
1 5 3931 4052 4063 3942 3932 4053 4064 3943
1 5 3932 4053 4064 3943 3933 4054 4065 3944
1 5 3933 4054 4065 3944 3934 4055 4066 3945
1 5 3934 4055 4066 3945 3935 4056 4067 3946
1 5 3935 4056 4067 3946 3936 4057 4068 3947
1 5 3936 4057 4068 3947 3937 4058 4069 3948
1 5 3938 4059 4070 3949 3939 4060 4071 3950
1 5 3939 4060 4071 3950 3940 4061 4072 3951
1 5 3940 4061 4072 3951 3941 4062 4073 3952
1 5 3941 4062 4073 3952 3942 4063 4074 3953
1 5 3942 4063 4074 3953 3943 4064 4075 3954
1 5 3943 4064 4075 3954 3944 4065 4076 3955
1 5 3944 4065 4076 3955 3945 4066 4077 3956
1 5 3945 4066 4077 3956 3946 4067 4078 3957
1 5 3946 4067 4078 3957 3947 4068 4079 3958
1 5 3947 4068 4079 3958 3948 4069 4080 3959
1 5 3949 4070 4081 3960 3950 4071 4082 3961
1 5 3950 4071 4082 3961 3951 4072 4083 3962
1 5 3951 4072 4083 3962 3952 4073 4084 3963
1 5 3952 4073 4084 3963 3953 4074 4085 3964
1 5 3953 4074 4085 3964 3954 4075 4086 3965
1 5 3954 4075 4086 3965 3955 4076 4087 3966
1 5 3955 4076 4087 3966 3956 4077 4088 3967
1 5 3956 4077 4088 3967 3957 4078 4089 3968
1 5 3957 4078 4089 3968 3958 4079 4090 3969
1 5 3958 4079 4090 3969 3959 4080 4091 3970
1 5 3960 4081 4092 3971 3961 4082 4093 3972
1 5 3961 4082 4093 3972 3962 4083 4094 3973
1 5 3962 4083 4094 3973 3963 4084 4095 3974
1 5 3963 4084 4095 3974 3964 4085 4096 3975
1 5 3964 4085 4096 3975 3965 4086 4097 3976
1 5 3965 4086 4097 3976 3966 4087 4098 3977
1 5 3966 4087 4098 3977 3967 4088 4099 3978
1 5 3967 4088 4099 3978 3968 4089 4100 3979
1 5 3968 4089 4100 3979 3969 4090 4101 3980
1 5 3969 4090 4101 3980 3970 4091 4102 3981
1 5 3971 4092 4103 3982 3972 4093 4104 3983
1 5 3972 4093 4104 3983 3973 4094 4105 3984
1 5 3973 4094 4105 3984 3974 4095 4106 3985
1 5 3974 4095 4106 3985 3975 4096 4107 3986
1 5 3975 4096 4107 3986 3976 4097 4108 3987
1 5 3976 4097 4108 3987 3977 4098 4109 3988
1 5 3977 4098 4109 3988 3978 4099 4110 3989
1 5 3978 4099 4110 3989 3979 4100 4111 3990
1 5 3979 4100 4111 3990 3980 4101 4112 3991
1 5 3980 4101 4112 3991 3981 4102 4113 3992
1 5 3993 4114 4125 4004 3994 4115 4126 4005
1 5 3994 4115 4126 4005 3995 4116 4127 4006
1 5 3995 4116 4127 4006 3996 4117 4128 4007
1 5 3996 4117 4128 4007 3997 4118 4129 4008
1 5 3997 4118 4129 4008 3998 4119 4130 4009
1 5 3998 4119 4130 4009 3999 4120 4131 4010
1 5 3999 4120 4131 4010 4000 4121 4132 4011
1 5 4000 4121 4132 4011 4001 4122 4133 4012
1 5 4001 4122 4133 4012 4002 4123 4134 4013
1 5 4002 4123 4134 4013 4003 4124 4135 4014
1 5 4004 4125 4136 4015 4005 4126 4137 4016
1 5 4005 4126 4137 4016 4006 4127 4138 4017
1 5 4006 4127 4138 4017 4007 4128 4139 4018
1 5 4007 4128 4139 4018 4008 4129 4140 4019
1 5 4008 4129 4140 4019 4009 4130 4141 4020
1 5 4009 4130 4141 4020 4010 4131 4142 4021
1 5 4010 4131 4142 4021 4011 4132 4143 4022
1 5 4011 4132 4143 4022 4012 4133 4144 4023
1 5 4012 4133 4144 4023 4013 4134 4145 4024
1 5 4013 4134 4145 4024 4014 4135 4146 4025
1 5 4015 4136 4147 4026 4016 4137 4148 4027
1 5 4016 4137 4148 4027 4017 4138 4149 4028
1 5 4017 4138 4149 4028 4018 4139 4150 4029
1 5 4018 4139 4150 4029 4019 4140 4151 4030
1 5 4019 4140 4151 4030 4020 4141 4152 4031
1 5 4020 4141 4152 4031 4021 4142 4153 4032
1 5 4021 4142 4153 4032 4022 4143 4154 4033
1 5 4022 4143 4154 4033 4023 4144 4155 4034
1 5 4023 4144 4155 4034 4024 4145 4156 4035
1 5 4024 4145 4156 4035 4025 4146 4157 4036
1 5 4026 4147 4158 4037 4027 4148 4159 4038
1 5 4027 4148 4159 4038 4028 4149 4160 4039
1 5 4028 4149 4160 4039 4029 4150 4161 4040
1 5 4029 4150 4161 4040 4030 4151 4162 4041
1 5 4030 4151 4162 4041 4031 4152 4163 4042
1 5 4031 4152 4163 4042 4032 4153 4164 4043
1 5 4032 4153 4164 4043 4033 4154 4165 4044
1 5 4033 4154 4165 4044 4034 4155 4166 4045
1 5 4034 4155 4166 4045 4035 4156 4167 4046
1 5 4035 4156 4167 4046 4036 4157 4168 4047
1 5 4037 4158 4169 4048 4038 4159 4170 4049
1 5 4038 4159 4170 4049 4039 4160 4171 4050
1 5 4039 4160 4171 4050 4040 4161 4172 4051
1 5 4040 4161 4172 4051 4041 4162 4173 4052
1 5 4041 4162 4173 4052 4042 4163 4174 4053
1 5 4042 4163 4174 4053 4043 4164 4175 4054
1 5 4043 4164 4175 4054 4044 4165 4176 4055
1 5 4044 4165 4176 4055 4045 4166 4177 4056
1 5 4045 4166 4177 4056 4046 4167 4178 4057
1 5 4046 4167 4178 4057 4047 4168 4179 4058
1 5 4048 4169 4180 4059 4049 4170 4181 4060
1 5 4049 4170 4181 4060 4050 4171 4182 4061
1 5 4050 4171 4182 4061 4051 4172 4183 4062
1 5 4051 4172 4183 4062 4052 4173 4184 4063
1 5 4052 4173 4184 4063 4053 4174 4185 4064
1 5 4053 4174 4185 4064 4054 4175 4186 4065
1 5 4054 4175 4186 4065 4055 4176 4187 4066
1 5 4055 4176 4187 4066 4056 4177 4188 4067
1 5 4056 4177 4188 4067 4057 4178 4189 4068
1 5 4057 4178 4189 4068 4058 4179 4190 4069
1 5 4059 4180 4191 4070 4060 4181 4192 4071
1 5 4060 4181 4192 4071 4061 4182 4193 4072
1 5 4061 4182 4193 4072 4062 4183 4194 4073
1 5 4062 4183 4194 4073 4063 4184 4195 4074
1 5 4063 4184 4195 4074 4064 4185 4196 4075
1 5 4064 4185 4196 4075 4065 4186 4197 4076
1 5 4065 4186 4197 4076 4066 4187 4198 4077
1 5 4066 4187 4198 4077 4067 4188 4199 4078
1 5 4067 4188 4199 4078 4068 4189 4200 4079
1 5 4068 4189 4200 4079 4069 4190 4201 4080
1 5 4070 4191 4202 4081 4071 4192 4203 4082
1 5 4071 4192 4203 4082 4072 4193 4204 4083
1 5 4072 4193 4204 4083 4073 4194 4205 4084
1 5 4073 4194 4205 4084 4074 4195 4206 4085
1 5 4074 4195 4206 4085 4075 4196 4207 4086
1 5 4075 4196 4207 4086 4076 4197 4208 4087
1 5 4076 4197 4208 4087 4077 4198 4209 4088
1 5 4077 4198 4209 4088 4078 4199 4210 4089
1 5 4078 4199 4210 4089 4079 4200 4211 4090
1 5 4079 4200 4211 4090 4080 4201 4212 4091
1 5 4081 4202 4213 4092 4082 4203 4214 4093
1 5 4082 4203 4214 4093 4083 4204 4215 4094
1 5 4083 4204 4215 4094 4084 4205 4216 4095
1 5 4084 4205 4216 4095 4085 4206 4217 4096
1 5 4085 4206 4217 4096 4086 4207 4218 4097
1 5 4086 4207 4218 4097 4087 4208 4219 4098
1 5 4087 4208 4219 4098 4088 4209 4220 4099
1 5 4088 4209 4220 4099 4089 4210 4221 4100
1 5 4089 4210 4221 4100 4090 4211 4222 4101
1 5 4090 4211 4222 4101 4091 4212 4223 4102
1 5 4092 4213 4224 4103 4093 4214 4225 4104
1 5 4093 4214 4225 4104 4094 4215 4226 4105
1 5 4094 4215 4226 4105 4095 4216 4227 4106
1 5 4095 4216 4227 4106 4096 4217 4228 4107
1 5 4096 4217 4228 4107 4097 4218 4229 4108
1 5 4097 4218 4229 4108 4098 4219 4230 4109
1 5 4098 4219 4230 4109 4099 4220 4231 4110
1 5 4099 4220 4231 4110 4100 4221 4232 4111
1 5 4100 4221 4232 4111 4101 4222 4233 4112
1 5 4101 4222 4233 4112 4102 4223 4234 4113
1 5 4114 4235 4246 4125 4115 4236 4247 4126
1 5 4115 4236 4247 4126 4116 4237 4248 4127
1 5 4116 4237 4248 4127 4117 4238 4249 4128
1 5 4117 4238 4249 4128 4118 4239 4250 4129
1 5 4118 4239 4250 4129 4119 4240 4251 4130
1 5 4119 4240 4251 4130 4120 4241 4252 4131
1 5 4120 4241 4252 4131 4121 4242 4253 4132
1 5 4121 4242 4253 4132 4122 4243 4254 4133
1 5 4122 4243 4254 4133 4123 4244 4255 4134
1 5 4123 4244 4255 4134 4124 4245 4256 4135
1 5 4125 4246 4257 4136 4126 4247 4258 4137
1 5 4126 4247 4258 4137 4127 4248 4259 4138
1 5 4127 4248 4259 4138 4128 4249 4260 4139
1 5 4128 4249 4260 4139 4129 4250 4261 4140
1 5 4129 4250 4261 4140 4130 4251 4262 4141
1 5 4130 4251 4262 4141 4131 4252 4263 4142
1 5 4131 4252 4263 4142 4132 4253 4264 4143
1 5 4132 4253 4264 4143 4133 4254 4265 4144
1 5 4133 4254 4265 4144 4134 4255 4266 4145
1 5 4134 4255 4266 4145 4135 4256 4267 4146
1 5 4136 4257 4268 4147 4137 4258 4269 4148
1 5 4137 4258 4269 4148 4138 4259 4270 4149
1 5 4138 4259 4270 4149 4139 4260 4271 4150
1 5 4139 4260 4271 4150 4140 4261 4272 4151
1 5 4140 4261 4272 4151 4141 4262 4273 4152
1 5 4141 4262 4273 4152 4142 4263 4274 4153
1 5 4142 4263 4274 4153 4143 4264 4275 4154
1 5 4143 4264 4275 4154 4144 4265 4276 4155
1 5 4144 4265 4276 4155 4145 4266 4277 4156
1 5 4145 4266 4277 4156 4146 4267 4278 4157
1 5 4147 4268 4279 4158 4148 4269 4280 4159
1 5 4148 4269 4280 4159 4149 4270 4281 4160
1 5 4149 4270 4281 4160 4150 4271 4282 4161
1 5 4150 4271 4282 4161 4151 4272 4283 4162
1 5 4151 4272 4283 4162 4152 4273 4284 4163
1 5 4152 4273 4284 4163 4153 4274 4285 4164
1 5 4153 4274 4285 4164 4154 4275 4286 4165
1 5 4154 4275 4286 4165 4155 4276 4287 4166
1 5 4155 4276 4287 4166 4156 4277 4288 4167
1 5 4156 4277 4288 4167 4157 4278 4289 4168
1 5 4158 4279 4290 4169 4159 4280 4291 4170
1 5 4159 4280 4291 4170 4160 4281 4292 4171
1 5 4160 4281 4292 4171 4161 4282 4293 4172
1 5 4161 4282 4293 4172 4162 4283 4294 4173
1 5 4162 4283 4294 4173 4163 4284 4295 4174
1 5 4163 4284 4295 4174 4164 4285 4296 4175
1 5 4164 4285 4296 4175 4165 4286 4297 4176
1 5 4165 4286 4297 4176 4166 4287 4298 4177
1 5 4166 4287 4298 4177 4167 4288 4299 4178
1 5 4167 4288 4299 4178 4168 4289 4300 4179
1 5 4169 4290 4301 4180 4170 4291 4302 4181
1 5 4170 4291 4302 4181 4171 4292 4303 4182
1 5 4171 4292 4303 4182 4172 4293 4304 4183
1 5 4172 4293 4304 4183 4173 4294 4305 4184
1 5 4173 4294 4305 4184 4174 4295 4306 4185
1 5 4174 4295 4306 4185 4175 4296 4307 4186
1 5 4175 4296 4307 4186 4176 4297 4308 4187
1 5 4176 4297 4308 4187 4177 4298 4309 4188
1 5 4177 4298 4309 4188 4178 4299 4310 4189
1 5 4178 4299 4310 4189 4179 4300 4311 4190
1 5 4180 4301 4312 4191 4181 4302 4313 4192
1 5 4181 4302 4313 4192 4182 4303 4314 4193
1 5 4182 4303 4314 4193 4183 4304 4315 4194
1 5 4183 4304 4315 4194 4184 4305 4316 4195
1 5 4184 4305 4316 4195 4185 4306 4317 4196
1 5 4185 4306 4317 4196 4186 4307 4318 4197
1 5 4186 4307 4318 4197 4187 4308 4319 4198
1 5 4187 4308 4319 4198 4188 4309 4320 4199
1 5 4188 4309 4320 4199 4189 4310 4321 4200
1 5 4189 4310 4321 4200 4190 4311 4322 4201
1 5 4191 4312 4323 4202 4192 4313 4324 4203
1 5 4192 4313 4324 4203 4193 4314 4325 4204
1 5 4193 4314 4325 4204 4194 4315 4326 4205
1 5 4194 4315 4326 4205 4195 4316 4327 4206
1 5 4195 4316 4327 4206 4196 4317 4328 4207
1 5 4196 4317 4328 4207 4197 4318 4329 4208
1 5 4197 4318 4329 4208 4198 4319 4330 4209
1 5 4198 4319 4330 4209 4199 4320 4331 4210
1 5 4199 4320 4331 4210 4200 4321 4332 4211
1 5 4200 4321 4332 4211 4201 4322 4333 4212
1 5 4202 4323 4334 4213 4203 4324 4335 4214
1 5 4203 4324 4335 4214 4204 4325 4336 4215
1 5 4204 4325 4336 4215 4205 4326 4337 4216
1 5 4205 4326 4337 4216 4206 4327 4338 4217
1 5 4206 4327 4338 4217 4207 4328 4339 4218
1 5 4207 4328 4339 4218 4208 4329 4340 4219
1 5 4208 4329 4340 4219 4209 4330 4341 4220
1 5 4209 4330 4341 4220 4210 4331 4342 4221
1 5 4210 4331 4342 4221 4211 4332 4343 4222
1 5 4211 4332 4343 4222 4212 4333 4344 4223
1 5 4213 4334 4345 4224 4214 4335 4346 4225
1 5 4214 4335 4346 4225 4215 4336 4347 4226
1 5 4215 4336 4347 4226 4216 4337 4348 4227
1 5 4216 4337 4348 4227 4217 4338 4349 4228
1 5 4217 4338 4349 4228 4218 4339 4350 4229
1 5 4218 4339 4350 4229 4219 4340 4351 4230
1 5 4219 4340 4351 4230 4220 4341 4352 4231
1 5 4220 4341 4352 4231 4221 4342 4353 4232
1 5 4221 4342 4353 4232 4222 4343 4354 4233
1 5 4222 4343 4354 4233 4223 4344 4355 4234
1 5 4235 4356 4367 4246 4236 4357 4368 4247
1 5 4236 4357 4368 4247 4237 4358 4369 4248
1 5 4237 4358 4369 4248 4238 4359 4370 4249
1 5 4238 4359 4370 4249 4239 4360 4371 4250
1 5 4239 4360 4371 4250 4240 4361 4372 4251
1 5 4240 4361 4372 4251 4241 4362 4373 4252
1 5 4241 4362 4373 4252 4242 4363 4374 4253
1 5 4242 4363 4374 4253 4243 4364 4375 4254
1 5 4243 4364 4375 4254 4244 4365 4376 4255
1 5 4244 4365 4376 4255 4245 4366 4377 4256
1 5 4246 4367 4378 4257 4247 4368 4379 4258
1 5 4247 4368 4379 4258 4248 4369 4380 4259
1 5 4248 4369 4380 4259 4249 4370 4381 4260
1 5 4249 4370 4381 4260 4250 4371 4382 4261
1 5 4250 4371 4382 4261 4251 4372 4383 4262
1 5 4251 4372 4383 4262 4252 4373 4384 4263
1 5 4252 4373 4384 4263 4253 4374 4385 4264
1 5 4253 4374 4385 4264 4254 4375 4386 4265
1 5 4254 4375 4386 4265 4255 4376 4387 4266
1 5 4255 4376 4387 4266 4256 4377 4388 4267
1 5 4257 4378 4389 4268 4258 4379 4390 4269
1 5 4258 4379 4390 4269 4259 4380 4391 4270
1 5 4259 4380 4391 4270 4260 4381 4392 4271
1 5 4260 4381 4392 4271 4261 4382 4393 4272
1 5 4261 4382 4393 4272 4262 4383 4394 4273
1 5 4262 4383 4394 4273 4263 4384 4395 4274
1 5 4263 4384 4395 4274 4264 4385 4396 4275
1 5 4264 4385 4396 4275 4265 4386 4397 4276
1 5 4265 4386 4397 4276 4266 4387 4398 4277
1 5 4266 4387 4398 4277 4267 4388 4399 4278
1 5 4268 4389 4400 4279 4269 4390 4401 4280
1 5 4269 4390 4401 4280 4270 4391 4402 4281
1 5 4270 4391 4402 4281 4271 4392 4403 4282
1 5 4271 4392 4403 4282 4272 4393 4404 4283
1 5 4272 4393 4404 4283 4273 4394 4405 4284
1 5 4273 4394 4405 4284 4274 4395 4406 4285
1 5 4274 4395 4406 4285 4275 4396 4407 4286
1 5 4275 4396 4407 4286 4276 4397 4408 4287
1 5 4276 4397 4408 4287 4277 4398 4409 4288
1 5 4277 4398 4409 4288 4278 4399 4410 4289
1 5 4279 4400 4411 4290 4280 4401 4412 4291
1 5 4280 4401 4412 4291 4281 4402 4413 4292
1 5 4281 4402 4413 4292 4282 4403 4414 4293
1 5 4282 4403 4414 4293 4283 4404 4415 4294
1 5 4283 4404 4415 4294 4284 4405 4416 4295
1 5 4284 4405 4416 4295 4285 4406 4417 4296
1 5 4285 4406 4417 4296 4286 4407 4418 4297
1 5 4286 4407 4418 4297 4287 4408 4419 4298
1 5 4287 4408 4419 4298 4288 4409 4420 4299
1 5 4288 4409 4420 4299 4289 4410 4421 4300
1 5 4290 4411 4422 4301 4291 4412 4423 4302
1 5 4291 4412 4423 4302 4292 4413 4424 4303
1 5 4292 4413 4424 4303 4293 4414 4425 4304
1 5 4293 4414 4425 4304 4294 4415 4426 4305
1 5 4294 4415 4426 4305 4295 4416 4427 4306
1 5 4295 4416 4427 4306 4296 4417 4428 4307
1 5 4296 4417 4428 4307 4297 4418 4429 4308
1 5 4297 4418 4429 4308 4298 4419 4430 4309
1 5 4298 4419 4430 4309 4299 4420 4431 4310
1 5 4299 4420 4431 4310 4300 4421 4432 4311
1 5 4301 4422 4433 4312 4302 4423 4434 4313
1 5 4302 4423 4434 4313 4303 4424 4435 4314
1 5 4303 4424 4435 4314 4304 4425 4436 4315
1 5 4304 4425 4436 4315 4305 4426 4437 4316
1 5 4305 4426 4437 4316 4306 4427 4438 4317
1 5 4306 4427 4438 4317 4307 4428 4439 4318
1 5 4307 4428 4439 4318 4308 4429 4440 4319
1 5 4308 4429 4440 4319 4309 4430 4441 4320
1 5 4309 4430 4441 4320 4310 4431 4442 4321
1 5 4310 4431 4442 4321 4311 4432 4443 4322
1 5 4312 4433 4444 4323 4313 4434 4445 4324
1 5 4313 4434 4445 4324 4314 4435 4446 4325
1 5 4314 4435 4446 4325 4315 4436 4447 4326
1 5 4315 4436 4447 4326 4316 4437 4448 4327
1 5 4316 4437 4448 4327 4317 4438 4449 4328
1 5 4317 4438 4449 4328 4318 4439 4450 4329
1 5 4318 4439 4450 4329 4319 4440 4451 4330
1 5 4319 4440 4451 4330 4320 4441 4452 4331
1 5 4320 4441 4452 4331 4321 4442 4453 4332
1 5 4321 4442 4453 4332 4322 4443 4454 4333
1 5 4323 4444 4455 4334 4324 4445 4456 4335
1 5 4324 4445 4456 4335 4325 4446 4457 4336
1 5 4325 4446 4457 4336 4326 4447 4458 4337
1 5 4326 4447 4458 4337 4327 4448 4459 4338
1 5 4327 4448 4459 4338 4328 4449 4460 4339
1 5 4328 4449 4460 4339 4329 4450 4461 4340
1 5 4329 4450 4461 4340 4330 4451 4462 4341
1 5 4330 4451 4462 4341 4331 4452 4463 4342
1 5 4331 4452 4463 4342 4332 4453 4464 4343
1 5 4332 4453 4464 4343 4333 4454 4465 4344
1 5 4334 4455 4466 4345 4335 4456 4467 4346
1 5 4335 4456 4467 4346 4336 4457 4468 4347
1 5 4336 4457 4468 4347 4337 4458 4469 4348
1 5 4337 4458 4469 4348 4338 4459 4470 4349
1 5 4338 4459 4470 4349 4339 4460 4471 4350
1 5 4339 4460 4471 4350 4340 4461 4472 4351
1 5 4340 4461 4472 4351 4341 4462 4473 4352
1 5 4341 4462 4473 4352 4342 4463 4474 4353
1 5 4342 4463 4474 4353 4343 4464 4475 4354
1 5 4343 4464 4475 4354 4344 4465 4476 4355
1 5 4356 4477 4488 4367 4357 4478 4489 4368
1 5 4357 4478 4489 4368 4358 4479 4490 4369
1 5 4358 4479 4490 4369 4359 4480 4491 4370
1 5 4359 4480 4491 4370 4360 4481 4492 4371
1 5 4360 4481 4492 4371 4361 4482 4493 4372
1 5 4361 4482 4493 4372 4362 4483 4494 4373
1 5 4362 4483 4494 4373 4363 4484 4495 4374
1 5 4363 4484 4495 4374 4364 4485 4496 4375
1 5 4364 4485 4496 4375 4365 4486 4497 4376
1 5 4365 4486 4497 4376 4366 4487 4498 4377
1 5 4367 4488 4499 4378 4368 4489 4500 4379
1 5 4368 4489 4500 4379 4369 4490 4501 4380
1 5 4369 4490 4501 4380 4370 4491 4502 4381
1 5 4370 4491 4502 4381 4371 4492 4503 4382
1 5 4371 4492 4503 4382 4372 4493 4504 4383
1 5 4372 4493 4504 4383 4373 4494 4505 4384
1 5 4373 4494 4505 4384 4374 4495 4506 4385
1 5 4374 4495 4506 4385 4375 4496 4507 4386
1 5 4375 4496 4507 4386 4376 4497 4508 4387
1 5 4376 4497 4508 4387 4377 4498 4509 4388
1 5 4378 4499 4510 4389 4379 4500 4511 4390
1 5 4379 4500 4511 4390 4380 4501 4512 4391
1 5 4380 4501 4512 4391 4381 4502 4513 4392
1 5 4381 4502 4513 4392 4382 4503 4514 4393
1 5 4382 4503 4514 4393 4383 4504 4515 4394
1 5 4383 4504 4515 4394 4384 4505 4516 4395
1 5 4384 4505 4516 4395 4385 4506 4517 4396
1 5 4385 4506 4517 4396 4386 4507 4518 4397
1 5 4386 4507 4518 4397 4387 4508 4519 4398
1 5 4387 4508 4519 4398 4388 4509 4520 4399
1 5 4389 4510 4521 4400 4390 4511 4522 4401
1 5 4390 4511 4522 4401 4391 4512 4523 4402
1 5 4391 4512 4523 4402 4392 4513 4524 4403
1 5 4392 4513 4524 4403 4393 4514 4525 4404
1 5 4393 4514 4525 4404 4394 4515 4526 4405
1 5 4394 4515 4526 4405 4395 4516 4527 4406
1 5 4395 4516 4527 4406 4396 4517 4528 4407
1 5 4396 4517 4528 4407 4397 4518 4529 4408
1 5 4397 4518 4529 4408 4398 4519 4530 4409
1 5 4398 4519 4530 4409 4399 4520 4531 4410
1 5 4400 4521 4532 4411 4401 4522 4533 4412
1 5 4401 4522 4533 4412 4402 4523 4534 4413
1 5 4402 4523 4534 4413 4403 4524 4535 4414
1 5 4403 4524 4535 4414 4404 4525 4536 4415
1 5 4404 4525 4536 4415 4405 4526 4537 4416
1 5 4405 4526 4537 4416 4406 4527 4538 4417
1 5 4406 4527 4538 4417 4407 4528 4539 4418
1 5 4407 4528 4539 4418 4408 4529 4540 4419
1 5 4408 4529 4540 4419 4409 4530 4541 4420
1 5 4409 4530 4541 4420 4410 4531 4542 4421
1 5 4411 4532 4543 4422 4412 4533 4544 4423
1 5 4412 4533 4544 4423 4413 4534 4545 4424
1 5 4413 4534 4545 4424 4414 4535 4546 4425
1 5 4414 4535 4546 4425 4415 4536 4547 4426
1 5 4415 4536 4547 4426 4416 4537 4548 4427
1 5 4416 4537 4548 4427 4417 4538 4549 4428
1 5 4417 4538 4549 4428 4418 4539 4550 4429
1 5 4418 4539 4550 4429 4419 4540 4551 4430
1 5 4419 4540 4551 4430 4420 4541 4552 4431
1 5 4420 4541 4552 4431 4421 4542 4553 4432
1 5 4422 4543 4554 4433 4423 4544 4555 4434
1 5 4423 4544 4555 4434 4424 4545 4556 4435
1 5 4424 4545 4556 4435 4425 4546 4557 4436
1 5 4425 4546 4557 4436 4426 4547 4558 4437
1 5 4426 4547 4558 4437 4427 4548 4559 4438
1 5 4427 4548 4559 4438 4428 4549 4560 4439
1 5 4428 4549 4560 4439 4429 4550 4561 4440
1 5 4429 4550 4561 4440 4430 4551 4562 4441
1 5 4430 4551 4562 4441 4431 4552 4563 4442
1 5 4431 4552 4563 4442 4432 4553 4564 4443
1 5 4433 4554 4565 4444 4434 4555 4566 4445
1 5 4434 4555 4566 4445 4435 4556 4567 4446
1 5 4435 4556 4567 4446 4436 4557 4568 4447
1 5 4436 4557 4568 4447 4437 4558 4569 4448
1 5 4437 4558 4569 4448 4438 4559 4570 4449
1 5 4438 4559 4570 4449 4439 4560 4571 4450
1 5 4439 4560 4571 4450 4440 4561 4572 4451
1 5 4440 4561 4572 4451 4441 4562 4573 4452
1 5 4441 4562 4573 4452 4442 4563 4574 4453
1 5 4442 4563 4574 4453 4443 4564 4575 4454
1 5 4444 4565 4576 4455 4445 4566 4577 4456
1 5 4445 4566 4577 4456 4446 4567 4578 4457
1 5 4446 4567 4578 4457 4447 4568 4579 4458
1 5 4447 4568 4579 4458 4448 4569 4580 4459
1 5 4448 4569 4580 4459 4449 4570 4581 4460
1 5 4449 4570 4581 4460 4450 4571 4582 4461
1 5 4450 4571 4582 4461 4451 4572 4583 4462
1 5 4451 4572 4583 4462 4452 4573 4584 4463
1 5 4452 4573 4584 4463 4453 4574 4585 4464
1 5 4453 4574 4585 4464 4454 4575 4586 4465
1 5 4455 4576 4587 4466 4456 4577 4588 4467
1 5 4456 4577 4588 4467 4457 4578 4589 4468
1 5 4457 4578 4589 4468 4458 4579 4590 4469
1 5 4458 4579 4590 4469 4459 4580 4591 4470
1 5 4459 4580 4591 4470 4460 4581 4592 4471
1 5 4460 4581 4592 4471 4461 4582 4593 4472
1 5 4461 4582 4593 4472 4462 4583 4594 4473
1 5 4462 4583 4594 4473 4463 4584 4595 4474
1 5 4463 4584 4595 4474 4464 4585 4596 4475
1 5 4464 4585 4596 4475 4465 4586 4597 4476
1 5 4477 4598 4609 4488 4478 4599 4610 4489
1 5 4478 4599 4610 4489 4479 4600 4611 4490
1 5 4479 4600 4611 4490 4480 4601 4612 4491
1 5 4480 4601 4612 4491 4481 4602 4613 4492
1 5 4481 4602 4613 4492 4482 4603 4614 4493
1 5 4482 4603 4614 4493 4483 4604 4615 4494
1 5 4483 4604 4615 4494 4484 4605 4616 4495
1 5 4484 4605 4616 4495 4485 4606 4617 4496
1 5 4485 4606 4617 4496 4486 4607 4618 4497
1 5 4486 4607 4618 4497 4487 4608 4619 4498
1 5 4488 4609 4620 4499 4489 4610 4621 4500
1 5 4489 4610 4621 4500 4490 4611 4622 4501
1 5 4490 4611 4622 4501 4491 4612 4623 4502
1 5 4491 4612 4623 4502 4492 4613 4624 4503
1 5 4492 4613 4624 4503 4493 4614 4625 4504
1 5 4493 4614 4625 4504 4494 4615 4626 4505
1 5 4494 4615 4626 4505 4495 4616 4627 4506
1 5 4495 4616 4627 4506 4496 4617 4628 4507
1 5 4496 4617 4628 4507 4497 4618 4629 4508
1 5 4497 4618 4629 4508 4498 4619 4630 4509
1 5 4499 4620 4631 4510 4500 4621 4632 4511
1 5 4500 4621 4632 4511 4501 4622 4633 4512
1 5 4501 4622 4633 4512 4502 4623 4634 4513
1 5 4502 4623 4634 4513 4503 4624 4635 4514
1 5 4503 4624 4635 4514 4504 4625 4636 4515
1 5 4504 4625 4636 4515 4505 4626 4637 4516
1 5 4505 4626 4637 4516 4506 4627 4638 4517
1 5 4506 4627 4638 4517 4507 4628 4639 4518
1 5 4507 4628 4639 4518 4508 4629 4640 4519
1 5 4508 4629 4640 4519 4509 4630 4641 4520
1 5 4510 4631 4642 4521 4511 4632 4643 4522
1 5 4511 4632 4643 4522 4512 4633 4644 4523
1 5 4512 4633 4644 4523 4513 4634 4645 4524
1 5 4513 4634 4645 4524 4514 4635 4646 4525
1 5 4514 4635 4646 4525 4515 4636 4647 4526
1 5 4515 4636 4647 4526 4516 4637 4648 4527
1 5 4516 4637 4648 4527 4517 4638 4649 4528
1 5 4517 4638 4649 4528 4518 4639 4650 4529
1 5 4518 4639 4650 4529 4519 4640 4651 4530
1 5 4519 4640 4651 4530 4520 4641 4652 4531
1 5 4521 4642 4653 4532 4522 4643 4654 4533
1 5 4522 4643 4654 4533 4523 4644 4655 4534
1 5 4523 4644 4655 4534 4524 4645 4656 4535
1 5 4524 4645 4656 4535 4525 4646 4657 4536
1 5 4525 4646 4657 4536 4526 4647 4658 4537
1 5 4526 4647 4658 4537 4527 4648 4659 4538
1 5 4527 4648 4659 4538 4528 4649 4660 4539
1 5 4528 4649 4660 4539 4529 4650 4661 4540
1 5 4529 4650 4661 4540 4530 4651 4662 4541
1 5 4530 4651 4662 4541 4531 4652 4663 4542
1 5 4532 4653 4664 4543 4533 4654 4665 4544
1 5 4533 4654 4665 4544 4534 4655 4666 4545
1 5 4534 4655 4666 4545 4535 4656 4667 4546
1 5 4535 4656 4667 4546 4536 4657 4668 4547
1 5 4536 4657 4668 4547 4537 4658 4669 4548
1 5 4537 4658 4669 4548 4538 4659 4670 4549
1 5 4538 4659 4670 4549 4539 4660 4671 4550
1 5 4539 4660 4671 4550 4540 4661 4672 4551
1 5 4540 4661 4672 4551 4541 4662 4673 4552
1 5 4541 4662 4673 4552 4542 4663 4674 4553
1 5 4543 4664 4675 4554 4544 4665 4676 4555
1 5 4544 4665 4676 4555 4545 4666 4677 4556
1 5 4545 4666 4677 4556 4546 4667 4678 4557
1 5 4546 4667 4678 4557 4547 4668 4679 4558
1 5 4547 4668 4679 4558 4548 4669 4680 4559
1 5 4548 4669 4680 4559 4549 4670 4681 4560
1 5 4549 4670 4681 4560 4550 4671 4682 4561
1 5 4550 4671 4682 4561 4551 4672 4683 4562
1 5 4551 4672 4683 4562 4552 4673 4684 4563
1 5 4552 4673 4684 4563 4553 4674 4685 4564
1 5 4554 4675 4686 4565 4555 4676 4687 4566
1 5 4555 4676 4687 4566 4556 4677 4688 4567
1 5 4556 4677 4688 4567 4557 4678 4689 4568
1 5 4557 4678 4689 4568 4558 4679 4690 4569
1 5 4558 4679 4690 4569 4559 4680 4691 4570
1 5 4559 4680 4691 4570 4560 4681 4692 4571
1 5 4560 4681 4692 4571 4561 4682 4693 4572
1 5 4561 4682 4693 4572 4562 4683 4694 4573
1 5 4562 4683 4694 4573 4563 4684 4695 4574
1 5 4563 4684 4695 4574 4564 4685 4696 4575
1 5 4565 4686 4697 4576 4566 4687 4698 4577
1 5 4566 4687 4698 4577 4567 4688 4699 4578
1 5 4567 4688 4699 4578 4568 4689 4700 4579
1 5 4568 4689 4700 4579 4569 4690 4701 4580
1 5 4569 4690 4701 4580 4570 4691 4702 4581
1 5 4570 4691 4702 4581 4571 4692 4703 4582
1 5 4571 4692 4703 4582 4572 4693 4704 4583
1 5 4572 4693 4704 4583 4573 4694 4705 4584
1 5 4573 4694 4705 4584 4574 4695 4706 4585
1 5 4574 4695 4706 4585 4575 4696 4707 4586
1 5 4576 4697 4708 4587 4577 4698 4709 4588
1 5 4577 4698 4709 4588 4578 4699 4710 4589
1 5 4578 4699 4710 4589 4579 4700 4711 4590
1 5 4579 4700 4711 4590 4580 4701 4712 4591
1 5 4580 4701 4712 4591 4581 4702 4713 4592
1 5 4581 4702 4713 4592 4582 4703 4714 4593
1 5 4582 4703 4714 4593 4583 4704 4715 4594
1 5 4583 4704 4715 4594 4584 4705 4716 4595
1 5 4584 4705 4716 4595 4585 4706 4717 4596
1 5 4585 4706 4717 4596 4586 4707 4718 4597
1 5 4598 4719 4730 4609 4599 4720 4731 4610
1 5 4599 4720 4731 4610 4600 4721 4732 4611
1 5 4600 4721 4732 4611 4601 4722 4733 4612
1 5 4601 4722 4733 4612 4602 4723 4734 4613
1 5 4602 4723 4734 4613 4603 4724 4735 4614
1 5 4603 4724 4735 4614 4604 4725 4736 4615
1 5 4604 4725 4736 4615 4605 4726 4737 4616
1 5 4605 4726 4737 4616 4606 4727 4738 4617
1 5 4606 4727 4738 4617 4607 4728 4739 4618
1 5 4607 4728 4739 4618 4608 4729 4740 4619
1 5 4609 4730 4741 4620 4610 4731 4742 4621
1 5 4610 4731 4742 4621 4611 4732 4743 4622
1 5 4611 4732 4743 4622 4612 4733 4744 4623
1 5 4612 4733 4744 4623 4613 4734 4745 4624
1 5 4613 4734 4745 4624 4614 4735 4746 4625
1 5 4614 4735 4746 4625 4615 4736 4747 4626
1 5 4615 4736 4747 4626 4616 4737 4748 4627
1 5 4616 4737 4748 4627 4617 4738 4749 4628
1 5 4617 4738 4749 4628 4618 4739 4750 4629
1 5 4618 4739 4750 4629 4619 4740 4751 4630
1 5 4620 4741 4752 4631 4621 4742 4753 4632
1 5 4621 4742 4753 4632 4622 4743 4754 4633
1 5 4622 4743 4754 4633 4623 4744 4755 4634
1 5 4623 4744 4755 4634 4624 4745 4756 4635
1 5 4624 4745 4756 4635 4625 4746 4757 4636
1 5 4625 4746 4757 4636 4626 4747 4758 4637
1 5 4626 4747 4758 4637 4627 4748 4759 4638
1 5 4627 4748 4759 4638 4628 4749 4760 4639
1 5 4628 4749 4760 4639 4629 4750 4761 4640
1 5 4629 4750 4761 4640 4630 4751 4762 4641
1 5 4631 4752 4763 4642 4632 4753 4764 4643
1 5 4632 4753 4764 4643 4633 4754 4765 4644
1 5 4633 4754 4765 4644 4634 4755 4766 4645
1 5 4634 4755 4766 4645 4635 4756 4767 4646
1 5 4635 4756 4767 4646 4636 4757 4768 4647
1 5 4636 4757 4768 4647 4637 4758 4769 4648
1 5 4637 4758 4769 4648 4638 4759 4770 4649
1 5 4638 4759 4770 4649 4639 4760 4771 4650
1 5 4639 4760 4771 4650 4640 4761 4772 4651
1 5 4640 4761 4772 4651 4641 4762 4773 4652
1 5 4642 4763 4774 4653 4643 4764 4775 4654
1 5 4643 4764 4775 4654 4644 4765 4776 4655
1 5 4644 4765 4776 4655 4645 4766 4777 4656
1 5 4645 4766 4777 4656 4646 4767 4778 4657
1 5 4646 4767 4778 4657 4647 4768 4779 4658
1 5 4647 4768 4779 4658 4648 4769 4780 4659
1 5 4648 4769 4780 4659 4649 4770 4781 4660
1 5 4649 4770 4781 4660 4650 4771 4782 4661
1 5 4650 4771 4782 4661 4651 4772 4783 4662
1 5 4651 4772 4783 4662 4652 4773 4784 4663
1 5 4653 4774 4785 4664 4654 4775 4786 4665
1 5 4654 4775 4786 4665 4655 4776 4787 4666
1 5 4655 4776 4787 4666 4656 4777 4788 4667
1 5 4656 4777 4788 4667 4657 4778 4789 4668
1 5 4657 4778 4789 4668 4658 4779 4790 4669
1 5 4658 4779 4790 4669 4659 4780 4791 4670
1 5 4659 4780 4791 4670 4660 4781 4792 4671
1 5 4660 4781 4792 4671 4661 4782 4793 4672
1 5 4661 4782 4793 4672 4662 4783 4794 4673
1 5 4662 4783 4794 4673 4663 4784 4795 4674
1 5 4664 4785 4796 4675 4665 4786 4797 4676
1 5 4665 4786 4797 4676 4666 4787 4798 4677
1 5 4666 4787 4798 4677 4667 4788 4799 4678
1 5 4667 4788 4799 4678 4668 4789 4800 4679
1 5 4668 4789 4800 4679 4669 4790 4801 4680
1 5 4669 4790 4801 4680 4670 4791 4802 4681
1 5 4670 4791 4802 4681 4671 4792 4803 4682
1 5 4671 4792 4803 4682 4672 4793 4804 4683
1 5 4672 4793 4804 4683 4673 4794 4805 4684
1 5 4673 4794 4805 4684 4674 4795 4806 4685
1 5 4675 4796 4807 4686 4676 4797 4808 4687
1 5 4676 4797 4808 4687 4677 4798 4809 4688
1 5 4677 4798 4809 4688 4678 4799 4810 4689
1 5 4678 4799 4810 4689 4679 4800 4811 4690
1 5 4679 4800 4811 4690 4680 4801 4812 4691
1 5 4680 4801 4812 4691 4681 4802 4813 4692
1 5 4681 4802 4813 4692 4682 4803 4814 4693
1 5 4682 4803 4814 4693 4683 4804 4815 4694
1 5 4683 4804 4815 4694 4684 4805 4816 4695
1 5 4684 4805 4816 4695 4685 4806 4817 4696
1 5 4686 4807 4818 4697 4687 4808 4819 4698
1 5 4687 4808 4819 4698 4688 4809 4820 4699
1 5 4688 4809 4820 4699 4689 4810 4821 4700
1 5 4689 4810 4821 4700 4690 4811 4822 4701
1 5 4690 4811 4822 4701 4691 4812 4823 4702
1 5 4691 4812 4823 4702 4692 4813 4824 4703
1 5 4692 4813 4824 4703 4693 4814 4825 4704
1 5 4693 4814 4825 4704 4694 4815 4826 4705
1 5 4694 4815 4826 4705 4695 4816 4827 4706
1 5 4695 4816 4827 4706 4696 4817 4828 4707
1 5 4697 4818 4829 4708 4698 4819 4830 4709
1 5 4698 4819 4830 4709 4699 4820 4831 4710
1 5 4699 4820 4831 4710 4700 4821 4832 4711
1 5 4700 4821 4832 4711 4701 4822 4833 4712
1 5 4701 4822 4833 4712 4702 4823 4834 4713
1 5 4702 4823 4834 4713 4703 4824 4835 4714
1 5 4703 4824 4835 4714 4704 4825 4836 4715
1 5 4704 4825 4836 4715 4705 4826 4837 4716
1 5 4705 4826 4837 4716 4706 4827 4838 4717
1 5 4706 4827 4838 4717 4707 4828 4839 4718
1 5 4719 4840 4851 4730 4720 4841 4852 4731
1 5 4720 4841 4852 4731 4721 4842 4853 4732
1 5 4721 4842 4853 4732 4722 4843 4854 4733
1 5 4722 4843 4854 4733 4723 4844 4855 4734
1 5 4723 4844 4855 4734 4724 4845 4856 4735
1 5 4724 4845 4856 4735 4725 4846 4857 4736
1 5 4725 4846 4857 4736 4726 4847 4858 4737
1 5 4726 4847 4858 4737 4727 4848 4859 4738
1 5 4727 4848 4859 4738 4728 4849 4860 4739
1 5 4728 4849 4860 4739 4729 4850 4861 4740
1 5 4730 4851 4862 4741 4731 4852 4863 4742
1 5 4731 4852 4863 4742 4732 4853 4864 4743
1 5 4732 4853 4864 4743 4733 4854 4865 4744
1 5 4733 4854 4865 4744 4734 4855 4866 4745
1 5 4734 4855 4866 4745 4735 4856 4867 4746
1 5 4735 4856 4867 4746 4736 4857 4868 4747
1 5 4736 4857 4868 4747 4737 4858 4869 4748
1 5 4737 4858 4869 4748 4738 4859 4870 4749
1 5 4738 4859 4870 4749 4739 4860 4871 4750
1 5 4739 4860 4871 4750 4740 4861 4872 4751
1 5 4741 4862 4873 4752 4742 4863 4874 4753
1 5 4742 4863 4874 4753 4743 4864 4875 4754
1 5 4743 4864 4875 4754 4744 4865 4876 4755
1 5 4744 4865 4876 4755 4745 4866 4877 4756
1 5 4745 4866 4877 4756 4746 4867 4878 4757
1 5 4746 4867 4878 4757 4747 4868 4879 4758
1 5 4747 4868 4879 4758 4748 4869 4880 4759
1 5 4748 4869 4880 4759 4749 4870 4881 4760
1 5 4749 4870 4881 4760 4750 4871 4882 4761
1 5 4750 4871 4882 4761 4751 4872 4883 4762
1 5 4752 4873 4884 4763 4753 4874 4885 4764
1 5 4753 4874 4885 4764 4754 4875 4886 4765
1 5 4754 4875 4886 4765 4755 4876 4887 4766
1 5 4755 4876 4887 4766 4756 4877 4888 4767
1 5 4756 4877 4888 4767 4757 4878 4889 4768
1 5 4757 4878 4889 4768 4758 4879 4890 4769
1 5 4758 4879 4890 4769 4759 4880 4891 4770
1 5 4759 4880 4891 4770 4760 4881 4892 4771
1 5 4760 4881 4892 4771 4761 4882 4893 4772
1 5 4761 4882 4893 4772 4762 4883 4894 4773
1 5 4763 4884 4895 4774 4764 4885 4896 4775
1 5 4764 4885 4896 4775 4765 4886 4897 4776
1 5 4765 4886 4897 4776 4766 4887 4898 4777
1 5 4766 4887 4898 4777 4767 4888 4899 4778
1 5 4767 4888 4899 4778 4768 4889 4900 4779
1 5 4768 4889 4900 4779 4769 4890 4901 4780
1 5 4769 4890 4901 4780 4770 4891 4902 4781
1 5 4770 4891 4902 4781 4771 4892 4903 4782
1 5 4771 4892 4903 4782 4772 4893 4904 4783
1 5 4772 4893 4904 4783 4773 4894 4905 4784
1 5 4774 4895 4906 4785 4775 4896 4907 4786
1 5 4775 4896 4907 4786 4776 4897 4908 4787
1 5 4776 4897 4908 4787 4777 4898 4909 4788
1 5 4777 4898 4909 4788 4778 4899 4910 4789
1 5 4778 4899 4910 4789 4779 4900 4911 4790
1 5 4779 4900 4911 4790 4780 4901 4912 4791
1 5 4780 4901 4912 4791 4781 4902 4913 4792
1 5 4781 4902 4913 4792 4782 4903 4914 4793
1 5 4782 4903 4914 4793 4783 4904 4915 4794
1 5 4783 4904 4915 4794 4784 4905 4916 4795
1 5 4785 4906 4917 4796 4786 4907 4918 4797
1 5 4786 4907 4918 4797 4787 4908 4919 4798
1 5 4787 4908 4919 4798 4788 4909 4920 4799
1 5 4788 4909 4920 4799 4789 4910 4921 4800
1 5 4789 4910 4921 4800 4790 4911 4922 4801
1 5 4790 4911 4922 4801 4791 4912 4923 4802
1 5 4791 4912 4923 4802 4792 4913 4924 4803
1 5 4792 4913 4924 4803 4793 4914 4925 4804
1 5 4793 4914 4925 4804 4794 4915 4926 4805
1 5 4794 4915 4926 4805 4795 4916 4927 4806
1 5 4796 4917 4928 4807 4797 4918 4929 4808
1 5 4797 4918 4929 4808 4798 4919 4930 4809
1 5 4798 4919 4930 4809 4799 4920 4931 4810
1 5 4799 4920 4931 4810 4800 4921 4932 4811
1 5 4800 4921 4932 4811 4801 4922 4933 4812
1 5 4801 4922 4933 4812 4802 4923 4934 4813
1 5 4802 4923 4934 4813 4803 4924 4935 4814
1 5 4803 4924 4935 4814 4804 4925 4936 4815
1 5 4804 4925 4936 4815 4805 4926 4937 4816
1 5 4805 4926 4937 4816 4806 4927 4938 4817
1 5 4807 4928 4939 4818 4808 4929 4940 4819
1 5 4808 4929 4940 4819 4809 4930 4941 4820
1 5 4809 4930 4941 4820 4810 4931 4942 4821
1 5 4810 4931 4942 4821 4811 4932 4943 4822
1 5 4811 4932 4943 4822 4812 4933 4944 4823
1 5 4812 4933 4944 4823 4813 4934 4945 4824
1 5 4813 4934 4945 4824 4814 4935 4946 4825
1 5 4814 4935 4946 4825 4815 4936 4947 4826
1 5 4815 4936 4947 4826 4816 4937 4948 4827
1 5 4816 4937 4948 4827 4817 4938 4949 4828
1 5 4818 4939 4950 4829 4819 4940 4951 4830
1 5 4819 4940 4951 4830 4820 4941 4952 4831
1 5 4820 4941 4952 4831 4821 4942 4953 4832
1 5 4821 4942 4953 4832 4822 4943 4954 4833
1 5 4822 4943 4954 4833 4823 4944 4955 4834
1 5 4823 4944 4955 4834 4824 4945 4956 4835
1 5 4824 4945 4956 4835 4825 4946 4957 4836
1 5 4825 4946 4957 4836 4826 4947 4958 4837
1 5 4826 4947 4958 4837 4827 4948 4959 4838
1 5 4827 4948 4959 4838 4828 4949 4960 4839
1 5 4840 4961 4972 4851 4841 4962 4973 4852
1 5 4841 4962 4973 4852 4842 4963 4974 4853
1 5 4842 4963 4974 4853 4843 4964 4975 4854
1 5 4843 4964 4975 4854 4844 4965 4976 4855
1 5 4844 4965 4976 4855 4845 4966 4977 4856
1 5 4845 4966 4977 4856 4846 4967 4978 4857
1 5 4846 4967 4978 4857 4847 4968 4979 4858
1 5 4847 4968 4979 4858 4848 4969 4980 4859
1 5 4848 4969 4980 4859 4849 4970 4981 4860
1 5 4849 4970 4981 4860 4850 4971 4982 4861
1 5 4851 4972 4983 4862 4852 4973 4984 4863
1 5 4852 4973 4984 4863 4853 4974 4985 4864
1 5 4853 4974 4985 4864 4854 4975 4986 4865
1 5 4854 4975 4986 4865 4855 4976 4987 4866
1 5 4855 4976 4987 4866 4856 4977 4988 4867
1 5 4856 4977 4988 4867 4857 4978 4989 4868
1 5 4857 4978 4989 4868 4858 4979 4990 4869
1 5 4858 4979 4990 4869 4859 4980 4991 4870
1 5 4859 4980 4991 4870 4860 4981 4992 4871
1 5 4860 4981 4992 4871 4861 4982 4993 4872
1 5 4862 4983 4994 4873 4863 4984 4995 4874
1 5 4863 4984 4995 4874 4864 4985 4996 4875
1 5 4864 4985 4996 4875 4865 4986 4997 4876
1 5 4865 4986 4997 4876 4866 4987 4998 4877
1 5 4866 4987 4998 4877 4867 4988 4999 4878
1 5 4867 4988 4999 4878 4868 4989 5000 4879
1 5 4868 4989 5000 4879 4869 4990 5001 4880
1 5 4869 4990 5001 4880 4870 4991 5002 4881
1 5 4870 4991 5002 4881 4871 4992 5003 4882
1 5 4871 4992 5003 4882 4872 4993 5004 4883
1 5 4873 4994 5005 4884 4874 4995 5006 4885
1 5 4874 4995 5006 4885 4875 4996 5007 4886
1 5 4875 4996 5007 4886 4876 4997 5008 4887
1 5 4876 4997 5008 4887 4877 4998 5009 4888
1 5 4877 4998 5009 4888 4878 4999 5010 4889
1 5 4878 4999 5010 4889 4879 5000 5011 4890
1 5 4879 5000 5011 4890 4880 5001 5012 4891
1 5 4880 5001 5012 4891 4881 5002 5013 4892
1 5 4881 5002 5013 4892 4882 5003 5014 4893
1 5 4882 5003 5014 4893 4883 5004 5015 4894
1 5 4884 5005 5016 4895 4885 5006 5017 4896
1 5 4885 5006 5017 4896 4886 5007 5018 4897
1 5 4886 5007 5018 4897 4887 5008 5019 4898
1 5 4887 5008 5019 4898 4888 5009 5020 4899
1 5 4888 5009 5020 4899 4889 5010 5021 4900
1 5 4889 5010 5021 4900 4890 5011 5022 4901
1 5 4890 5011 5022 4901 4891 5012 5023 4902
1 5 4891 5012 5023 4902 4892 5013 5024 4903
1 5 4892 5013 5024 4903 4893 5014 5025 4904
1 5 4893 5014 5025 4904 4894 5015 5026 4905
1 5 4895 5016 5027 4906 4896 5017 5028 4907
1 5 4896 5017 5028 4907 4897 5018 5029 4908
1 5 4897 5018 5029 4908 4898 5019 5030 4909
1 5 4898 5019 5030 4909 4899 5020 5031 4910
1 5 4899 5020 5031 4910 4900 5021 5032 4911
1 5 4900 5021 5032 4911 4901 5022 5033 4912
1 5 4901 5022 5033 4912 4902 5023 5034 4913
1 5 4902 5023 5034 4913 4903 5024 5035 4914
1 5 4903 5024 5035 4914 4904 5025 5036 4915
1 5 4904 5025 5036 4915 4905 5026 5037 4916
1 5 4906 5027 5038 4917 4907 5028 5039 4918
1 5 4907 5028 5039 4918 4908 5029 5040 4919
1 5 4908 5029 5040 4919 4909 5030 5041 4920
1 5 4909 5030 5041 4920 4910 5031 5042 4921
1 5 4910 5031 5042 4921 4911 5032 5043 4922
1 5 4911 5032 5043 4922 4912 5033 5044 4923
1 5 4912 5033 5044 4923 4913 5034 5045 4924
1 5 4913 5034 5045 4924 4914 5035 5046 4925
1 5 4914 5035 5046 4925 4915 5036 5047 4926
1 5 4915 5036 5047 4926 4916 5037 5048 4927
1 5 4917 5038 5049 4928 4918 5039 5050 4929
1 5 4918 5039 5050 4929 4919 5040 5051 4930
1 5 4919 5040 5051 4930 4920 5041 5052 4931
1 5 4920 5041 5052 4931 4921 5042 5053 4932
1 5 4921 5042 5053 4932 4922 5043 5054 4933
1 5 4922 5043 5054 4933 4923 5044 5055 4934
1 5 4923 5044 5055 4934 4924 5045 5056 4935
1 5 4924 5045 5056 4935 4925 5046 5057 4936
1 5 4925 5046 5057 4936 4926 5047 5058 4937
1 5 4926 5047 5058 4937 4927 5048 5059 4938
1 5 4928 5049 5060 4939 4929 5050 5061 4940
1 5 4929 5050 5061 4940 4930 5051 5062 4941
1 5 4930 5051 5062 4941 4931 5052 5063 4942
1 5 4931 5052 5063 4942 4932 5053 5064 4943
1 5 4932 5053 5064 4943 4933 5054 5065 4944
1 5 4933 5054 5065 4944 4934 5055 5066 4945
1 5 4934 5055 5066 4945 4935 5056 5067 4946
1 5 4935 5056 5067 4946 4936 5057 5068 4947
1 5 4936 5057 5068 4947 4937 5058 5069 4948
1 5 4937 5058 5069 4948 4938 5059 5070 4949
1 5 4939 5060 5071 4950 4940 5061 5072 4951
1 5 4940 5061 5072 4951 4941 5062 5073 4952
1 5 4941 5062 5073 4952 4942 5063 5074 4953
1 5 4942 5063 5074 4953 4943 5064 5075 4954
1 5 4943 5064 5075 4954 4944 5065 5076 4955
1 5 4944 5065 5076 4955 4945 5066 5077 4956
1 5 4945 5066 5077 4956 4946 5067 5078 4957
1 5 4946 5067 5078 4957 4947 5068 5079 4958
1 5 4947 5068 5079 4958 4948 5069 5080 4959
1 5 4948 5069 5080 4959 4949 5070 5081 4960
1 5 4961 5082 5093 4972 4962 5083 5094 4973
1 5 4962 5083 5094 4973 4963 5084 5095 4974
1 5 4963 5084 5095 4974 4964 5085 5096 4975
1 5 4964 5085 5096 4975 4965 5086 5097 4976
1 5 4965 5086 5097 4976 4966 5087 5098 4977
1 5 4966 5087 5098 4977 4967 5088 5099 4978
1 5 4967 5088 5099 4978 4968 5089 5100 4979
1 5 4968 5089 5100 4979 4969 5090 5101 4980
1 5 4969 5090 5101 4980 4970 5091 5102 4981
1 5 4970 5091 5102 4981 4971 5092 5103 4982
1 5 4972 5093 5104 4983 4973 5094 5105 4984
1 5 4973 5094 5105 4984 4974 5095 5106 4985
1 5 4974 5095 5106 4985 4975 5096 5107 4986
1 5 4975 5096 5107 4986 4976 5097 5108 4987
1 5 4976 5097 5108 4987 4977 5098 5109 4988
1 5 4977 5098 5109 4988 4978 5099 5110 4989
1 5 4978 5099 5110 4989 4979 5100 5111 4990
1 5 4979 5100 5111 4990 4980 5101 5112 4991
1 5 4980 5101 5112 4991 4981 5102 5113 4992
1 5 4981 5102 5113 4992 4982 5103 5114 4993
1 5 4983 5104 5115 4994 4984 5105 5116 4995
1 5 4984 5105 5116 4995 4985 5106 5117 4996
1 5 4985 5106 5117 4996 4986 5107 5118 4997
1 5 4986 5107 5118 4997 4987 5108 5119 4998
1 5 4987 5108 5119 4998 4988 5109 5120 4999
1 5 4988 5109 5120 4999 4989 5110 5121 5000
1 5 4989 5110 5121 5000 4990 5111 5122 5001
1 5 4990 5111 5122 5001 4991 5112 5123 5002
1 5 4991 5112 5123 5002 4992 5113 5124 5003
1 5 4992 5113 5124 5003 4993 5114 5125 5004
1 5 4994 5115 5126 5005 4995 5116 5127 5006
1 5 4995 5116 5127 5006 4996 5117 5128 5007
1 5 4996 5117 5128 5007 4997 5118 5129 5008
1 5 4997 5118 5129 5008 4998 5119 5130 5009
1 5 4998 5119 5130 5009 4999 5120 5131 5010
1 5 4999 5120 5131 5010 5000 5121 5132 5011
1 5 5000 5121 5132 5011 5001 5122 5133 5012
1 5 5001 5122 5133 5012 5002 5123 5134 5013
1 5 5002 5123 5134 5013 5003 5124 5135 5014
1 5 5003 5124 5135 5014 5004 5125 5136 5015
1 5 5005 5126 5137 5016 5006 5127 5138 5017
1 5 5006 5127 5138 5017 5007 5128 5139 5018
1 5 5007 5128 5139 5018 5008 5129 5140 5019
1 5 5008 5129 5140 5019 5009 5130 5141 5020
1 5 5009 5130 5141 5020 5010 5131 5142 5021
1 5 5010 5131 5142 5021 5011 5132 5143 5022
1 5 5011 5132 5143 5022 5012 5133 5144 5023
1 5 5012 5133 5144 5023 5013 5134 5145 5024
1 5 5013 5134 5145 5024 5014 5135 5146 5025
1 5 5014 5135 5146 5025 5015 5136 5147 5026
1 5 5016 5137 5148 5027 5017 5138 5149 5028
1 5 5017 5138 5149 5028 5018 5139 5150 5029
1 5 5018 5139 5150 5029 5019 5140 5151 5030
1 5 5019 5140 5151 5030 5020 5141 5152 5031
1 5 5020 5141 5152 5031 5021 5142 5153 5032
1 5 5021 5142 5153 5032 5022 5143 5154 5033
1 5 5022 5143 5154 5033 5023 5144 5155 5034
1 5 5023 5144 5155 5034 5024 5145 5156 5035
1 5 5024 5145 5156 5035 5025 5146 5157 5036
1 5 5025 5146 5157 5036 5026 5147 5158 5037
1 5 5027 5148 5159 5038 5028 5149 5160 5039
1 5 5028 5149 5160 5039 5029 5150 5161 5040
1 5 5029 5150 5161 5040 5030 5151 5162 5041
1 5 5030 5151 5162 5041 5031 5152 5163 5042
1 5 5031 5152 5163 5042 5032 5153 5164 5043
1 5 5032 5153 5164 5043 5033 5154 5165 5044
1 5 5033 5154 5165 5044 5034 5155 5166 5045
1 5 5034 5155 5166 5045 5035 5156 5167 5046
1 5 5035 5156 5167 5046 5036 5157 5168 5047
1 5 5036 5157 5168 5047 5037 5158 5169 5048
1 5 5038 5159 5170 5049 5039 5160 5171 5050
1 5 5039 5160 5171 5050 5040 5161 5172 5051
1 5 5040 5161 5172 5051 5041 5162 5173 5052
1 5 5041 5162 5173 5052 5042 5163 5174 5053
1 5 5042 5163 5174 5053 5043 5164 5175 5054
1 5 5043 5164 5175 5054 5044 5165 5176 5055
1 5 5044 5165 5176 5055 5045 5166 5177 5056
1 5 5045 5166 5177 5056 5046 5167 5178 5057
1 5 5046 5167 5178 5057 5047 5168 5179 5058
1 5 5047 5168 5179 5058 5048 5169 5180 5059
1 5 5049 5170 5181 5060 5050 5171 5182 5061
1 5 5050 5171 5182 5061 5051 5172 5183 5062
1 5 5051 5172 5183 5062 5052 5173 5184 5063
1 5 5052 5173 5184 5063 5053 5174 5185 5064
1 5 5053 5174 5185 5064 5054 5175 5186 5065
1 5 5054 5175 5186 5065 5055 5176 5187 5066
1 5 5055 5176 5187 5066 5056 5177 5188 5067
1 5 5056 5177 5188 5067 5057 5178 5189 5068
1 5 5057 5178 5189 5068 5058 5179 5190 5069
1 5 5058 5179 5190 5069 5059 5180 5191 5070
1 5 5060 5181 5192 5071 5061 5182 5193 5072
1 5 5061 5182 5193 5072 5062 5183 5194 5073
1 5 5062 5183 5194 5073 5063 5184 5195 5074
1 5 5063 5184 5195 5074 5064 5185 5196 5075
1 5 5064 5185 5196 5075 5065 5186 5197 5076
1 5 5065 5186 5197 5076 5066 5187 5198 5077
1 5 5066 5187 5198 5077 5067 5188 5199 5078
1 5 5067 5188 5199 5078 5068 5189 5200 5079
1 5 5068 5189 5200 5079 5069 5190 5201 5080
1 5 5069 5190 5201 5080 5070 5191 5202 5081
1 5 5082 5203 5214 5093 5083 5204 5215 5094
1 5 5083 5204 5215 5094 5084 5205 5216 5095
1 5 5084 5205 5216 5095 5085 5206 5217 5096
1 5 5085 5206 5217 5096 5086 5207 5218 5097
1 5 5086 5207 5218 5097 5087 5208 5219 5098
1 5 5087 5208 5219 5098 5088 5209 5220 5099
1 5 5088 5209 5220 5099 5089 5210 5221 5100
1 5 5089 5210 5221 5100 5090 5211 5222 5101
1 5 5090 5211 5222 5101 5091 5212 5223 5102
1 5 5091 5212 5223 5102 5092 5213 5224 5103
1 5 5093 5214 5225 5104 5094 5215 5226 5105
1 5 5094 5215 5226 5105 5095 5216 5227 5106
1 5 5095 5216 5227 5106 5096 5217 5228 5107
1 5 5096 5217 5228 5107 5097 5218 5229 5108
1 5 5097 5218 5229 5108 5098 5219 5230 5109
1 5 5098 5219 5230 5109 5099 5220 5231 5110
1 5 5099 5220 5231 5110 5100 5221 5232 5111
1 5 5100 5221 5232 5111 5101 5222 5233 5112
1 5 5101 5222 5233 5112 5102 5223 5234 5113
1 5 5102 5223 5234 5113 5103 5224 5235 5114
1 5 5104 5225 5236 5115 5105 5226 5237 5116
1 5 5105 5226 5237 5116 5106 5227 5238 5117
1 5 5106 5227 5238 5117 5107 5228 5239 5118
1 5 5107 5228 5239 5118 5108 5229 5240 5119
1 5 5108 5229 5240 5119 5109 5230 5241 5120
1 5 5109 5230 5241 5120 5110 5231 5242 5121
1 5 5110 5231 5242 5121 5111 5232 5243 5122
1 5 5111 5232 5243 5122 5112 5233 5244 5123
1 5 5112 5233 5244 5123 5113 5234 5245 5124
1 5 5113 5234 5245 5124 5114 5235 5246 5125
1 5 5115 5236 5247 5126 5116 5237 5248 5127
1 5 5116 5237 5248 5127 5117 5238 5249 5128
1 5 5117 5238 5249 5128 5118 5239 5250 5129
1 5 5118 5239 5250 5129 5119 5240 5251 5130
1 5 5119 5240 5251 5130 5120 5241 5252 5131
1 5 5120 5241 5252 5131 5121 5242 5253 5132
1 5 5121 5242 5253 5132 5122 5243 5254 5133
1 5 5122 5243 5254 5133 5123 5244 5255 5134
1 5 5123 5244 5255 5134 5124 5245 5256 5135
1 5 5124 5245 5256 5135 5125 5246 5257 5136
1 5 5126 5247 5258 5137 5127 5248 5259 5138
1 5 5127 5248 5259 5138 5128 5249 5260 5139
1 5 5128 5249 5260 5139 5129 5250 5261 5140
1 5 5129 5250 5261 5140 5130 5251 5262 5141
1 5 5130 5251 5262 5141 5131 5252 5263 5142
1 5 5131 5252 5263 5142 5132 5253 5264 5143
1 5 5132 5253 5264 5143 5133 5254 5265 5144
1 5 5133 5254 5265 5144 5134 5255 5266 5145
1 5 5134 5255 5266 5145 5135 5256 5267 5146
1 5 5135 5256 5267 5146 5136 5257 5268 5147
1 5 5137 5258 5269 5148 5138 5259 5270 5149
1 5 5138 5259 5270 5149 5139 5260 5271 5150
1 5 5139 5260 5271 5150 5140 5261 5272 5151
1 5 5140 5261 5272 5151 5141 5262 5273 5152
1 5 5141 5262 5273 5152 5142 5263 5274 5153
1 5 5142 5263 5274 5153 5143 5264 5275 5154
1 5 5143 5264 5275 5154 5144 5265 5276 5155
1 5 5144 5265 5276 5155 5145 5266 5277 5156
1 5 5145 5266 5277 5156 5146 5267 5278 5157
1 5 5146 5267 5278 5157 5147 5268 5279 5158
1 5 5148 5269 5280 5159 5149 5270 5281 5160
1 5 5149 5270 5281 5160 5150 5271 5282 5161
1 5 5150 5271 5282 5161 5151 5272 5283 5162
1 5 5151 5272 5283 5162 5152 5273 5284 5163
1 5 5152 5273 5284 5163 5153 5274 5285 5164
1 5 5153 5274 5285 5164 5154 5275 5286 5165
1 5 5154 5275 5286 5165 5155 5276 5287 5166
1 5 5155 5276 5287 5166 5156 5277 5288 5167
1 5 5156 5277 5288 5167 5157 5278 5289 5168
1 5 5157 5278 5289 5168 5158 5279 5290 5169
1 5 5159 5280 5291 5170 5160 5281 5292 5171
1 5 5160 5281 5292 5171 5161 5282 5293 5172
1 5 5161 5282 5293 5172 5162 5283 5294 5173
1 5 5162 5283 5294 5173 5163 5284 5295 5174
1 5 5163 5284 5295 5174 5164 5285 5296 5175
1 5 5164 5285 5296 5175 5165 5286 5297 5176
1 5 5165 5286 5297 5176 5166 5287 5298 5177
1 5 5166 5287 5298 5177 5167 5288 5299 5178
1 5 5167 5288 5299 5178 5168 5289 5300 5179
1 5 5168 5289 5300 5179 5169 5290 5301 5180
1 5 5170 5291 5302 5181 5171 5292 5303 5182
1 5 5171 5292 5303 5182 5172 5293 5304 5183
1 5 5172 5293 5304 5183 5173 5294 5305 5184
1 5 5173 5294 5305 5184 5174 5295 5306 5185
1 5 5174 5295 5306 5185 5175 5296 5307 5186
1 5 5175 5296 5307 5186 5176 5297 5308 5187
1 5 5176 5297 5308 5187 5177 5298 5309 5188
1 5 5177 5298 5309 5188 5178 5299 5310 5189
1 5 5178 5299 5310 5189 5179 5300 5311 5190
1 5 5179 5300 5311 5190 5180 5301 5312 5191
1 5 5181 5302 5313 5192 5182 5303 5314 5193
1 5 5182 5303 5314 5193 5183 5304 5315 5194
1 5 5183 5304 5315 5194 5184 5305 5316 5195
1 5 5184 5305 5316 5195 5185 5306 5317 5196
1 5 5185 5306 5317 5196 5186 5307 5318 5197
1 5 5186 5307 5318 5197 5187 5308 5319 5198
1 5 5187 5308 5319 5198 5188 5309 5320 5199
1 5 5188 5309 5320 5199 5189 5310 5321 5200
1 5 5189 5310 5321 5200 5190 5311 5322 5201
1 5 5190 5311 5322 5201 5191 5312 5323 5202
1 5 5203 5324 5335 5214 5204 5325 5336 5215
1 5 5204 5325 5336 5215 5205 5326 5337 5216
1 5 5205 5326 5337 5216 5206 5327 5338 5217
1 5 5206 5327 5338 5217 5207 5328 5339 5218
1 5 5207 5328 5339 5218 5208 5329 5340 5219
1 5 5208 5329 5340 5219 5209 5330 5341 5220
1 5 5209 5330 5341 5220 5210 5331 5342 5221
1 5 5210 5331 5342 5221 5211 5332 5343 5222
1 5 5211 5332 5343 5222 5212 5333 5344 5223
1 5 5212 5333 5344 5223 5213 5334 5345 5224
1 5 5214 5335 5346 5225 5215 5336 5347 5226
1 5 5215 5336 5347 5226 5216 5337 5348 5227
1 5 5216 5337 5348 5227 5217 5338 5349 5228
1 5 5217 5338 5349 5228 5218 5339 5350 5229
1 5 5218 5339 5350 5229 5219 5340 5351 5230
1 5 5219 5340 5351 5230 5220 5341 5352 5231
1 5 5220 5341 5352 5231 5221 5342 5353 5232
1 5 5221 5342 5353 5232 5222 5343 5354 5233
1 5 5222 5343 5354 5233 5223 5344 5355 5234
1 5 5223 5344 5355 5234 5224 5345 5356 5235
1 5 5225 5346 5357 5236 5226 5347 5358 5237
1 5 5226 5347 5358 5237 5227 5348 5359 5238
1 5 5227 5348 5359 5238 5228 5349 5360 5239
1 5 5228 5349 5360 5239 5229 5350 5361 5240
1 5 5229 5350 5361 5240 5230 5351 5362 5241
1 5 5230 5351 5362 5241 5231 5352 5363 5242
1 5 5231 5352 5363 5242 5232 5353 5364 5243
1 5 5232 5353 5364 5243 5233 5354 5365 5244
1 5 5233 5354 5365 5244 5234 5355 5366 5245
1 5 5234 5355 5366 5245 5235 5356 5367 5246
1 5 5236 5357 5368 5247 5237 5358 5369 5248
1 5 5237 5358 5369 5248 5238 5359 5370 5249
1 5 5238 5359 5370 5249 5239 5360 5371 5250
1 5 5239 5360 5371 5250 5240 5361 5372 5251
1 5 5240 5361 5372 5251 5241 5362 5373 5252
1 5 5241 5362 5373 5252 5242 5363 5374 5253
1 5 5242 5363 5374 5253 5243 5364 5375 5254
1 5 5243 5364 5375 5254 5244 5365 5376 5255
1 5 5244 5365 5376 5255 5245 5366 5377 5256
1 5 5245 5366 5377 5256 5246 5367 5378 5257
1 5 5247 5368 5379 5258 5248 5369 5380 5259
1 5 5248 5369 5380 5259 5249 5370 5381 5260
1 5 5249 5370 5381 5260 5250 5371 5382 5261
1 5 5250 5371 5382 5261 5251 5372 5383 5262
1 5 5251 5372 5383 5262 5252 5373 5384 5263
1 5 5252 5373 5384 5263 5253 5374 5385 5264
1 5 5253 5374 5385 5264 5254 5375 5386 5265
1 5 5254 5375 5386 5265 5255 5376 5387 5266
1 5 5255 5376 5387 5266 5256 5377 5388 5267
1 5 5256 5377 5388 5267 5257 5378 5389 5268
1 5 5258 5379 5390 5269 5259 5380 5391 5270
1 5 5259 5380 5391 5270 5260 5381 5392 5271
1 5 5260 5381 5392 5271 5261 5382 5393 5272
1 5 5261 5382 5393 5272 5262 5383 5394 5273
1 5 5262 5383 5394 5273 5263 5384 5395 5274
1 5 5263 5384 5395 5274 5264 5385 5396 5275
1 5 5264 5385 5396 5275 5265 5386 5397 5276
1 5 5265 5386 5397 5276 5266 5387 5398 5277
1 5 5266 5387 5398 5277 5267 5388 5399 5278
1 5 5267 5388 5399 5278 5268 5389 5400 5279
1 5 5269 5390 5401 5280 5270 5391 5402 5281
1 5 5270 5391 5402 5281 5271 5392 5403 5282
1 5 5271 5392 5403 5282 5272 5393 5404 5283
1 5 5272 5393 5404 5283 5273 5394 5405 5284
1 5 5273 5394 5405 5284 5274 5395 5406 5285
1 5 5274 5395 5406 5285 5275 5396 5407 5286
1 5 5275 5396 5407 5286 5276 5397 5408 5287
1 5 5276 5397 5408 5287 5277 5398 5409 5288
1 5 5277 5398 5409 5288 5278 5399 5410 5289
1 5 5278 5399 5410 5289 5279 5400 5411 5290
1 5 5280 5401 5412 5291 5281 5402 5413 5292
1 5 5281 5402 5413 5292 5282 5403 5414 5293
1 5 5282 5403 5414 5293 5283 5404 5415 5294
1 5 5283 5404 5415 5294 5284 5405 5416 5295
1 5 5284 5405 5416 5295 5285 5406 5417 5296
1 5 5285 5406 5417 5296 5286 5407 5418 5297
1 5 5286 5407 5418 5297 5287 5408 5419 5298
1 5 5287 5408 5419 5298 5288 5409 5420 5299
1 5 5288 5409 5420 5299 5289 5410 5421 5300
1 5 5289 5410 5421 5300 5290 5411 5422 5301
1 5 5291 5412 5423 5302 5292 5413 5424 5303
1 5 5292 5413 5424 5303 5293 5414 5425 5304
1 5 5293 5414 5425 5304 5294 5415 5426 5305
1 5 5294 5415 5426 5305 5295 5416 5427 5306
1 5 5295 5416 5427 5306 5296 5417 5428 5307
1 5 5296 5417 5428 5307 5297 5418 5429 5308
1 5 5297 5418 5429 5308 5298 5419 5430 5309
1 5 5298 5419 5430 5309 5299 5420 5431 5310
1 5 5299 5420 5431 5310 5300 5421 5432 5311
1 5 5300 5421 5432 5311 5301 5422 5433 5312
1 5 5302 5423 5434 5313 5303 5424 5435 5314
1 5 5303 5424 5435 5314 5304 5425 5436 5315
1 5 5304 5425 5436 5315 5305 5426 5437 5316
1 5 5305 5426 5437 5316 5306 5427 5438 5317
1 5 5306 5427 5438 5317 5307 5428 5439 5318
1 5 5307 5428 5439 5318 5308 5429 5440 5319
1 5 5308 5429 5440 5319 5309 5430 5441 5320
1 5 5309 5430 5441 5320 5310 5431 5442 5321
1 5 5310 5431 5442 5321 5311 5432 5443 5322
1 5 5311 5432 5443 5322 5312 5433 5444 5323
1 5 5324 5445 5456 5335 5325 5446 5457 5336
1 5 5325 5446 5457 5336 5326 5447 5458 5337
1 5 5326 5447 5458 5337 5327 5448 5459 5338
1 5 5327 5448 5459 5338 5328 5449 5460 5339
1 5 5328 5449 5460 5339 5329 5450 5461 5340
1 5 5329 5450 5461 5340 5330 5451 5462 5341
1 5 5330 5451 5462 5341 5331 5452 5463 5342
1 5 5331 5452 5463 5342 5332 5453 5464 5343
1 5 5332 5453 5464 5343 5333 5454 5465 5344
1 5 5333 5454 5465 5344 5334 5455 5466 5345
1 5 5335 5456 5467 5346 5336 5457 5468 5347
1 5 5336 5457 5468 5347 5337 5458 5469 5348
1 5 5337 5458 5469 5348 5338 5459 5470 5349
1 5 5338 5459 5470 5349 5339 5460 5471 5350
1 5 5339 5460 5471 5350 5340 5461 5472 5351
1 5 5340 5461 5472 5351 5341 5462 5473 5352
1 5 5341 5462 5473 5352 5342 5463 5474 5353
1 5 5342 5463 5474 5353 5343 5464 5475 5354
1 5 5343 5464 5475 5354 5344 5465 5476 5355
1 5 5344 5465 5476 5355 5345 5466 5477 5356
1 5 5346 5467 5478 5357 5347 5468 5479 5358
1 5 5347 5468 5479 5358 5348 5469 5480 5359
1 5 5348 5469 5480 5359 5349 5470 5481 5360
1 5 5349 5470 5481 5360 5350 5471 5482 5361
1 5 5350 5471 5482 5361 5351 5472 5483 5362
1 5 5351 5472 5483 5362 5352 5473 5484 5363
1 5 5352 5473 5484 5363 5353 5474 5485 5364
1 5 5353 5474 5485 5364 5354 5475 5486 5365
1 5 5354 5475 5486 5365 5355 5476 5487 5366
1 5 5355 5476 5487 5366 5356 5477 5488 5367
1 5 5357 5478 5489 5368 5358 5479 5490 5369
1 5 5358 5479 5490 5369 5359 5480 5491 5370
1 5 5359 5480 5491 5370 5360 5481 5492 5371
1 5 5360 5481 5492 5371 5361 5482 5493 5372
1 5 5361 5482 5493 5372 5362 5483 5494 5373
1 5 5362 5483 5494 5373 5363 5484 5495 5374
1 5 5363 5484 5495 5374 5364 5485 5496 5375
1 5 5364 5485 5496 5375 5365 5486 5497 5376
1 5 5365 5486 5497 5376 5366 5487 5498 5377
1 5 5366 5487 5498 5377 5367 5488 5499 5378
1 5 5368 5489 5500 5379 5369 5490 5501 5380
1 5 5369 5490 5501 5380 5370 5491 5502 5381
1 5 5370 5491 5502 5381 5371 5492 5503 5382
1 5 5371 5492 5503 5382 5372 5493 5504 5383
1 5 5372 5493 5504 5383 5373 5494 5505 5384
1 5 5373 5494 5505 5384 5374 5495 5506 5385
1 5 5374 5495 5506 5385 5375 5496 5507 5386
1 5 5375 5496 5507 5386 5376 5497 5508 5387
1 5 5376 5497 5508 5387 5377 5498 5509 5388
1 5 5377 5498 5509 5388 5378 5499 5510 5389
1 5 5379 5500 5511 5390 5380 5501 5512 5391
1 5 5380 5501 5512 5391 5381 5502 5513 5392
1 5 5381 5502 5513 5392 5382 5503 5514 5393
1 5 5382 5503 5514 5393 5383 5504 5515 5394
1 5 5383 5504 5515 5394 5384 5505 5516 5395
1 5 5384 5505 5516 5395 5385 5506 5517 5396
1 5 5385 5506 5517 5396 5386 5507 5518 5397
1 5 5386 5507 5518 5397 5387 5508 5519 5398
1 5 5387 5508 5519 5398 5388 5509 5520 5399
1 5 5388 5509 5520 5399 5389 5510 5521 5400
1 5 5390 5511 5522 5401 5391 5512 5523 5402
1 5 5391 5512 5523 5402 5392 5513 5524 5403
1 5 5392 5513 5524 5403 5393 5514 5525 5404
1 5 5393 5514 5525 5404 5394 5515 5526 5405
1 5 5394 5515 5526 5405 5395 5516 5527 5406
1 5 5395 5516 5527 5406 5396 5517 5528 5407
1 5 5396 5517 5528 5407 5397 5518 5529 5408
1 5 5397 5518 5529 5408 5398 5519 5530 5409
1 5 5398 5519 5530 5409 5399 5520 5531 5410
1 5 5399 5520 5531 5410 5400 5521 5532 5411
1 5 5401 5522 5533 5412 5402 5523 5534 5413
1 5 5402 5523 5534 5413 5403 5524 5535 5414
1 5 5403 5524 5535 5414 5404 5525 5536 5415
1 5 5404 5525 5536 5415 5405 5526 5537 5416
1 5 5405 5526 5537 5416 5406 5527 5538 5417
1 5 5406 5527 5538 5417 5407 5528 5539 5418
1 5 5407 5528 5539 5418 5408 5529 5540 5419
1 5 5408 5529 5540 5419 5409 5530 5541 5420
1 5 5409 5530 5541 5420 5410 5531 5542 5421
1 5 5410 5531 5542 5421 5411 5532 5543 5422
1 5 5412 5533 5544 5423 5413 5534 5545 5424
1 5 5413 5534 5545 5424 5414 5535 5546 5425
1 5 5414 5535 5546 5425 5415 5536 5547 5426
1 5 5415 5536 5547 5426 5416 5537 5548 5427
1 5 5416 5537 5548 5427 5417 5538 5549 5428
1 5 5417 5538 5549 5428 5418 5539 5550 5429
1 5 5418 5539 5550 5429 5419 5540 5551 5430
1 5 5419 5540 5551 5430 5420 5541 5552 5431
1 5 5420 5541 5552 5431 5421 5542 5553 5432
1 5 5421 5542 5553 5432 5422 5543 5554 5433
1 5 5423 5544 5555 5434 5424 5545 5556 5435
1 5 5424 5545 5556 5435 5425 5546 5557 5436
1 5 5425 5546 5557 5436 5426 5547 5558 5437
1 5 5426 5547 5558 5437 5427 5548 5559 5438
1 5 5427 5548 5559 5438 5428 5549 5560 5439
1 5 5428 5549 5560 5439 5429 5550 5561 5440
1 5 5429 5550 5561 5440 5430 5551 5562 5441
1 5 5430 5551 5562 5441 5431 5552 5563 5442
1 5 5431 5552 5563 5442 5432 5553 5564 5443
1 5 5432 5553 5564 5443 5433 5554 5565 5444
1 5 5445 5566 5577 5456 5446 5567 5578 5457
1 5 5446 5567 5578 5457 5447 5568 5579 5458
1 5 5447 5568 5579 5458 5448 5569 5580 5459
1 5 5448 5569 5580 5459 5449 5570 5581 5460
1 5 5449 5570 5581 5460 5450 5571 5582 5461
1 5 5450 5571 5582 5461 5451 5572 5583 5462
1 5 5451 5572 5583 5462 5452 5573 5584 5463
1 5 5452 5573 5584 5463 5453 5574 5585 5464
1 5 5453 5574 5585 5464 5454 5575 5586 5465
1 5 5454 5575 5586 5465 5455 5576 5587 5466
1 5 5456 5577 5588 5467 5457 5578 5589 5468
1 5 5457 5578 5589 5468 5458 5579 5590 5469
1 5 5458 5579 5590 5469 5459 5580 5591 5470
1 5 5459 5580 5591 5470 5460 5581 5592 5471
1 5 5460 5581 5592 5471 5461 5582 5593 5472
1 5 5461 5582 5593 5472 5462 5583 5594 5473
1 5 5462 5583 5594 5473 5463 5584 5595 5474
1 5 5463 5584 5595 5474 5464 5585 5596 5475
1 5 5464 5585 5596 5475 5465 5586 5597 5476
1 5 5465 5586 5597 5476 5466 5587 5598 5477
1 5 5467 5588 5599 5478 5468 5589 5600 5479
1 5 5468 5589 5600 5479 5469 5590 5601 5480
1 5 5469 5590 5601 5480 5470 5591 5602 5481
1 5 5470 5591 5602 5481 5471 5592 5603 5482
1 5 5471 5592 5603 5482 5472 5593 5604 5483
1 5 5472 5593 5604 5483 5473 5594 5605 5484
1 5 5473 5594 5605 5484 5474 5595 5606 5485
1 5 5474 5595 5606 5485 5475 5596 5607 5486
1 5 5475 5596 5607 5486 5476 5597 5608 5487
1 5 5476 5597 5608 5487 5477 5598 5609 5488
1 5 5478 5599 5610 5489 5479 5600 5611 5490
1 5 5479 5600 5611 5490 5480 5601 5612 5491
1 5 5480 5601 5612 5491 5481 5602 5613 5492
1 5 5481 5602 5613 5492 5482 5603 5614 5493
1 5 5482 5603 5614 5493 5483 5604 5615 5494
1 5 5483 5604 5615 5494 5484 5605 5616 5495
1 5 5484 5605 5616 5495 5485 5606 5617 5496
1 5 5485 5606 5617 5496 5486 5607 5618 5497
1 5 5486 5607 5618 5497 5487 5608 5619 5498
1 5 5487 5608 5619 5498 5488 5609 5620 5499
1 5 5489 5610 5621 5500 5490 5611 5622 5501
1 5 5490 5611 5622 5501 5491 5612 5623 5502
1 5 5491 5612 5623 5502 5492 5613 5624 5503
1 5 5492 5613 5624 5503 5493 5614 5625 5504
1 5 5493 5614 5625 5504 5494 5615 5626 5505
1 5 5494 5615 5626 5505 5495 5616 5627 5506
1 5 5495 5616 5627 5506 5496 5617 5628 5507
1 5 5496 5617 5628 5507 5497 5618 5629 5508
1 5 5497 5618 5629 5508 5498 5619 5630 5509
1 5 5498 5619 5630 5509 5499 5620 5631 5510
1 5 5500 5621 5632 5511 5501 5622 5633 5512
1 5 5501 5622 5633 5512 5502 5623 5634 5513
1 5 5502 5623 5634 5513 5503 5624 5635 5514
1 5 5503 5624 5635 5514 5504 5625 5636 5515
1 5 5504 5625 5636 5515 5505 5626 5637 5516
1 5 5505 5626 5637 5516 5506 5627 5638 5517
1 5 5506 5627 5638 5517 5507 5628 5639 5518
1 5 5507 5628 5639 5518 5508 5629 5640 5519
1 5 5508 5629 5640 5519 5509 5630 5641 5520
1 5 5509 5630 5641 5520 5510 5631 5642 5521
1 5 5511 5632 5643 5522 5512 5633 5644 5523
1 5 5512 5633 5644 5523 5513 5634 5645 5524
1 5 5513 5634 5645 5524 5514 5635 5646 5525
1 5 5514 5635 5646 5525 5515 5636 5647 5526
1 5 5515 5636 5647 5526 5516 5637 5648 5527
1 5 5516 5637 5648 5527 5517 5638 5649 5528
1 5 5517 5638 5649 5528 5518 5639 5650 5529
1 5 5518 5639 5650 5529 5519 5640 5651 5530
1 5 5519 5640 5651 5530 5520 5641 5652 5531
1 5 5520 5641 5652 5531 5521 5642 5653 5532
1 5 5522 5643 5654 5533 5523 5644 5655 5534
1 5 5523 5644 5655 5534 5524 5645 5656 5535
1 5 5524 5645 5656 5535 5525 5646 5657 5536
1 5 5525 5646 5657 5536 5526 5647 5658 5537
1 5 5526 5647 5658 5537 5527 5648 5659 5538
1 5 5527 5648 5659 5538 5528 5649 5660 5539
1 5 5528 5649 5660 5539 5529 5650 5661 5540
1 5 5529 5650 5661 5540 5530 5651 5662 5541
1 5 5530 5651 5662 5541 5531 5652 5663 5542
1 5 5531 5652 5663 5542 5532 5653 5664 5543
1 5 5533 5654 5665 5544 5534 5655 5666 5545
1 5 5534 5655 5666 5545 5535 5656 5667 5546
1 5 5535 5656 5667 5546 5536 5657 5668 5547
1 5 5536 5657 5668 5547 5537 5658 5669 5548
1 5 5537 5658 5669 5548 5538 5659 5670 5549
1 5 5538 5659 5670 5549 5539 5660 5671 5550
1 5 5539 5660 5671 5550 5540 5661 5672 5551
1 5 5540 5661 5672 5551 5541 5662 5673 5552
1 5 5541 5662 5673 5552 5542 5663 5674 5553
1 5 5542 5663 5674 5553 5543 5664 5675 5554
1 5 5544 5665 5676 5555 5545 5666 5677 5556
1 5 5545 5666 5677 5556 5546 5667 5678 5557
1 5 5546 5667 5678 5557 5547 5668 5679 5558
1 5 5547 5668 5679 5558 5548 5669 5680 5559
1 5 5548 5669 5680 5559 5549 5670 5681 5560
1 5 5549 5670 5681 5560 5550 5671 5682 5561
1 5 5550 5671 5682 5561 5551 5672 5683 5562
1 5 5551 5672 5683 5562 5552 5673 5684 5563
1 5 5552 5673 5684 5563 5553 5674 5685 5564
1 5 5553 5674 5685 5564 5554 5675 5686 5565
1 5 5566 5687 5698 5577 5567 5688 5699 5578
1 5 5567 5688 5699 5578 5568 5689 5700 5579
1 5 5568 5689 5700 5579 5569 5690 5701 5580
1 5 5569 5690 5701 5580 5570 5691 5702 5581
1 5 5570 5691 5702 5581 5571 5692 5703 5582
1 5 5571 5692 5703 5582 5572 5693 5704 5583
1 5 5572 5693 5704 5583 5573 5694 5705 5584
1 5 5573 5694 5705 5584 5574 5695 5706 5585
1 5 5574 5695 5706 5585 5575 5696 5707 5586
1 5 5575 5696 5707 5586 5576 5697 5708 5587
1 5 5577 5698 5709 5588 5578 5699 5710 5589
1 5 5578 5699 5710 5589 5579 5700 5711 5590
1 5 5579 5700 5711 5590 5580 5701 5712 5591
1 5 5580 5701 5712 5591 5581 5702 5713 5592
1 5 5581 5702 5713 5592 5582 5703 5714 5593
1 5 5582 5703 5714 5593 5583 5704 5715 5594
1 5 5583 5704 5715 5594 5584 5705 5716 5595
1 5 5584 5705 5716 5595 5585 5706 5717 5596
1 5 5585 5706 5717 5596 5586 5707 5718 5597
1 5 5586 5707 5718 5597 5587 5708 5719 5598
1 5 5588 5709 5720 5599 5589 5710 5721 5600
1 5 5589 5710 5721 5600 5590 5711 5722 5601
1 5 5590 5711 5722 5601 5591 5712 5723 5602
1 5 5591 5712 5723 5602 5592 5713 5724 5603
1 5 5592 5713 5724 5603 5593 5714 5725 5604
1 5 5593 5714 5725 5604 5594 5715 5726 5605
1 5 5594 5715 5726 5605 5595 5716 5727 5606
1 5 5595 5716 5727 5606 5596 5717 5728 5607
1 5 5596 5717 5728 5607 5597 5718 5729 5608
1 5 5597 5718 5729 5608 5598 5719 5730 5609
1 5 5599 5720 5731 5610 5600 5721 5732 5611
1 5 5600 5721 5732 5611 5601 5722 5733 5612
1 5 5601 5722 5733 5612 5602 5723 5734 5613
1 5 5602 5723 5734 5613 5603 5724 5735 5614
1 5 5603 5724 5735 5614 5604 5725 5736 5615
1 5 5604 5725 5736 5615 5605 5726 5737 5616
1 5 5605 5726 5737 5616 5606 5727 5738 5617
1 5 5606 5727 5738 5617 5607 5728 5739 5618
1 5 5607 5728 5739 5618 5608 5729 5740 5619
1 5 5608 5729 5740 5619 5609 5730 5741 5620
1 5 5610 5731 5742 5621 5611 5732 5743 5622
1 5 5611 5732 5743 5622 5612 5733 5744 5623
1 5 5612 5733 5744 5623 5613 5734 5745 5624
1 5 5613 5734 5745 5624 5614 5735 5746 5625
1 5 5614 5735 5746 5625 5615 5736 5747 5626
1 5 5615 5736 5747 5626 5616 5737 5748 5627
1 5 5616 5737 5748 5627 5617 5738 5749 5628
1 5 5617 5738 5749 5628 5618 5739 5750 5629
1 5 5618 5739 5750 5629 5619 5740 5751 5630
1 5 5619 5740 5751 5630 5620 5741 5752 5631
1 5 5621 5742 5753 5632 5622 5743 5754 5633
1 5 5622 5743 5754 5633 5623 5744 5755 5634
1 5 5623 5744 5755 5634 5624 5745 5756 5635
1 5 5624 5745 5756 5635 5625 5746 5757 5636
1 5 5625 5746 5757 5636 5626 5747 5758 5637
1 5 5626 5747 5758 5637 5627 5748 5759 5638
1 5 5627 5748 5759 5638 5628 5749 5760 5639
1 5 5628 5749 5760 5639 5629 5750 5761 5640
1 5 5629 5750 5761 5640 5630 5751 5762 5641
1 5 5630 5751 5762 5641 5631 5752 5763 5642
1 5 5632 5753 5764 5643 5633 5754 5765 5644
1 5 5633 5754 5765 5644 5634 5755 5766 5645
1 5 5634 5755 5766 5645 5635 5756 5767 5646
1 5 5635 5756 5767 5646 5636 5757 5768 5647
1 5 5636 5757 5768 5647 5637 5758 5769 5648
1 5 5637 5758 5769 5648 5638 5759 5770 5649
1 5 5638 5759 5770 5649 5639 5760 5771 5650
1 5 5639 5760 5771 5650 5640 5761 5772 5651
1 5 5640 5761 5772 5651 5641 5762 5773 5652
1 5 5641 5762 5773 5652 5642 5763 5774 5653
1 5 5643 5764 5775 5654 5644 5765 5776 5655
1 5 5644 5765 5776 5655 5645 5766 5777 5656
1 5 5645 5766 5777 5656 5646 5767 5778 5657
1 5 5646 5767 5778 5657 5647 5768 5779 5658
1 5 5647 5768 5779 5658 5648 5769 5780 5659
1 5 5648 5769 5780 5659 5649 5770 5781 5660
1 5 5649 5770 5781 5660 5650 5771 5782 5661
1 5 5650 5771 5782 5661 5651 5772 5783 5662
1 5 5651 5772 5783 5662 5652 5773 5784 5663
1 5 5652 5773 5784 5663 5653 5774 5785 5664
1 5 5654 5775 5786 5665 5655 5776 5787 5666
1 5 5655 5776 5787 5666 5656 5777 5788 5667
1 5 5656 5777 5788 5667 5657 5778 5789 5668
1 5 5657 5778 5789 5668 5658 5779 5790 5669
1 5 5658 5779 5790 5669 5659 5780 5791 5670
1 5 5659 5780 5791 5670 5660 5781 5792 5671
1 5 5660 5781 5792 5671 5661 5782 5793 5672
1 5 5661 5782 5793 5672 5662 5783 5794 5673
1 5 5662 5783 5794 5673 5663 5784 5795 5674
1 5 5663 5784 5795 5674 5664 5785 5796 5675
1 5 5665 5786 5797 5676 5666 5787 5798 5677
1 5 5666 5787 5798 5677 5667 5788 5799 5678
1 5 5667 5788 5799 5678 5668 5789 5800 5679
1 5 5668 5789 5800 5679 5669 5790 5801 5680
1 5 5669 5790 5801 5680 5670 5791 5802 5681
1 5 5670 5791 5802 5681 5671 5792 5803 5682
1 5 5671 5792 5803 5682 5672 5793 5804 5683
1 5 5672 5793 5804 5683 5673 5794 5805 5684
1 5 5673 5794 5805 5684 5674 5795 5806 5685
1 5 5674 5795 5806 5685 5675 5796 5807 5686
1 5 5687 5808 5819 5698 5688 5809 5820 5699
1 5 5688 5809 5820 5699 5689 5810 5821 5700
1 5 5689 5810 5821 5700 5690 5811 5822 5701
1 5 5690 5811 5822 5701 5691 5812 5823 5702
1 5 5691 5812 5823 5702 5692 5813 5824 5703
1 5 5692 5813 5824 5703 5693 5814 5825 5704
1 5 5693 5814 5825 5704 5694 5815 5826 5705
1 5 5694 5815 5826 5705 5695 5816 5827 5706
1 5 5695 5816 5827 5706 5696 5817 5828 5707
1 5 5696 5817 5828 5707 5697 5818 5829 5708
1 5 5698 5819 5830 5709 5699 5820 5831 5710
1 5 5699 5820 5831 5710 5700 5821 5832 5711
1 5 5700 5821 5832 5711 5701 5822 5833 5712
1 5 5701 5822 5833 5712 5702 5823 5834 5713
1 5 5702 5823 5834 5713 5703 5824 5835 5714
1 5 5703 5824 5835 5714 5704 5825 5836 5715
1 5 5704 5825 5836 5715 5705 5826 5837 5716
1 5 5705 5826 5837 5716 5706 5827 5838 5717
1 5 5706 5827 5838 5717 5707 5828 5839 5718
1 5 5707 5828 5839 5718 5708 5829 5840 5719
1 5 5709 5830 5841 5720 5710 5831 5842 5721
1 5 5710 5831 5842 5721 5711 5832 5843 5722
1 5 5711 5832 5843 5722 5712 5833 5844 5723
1 5 5712 5833 5844 5723 5713 5834 5845 5724
1 5 5713 5834 5845 5724 5714 5835 5846 5725
1 5 5714 5835 5846 5725 5715 5836 5847 5726
1 5 5715 5836 5847 5726 5716 5837 5848 5727
1 5 5716 5837 5848 5727 5717 5838 5849 5728
1 5 5717 5838 5849 5728 5718 5839 5850 5729
1 5 5718 5839 5850 5729 5719 5840 5851 5730
1 5 5720 5841 5852 5731 5721 5842 5853 5732
1 5 5721 5842 5853 5732 5722 5843 5854 5733
1 5 5722 5843 5854 5733 5723 5844 5855 5734
1 5 5723 5844 5855 5734 5724 5845 5856 5735
1 5 5724 5845 5856 5735 5725 5846 5857 5736
1 5 5725 5846 5857 5736 5726 5847 5858 5737
1 5 5726 5847 5858 5737 5727 5848 5859 5738
1 5 5727 5848 5859 5738 5728 5849 5860 5739
1 5 5728 5849 5860 5739 5729 5850 5861 5740
1 5 5729 5850 5861 5740 5730 5851 5862 5741
1 5 5731 5852 5863 5742 5732 5853 5864 5743
1 5 5732 5853 5864 5743 5733 5854 5865 5744
1 5 5733 5854 5865 5744 5734 5855 5866 5745
1 5 5734 5855 5866 5745 5735 5856 5867 5746
1 5 5735 5856 5867 5746 5736 5857 5868 5747
1 5 5736 5857 5868 5747 5737 5858 5869 5748
1 5 5737 5858 5869 5748 5738 5859 5870 5749
1 5 5738 5859 5870 5749 5739 5860 5871 5750
1 5 5739 5860 5871 5750 5740 5861 5872 5751
1 5 5740 5861 5872 5751 5741 5862 5873 5752
1 5 5742 5863 5874 5753 5743 5864 5875 5754
1 5 5743 5864 5875 5754 5744 5865 5876 5755
1 5 5744 5865 5876 5755 5745 5866 5877 5756
1 5 5745 5866 5877 5756 5746 5867 5878 5757
1 5 5746 5867 5878 5757 5747 5868 5879 5758
1 5 5747 5868 5879 5758 5748 5869 5880 5759
1 5 5748 5869 5880 5759 5749 5870 5881 5760
1 5 5749 5870 5881 5760 5750 5871 5882 5761
1 5 5750 5871 5882 5761 5751 5872 5883 5762
1 5 5751 5872 5883 5762 5752 5873 5884 5763
1 5 5753 5874 5885 5764 5754 5875 5886 5765
1 5 5754 5875 5886 5765 5755 5876 5887 5766
1 5 5755 5876 5887 5766 5756 5877 5888 5767
1 5 5756 5877 5888 5767 5757 5878 5889 5768
1 5 5757 5878 5889 5768 5758 5879 5890 5769
1 5 5758 5879 5890 5769 5759 5880 5891 5770
1 5 5759 5880 5891 5770 5760 5881 5892 5771
1 5 5760 5881 5892 5771 5761 5882 5893 5772
1 5 5761 5882 5893 5772 5762 5883 5894 5773
1 5 5762 5883 5894 5773 5763 5884 5895 5774
1 5 5764 5885 5896 5775 5765 5886 5897 5776
1 5 5765 5886 5897 5776 5766 5887 5898 5777
1 5 5766 5887 5898 5777 5767 5888 5899 5778
1 5 5767 5888 5899 5778 5768 5889 5900 5779
1 5 5768 5889 5900 5779 5769 5890 5901 5780
1 5 5769 5890 5901 5780 5770 5891 5902 5781
1 5 5770 5891 5902 5781 5771 5892 5903 5782
1 5 5771 5892 5903 5782 5772 5893 5904 5783
1 5 5772 5893 5904 5783 5773 5894 5905 5784
1 5 5773 5894 5905 5784 5774 5895 5906 5785
1 5 5775 5896 5907 5786 5776 5897 5908 5787
1 5 5776 5897 5908 5787 5777 5898 5909 5788
1 5 5777 5898 5909 5788 5778 5899 5910 5789
1 5 5778 5899 5910 5789 5779 5900 5911 5790
1 5 5779 5900 5911 5790 5780 5901 5912 5791
1 5 5780 5901 5912 5791 5781 5902 5913 5792
1 5 5781 5902 5913 5792 5782 5903 5914 5793
1 5 5782 5903 5914 5793 5783 5904 5915 5794
1 5 5783 5904 5915 5794 5784 5905 5916 5795
1 5 5784 5905 5916 5795 5785 5906 5917 5796
1 5 5786 5907 5918 5797 5787 5908 5919 5798
1 5 5787 5908 5919 5798 5788 5909 5920 5799
1 5 5788 5909 5920 5799 5789 5910 5921 5800
1 5 5789 5910 5921 5800 5790 5911 5922 5801
1 5 5790 5911 5922 5801 5791 5912 5923 5802
1 5 5791 5912 5923 5802 5792 5913 5924 5803
1 5 5792 5913 5924 5803 5793 5914 5925 5804
1 5 5793 5914 5925 5804 5794 5915 5926 5805
1 5 5794 5915 5926 5805 5795 5916 5927 5806
1 5 5795 5916 5927 5806 5796 5917 5928 5807
1 5 5808 5929 5940 5819 5809 5930 5941 5820
1 5 5809 5930 5941 5820 5810 5931 5942 5821
1 5 5810 5931 5942 5821 5811 5932 5943 5822
1 5 5811 5932 5943 5822 5812 5933 5944 5823
1 5 5812 5933 5944 5823 5813 5934 5945 5824
1 5 5813 5934 5945 5824 5814 5935 5946 5825
1 5 5814 5935 5946 5825 5815 5936 5947 5826
1 5 5815 5936 5947 5826 5816 5937 5948 5827
1 5 5816 5937 5948 5827 5817 5938 5949 5828
1 5 5817 5938 5949 5828 5818 5939 5950 5829
1 5 5819 5940 5951 5830 5820 5941 5952 5831
1 5 5820 5941 5952 5831 5821 5942 5953 5832
1 5 5821 5942 5953 5832 5822 5943 5954 5833
1 5 5822 5943 5954 5833 5823 5944 5955 5834
1 5 5823 5944 5955 5834 5824 5945 5956 5835
1 5 5824 5945 5956 5835 5825 5946 5957 5836
1 5 5825 5946 5957 5836 5826 5947 5958 5837
1 5 5826 5947 5958 5837 5827 5948 5959 5838
1 5 5827 5948 5959 5838 5828 5949 5960 5839
1 5 5828 5949 5960 5839 5829 5950 5961 5840
1 5 5830 5951 5962 5841 5831 5952 5963 5842
1 5 5831 5952 5963 5842 5832 5953 5964 5843
1 5 5832 5953 5964 5843 5833 5954 5965 5844
1 5 5833 5954 5965 5844 5834 5955 5966 5845
1 5 5834 5955 5966 5845 5835 5956 5967 5846
1 5 5835 5956 5967 5846 5836 5957 5968 5847
1 5 5836 5957 5968 5847 5837 5958 5969 5848
1 5 5837 5958 5969 5848 5838 5959 5970 5849
1 5 5838 5959 5970 5849 5839 5960 5971 5850
1 5 5839 5960 5971 5850 5840 5961 5972 5851
1 5 5841 5962 5973 5852 5842 5963 5974 5853
1 5 5842 5963 5974 5853 5843 5964 5975 5854
1 5 5843 5964 5975 5854 5844 5965 5976 5855
1 5 5844 5965 5976 5855 5845 5966 5977 5856
1 5 5845 5966 5977 5856 5846 5967 5978 5857
1 5 5846 5967 5978 5857 5847 5968 5979 5858
1 5 5847 5968 5979 5858 5848 5969 5980 5859
1 5 5848 5969 5980 5859 5849 5970 5981 5860
1 5 5849 5970 5981 5860 5850 5971 5982 5861
1 5 5850 5971 5982 5861 5851 5972 5983 5862
1 5 5852 5973 5984 5863 5853 5974 5985 5864
1 5 5853 5974 5985 5864 5854 5975 5986 5865
1 5 5854 5975 5986 5865 5855 5976 5987 5866
1 5 5855 5976 5987 5866 5856 5977 5988 5867
1 5 5856 5977 5988 5867 5857 5978 5989 5868
1 5 5857 5978 5989 5868 5858 5979 5990 5869
1 5 5858 5979 5990 5869 5859 5980 5991 5870
1 5 5859 5980 5991 5870 5860 5981 5992 5871
1 5 5860 5981 5992 5871 5861 5982 5993 5872
1 5 5861 5982 5993 5872 5862 5983 5994 5873
1 5 5863 5984 5995 5874 5864 5985 5996 5875
1 5 5864 5985 5996 5875 5865 5986 5997 5876
1 5 5865 5986 5997 5876 5866 5987 5998 5877
1 5 5866 5987 5998 5877 5867 5988 5999 5878
1 5 5867 5988 5999 5878 5868 5989 6000 5879
1 5 5868 5989 6000 5879 5869 5990 6001 5880
1 5 5869 5990 6001 5880 5870 5991 6002 5881
1 5 5870 5991 6002 5881 5871 5992 6003 5882
1 5 5871 5992 6003 5882 5872 5993 6004 5883
1 5 5872 5993 6004 5883 5873 5994 6005 5884
1 5 5874 5995 6006 5885 5875 5996 6007 5886
1 5 5875 5996 6007 5886 5876 5997 6008 5887
1 5 5876 5997 6008 5887 5877 5998 6009 5888
1 5 5877 5998 6009 5888 5878 5999 6010 5889
1 5 5878 5999 6010 5889 5879 6000 6011 5890
1 5 5879 6000 6011 5890 5880 6001 6012 5891
1 5 5880 6001 6012 5891 5881 6002 6013 5892
1 5 5881 6002 6013 5892 5882 6003 6014 5893
1 5 5882 6003 6014 5893 5883 6004 6015 5894
1 5 5883 6004 6015 5894 5884 6005 6016 5895
1 5 5885 6006 6017 5896 5886 6007 6018 5897
1 5 5886 6007 6018 5897 5887 6008 6019 5898
1 5 5887 6008 6019 5898 5888 6009 6020 5899
1 5 5888 6009 6020 5899 5889 6010 6021 5900
1 5 5889 6010 6021 5900 5890 6011 6022 5901
1 5 5890 6011 6022 5901 5891 6012 6023 5902
1 5 5891 6012 6023 5902 5892 6013 6024 5903
1 5 5892 6013 6024 5903 5893 6014 6025 5904
1 5 5893 6014 6025 5904 5894 6015 6026 5905
1 5 5894 6015 6026 5905 5895 6016 6027 5906
1 5 5896 6017 6028 5907 5897 6018 6029 5908
1 5 5897 6018 6029 5908 5898 6019 6030 5909
1 5 5898 6019 6030 5909 5899 6020 6031 5910
1 5 5899 6020 6031 5910 5900 6021 6032 5911
1 5 5900 6021 6032 5911 5901 6022 6033 5912
1 5 5901 6022 6033 5912 5902 6023 6034 5913
1 5 5902 6023 6034 5913 5903 6024 6035 5914
1 5 5903 6024 6035 5914 5904 6025 6036 5915
1 5 5904 6025 6036 5915 5905 6026 6037 5916
1 5 5905 6026 6037 5916 5906 6027 6038 5917
1 5 5907 6028 6039 5918 5908 6029 6040 5919
1 5 5908 6029 6040 5919 5909 6030 6041 5920
1 5 5909 6030 6041 5920 5910 6031 6042 5921
1 5 5910 6031 6042 5921 5911 6032 6043 5922
1 5 5911 6032 6043 5922 5912 6033 6044 5923
1 5 5912 6033 6044 5923 5913 6034 6045 5924
1 5 5913 6034 6045 5924 5914 6035 6046 5925
1 5 5914 6035 6046 5925 5915 6036 6047 5926
1 5 5915 6036 6047 5926 5916 6037 6048 5927
1 5 5916 6037 6048 5927 5917 6038 6049 5928
1 5 5929 6050 6061 5940 5930 6051 6062 5941
1 5 5930 6051 6062 5941 5931 6052 6063 5942
1 5 5931 6052 6063 5942 5932 6053 6064 5943
1 5 5932 6053 6064 5943 5933 6054 6065 5944
1 5 5933 6054 6065 5944 5934 6055 6066 5945
1 5 5934 6055 6066 5945 5935 6056 6067 5946
1 5 5935 6056 6067 5946 5936 6057 6068 5947
1 5 5936 6057 6068 5947 5937 6058 6069 5948
1 5 5937 6058 6069 5948 5938 6059 6070 5949
1 5 5938 6059 6070 5949 5939 6060 6071 5950
1 5 5940 6061 6072 5951 5941 6062 6073 5952
1 5 5941 6062 6073 5952 5942 6063 6074 5953
1 5 5942 6063 6074 5953 5943 6064 6075 5954
1 5 5943 6064 6075 5954 5944 6065 6076 5955
1 5 5944 6065 6076 5955 5945 6066 6077 5956
1 5 5945 6066 6077 5956 5946 6067 6078 5957
1 5 5946 6067 6078 5957 5947 6068 6079 5958
1 5 5947 6068 6079 5958 5948 6069 6080 5959
1 5 5948 6069 6080 5959 5949 6070 6081 5960
1 5 5949 6070 6081 5960 5950 6071 6082 5961
1 5 5951 6072 6083 5962 5952 6073 6084 5963
1 5 5952 6073 6084 5963 5953 6074 6085 5964
1 5 5953 6074 6085 5964 5954 6075 6086 5965
1 5 5954 6075 6086 5965 5955 6076 6087 5966
1 5 5955 6076 6087 5966 5956 6077 6088 5967
1 5 5956 6077 6088 5967 5957 6078 6089 5968
1 5 5957 6078 6089 5968 5958 6079 6090 5969
1 5 5958 6079 6090 5969 5959 6080 6091 5970
1 5 5959 6080 6091 5970 5960 6081 6092 5971
1 5 5960 6081 6092 5971 5961 6082 6093 5972
1 5 5962 6083 6094 5973 5963 6084 6095 5974
1 5 5963 6084 6095 5974 5964 6085 6096 5975
1 5 5964 6085 6096 5975 5965 6086 6097 5976
1 5 5965 6086 6097 5976 5966 6087 6098 5977
1 5 5966 6087 6098 5977 5967 6088 6099 5978
1 5 5967 6088 6099 5978 5968 6089 6100 5979
1 5 5968 6089 6100 5979 5969 6090 6101 5980
1 5 5969 6090 6101 5980 5970 6091 6102 5981
1 5 5970 6091 6102 5981 5971 6092 6103 5982
1 5 5971 6092 6103 5982 5972 6093 6104 5983
1 5 5973 6094 6105 5984 5974 6095 6106 5985
1 5 5974 6095 6106 5985 5975 6096 6107 5986
1 5 5975 6096 6107 5986 5976 6097 6108 5987
1 5 5976 6097 6108 5987 5977 6098 6109 5988
1 5 5977 6098 6109 5988 5978 6099 6110 5989
1 5 5978 6099 6110 5989 5979 6100 6111 5990
1 5 5979 6100 6111 5990 5980 6101 6112 5991
1 5 5980 6101 6112 5991 5981 6102 6113 5992
1 5 5981 6102 6113 5992 5982 6103 6114 5993
1 5 5982 6103 6114 5993 5983 6104 6115 5994
1 5 5984 6105 6116 5995 5985 6106 6117 5996
1 5 5985 6106 6117 5996 5986 6107 6118 5997
1 5 5986 6107 6118 5997 5987 6108 6119 5998
1 5 5987 6108 6119 5998 5988 6109 6120 5999
1 5 5988 6109 6120 5999 5989 6110 6121 6000
1 5 5989 6110 6121 6000 5990 6111 6122 6001
1 5 5990 6111 6122 6001 5991 6112 6123 6002
1 5 5991 6112 6123 6002 5992 6113 6124 6003
1 5 5992 6113 6124 6003 5993 6114 6125 6004
1 5 5993 6114 6125 6004 5994 6115 6126 6005
1 5 5995 6116 6127 6006 5996 6117 6128 6007
1 5 5996 6117 6128 6007 5997 6118 6129 6008
1 5 5997 6118 6129 6008 5998 6119 6130 6009
1 5 5998 6119 6130 6009 5999 6120 6131 6010
1 5 5999 6120 6131 6010 6000 6121 6132 6011
1 5 6000 6121 6132 6011 6001 6122 6133 6012
1 5 6001 6122 6133 6012 6002 6123 6134 6013
1 5 6002 6123 6134 6013 6003 6124 6135 6014
1 5 6003 6124 6135 6014 6004 6125 6136 6015
1 5 6004 6125 6136 6015 6005 6126 6137 6016
1 5 6006 6127 6138 6017 6007 6128 6139 6018
1 5 6007 6128 6139 6018 6008 6129 6140 6019
1 5 6008 6129 6140 6019 6009 6130 6141 6020
1 5 6009 6130 6141 6020 6010 6131 6142 6021
1 5 6010 6131 6142 6021 6011 6132 6143 6022
1 5 6011 6132 6143 6022 6012 6133 6144 6023
1 5 6012 6133 6144 6023 6013 6134 6145 6024
1 5 6013 6134 6145 6024 6014 6135 6146 6025
1 5 6014 6135 6146 6025 6015 6136 6147 6026
1 5 6015 6136 6147 6026 6016 6137 6148 6027
1 5 6017 6138 6149 6028 6018 6139 6150 6029
1 5 6018 6139 6150 6029 6019 6140 6151 6030
1 5 6019 6140 6151 6030 6020 6141 6152 6031
1 5 6020 6141 6152 6031 6021 6142 6153 6032
1 5 6021 6142 6153 6032 6022 6143 6154 6033
1 5 6022 6143 6154 6033 6023 6144 6155 6034
1 5 6023 6144 6155 6034 6024 6145 6156 6035
1 5 6024 6145 6156 6035 6025 6146 6157 6036
1 5 6025 6146 6157 6036 6026 6147 6158 6037
1 5 6026 6147 6158 6037 6027 6148 6159 6038
1 5 6028 6149 6160 6039 6029 6150 6161 6040
1 5 6029 6150 6161 6040 6030 6151 6162 6041
1 5 6030 6151 6162 6041 6031 6152 6163 6042
1 5 6031 6152 6163 6042 6032 6153 6164 6043
1 5 6032 6153 6164 6043 6033 6154 6165 6044
1 5 6033 6154 6165 6044 6034 6155 6166 6045
1 5 6034 6155 6166 6045 6035 6156 6167 6046
1 5 6035 6156 6167 6046 6036 6157 6168 6047
1 5 6036 6157 6168 6047 6037 6158 6169 6048
1 5 6037 6158 6169 6048 6038 6159 6170 6049
1 5 6050 6171 6182 6061 6051 6172 6183 6062
1 5 6051 6172 6183 6062 6052 6173 6184 6063
1 5 6052 6173 6184 6063 6053 6174 6185 6064
1 5 6053 6174 6185 6064 6054 6175 6186 6065
1 5 6054 6175 6186 6065 6055 6176 6187 6066
1 5 6055 6176 6187 6066 6056 6177 6188 6067
1 5 6056 6177 6188 6067 6057 6178 6189 6068
1 5 6057 6178 6189 6068 6058 6179 6190 6069
1 5 6058 6179 6190 6069 6059 6180 6191 6070
1 5 6059 6180 6191 6070 6060 6181 6192 6071
1 5 6061 6182 6193 6072 6062 6183 6194 6073
1 5 6062 6183 6194 6073 6063 6184 6195 6074
1 5 6063 6184 6195 6074 6064 6185 6196 6075
1 5 6064 6185 6196 6075 6065 6186 6197 6076
1 5 6065 6186 6197 6076 6066 6187 6198 6077
1 5 6066 6187 6198 6077 6067 6188 6199 6078
1 5 6067 6188 6199 6078 6068 6189 6200 6079
1 5 6068 6189 6200 6079 6069 6190 6201 6080
1 5 6069 6190 6201 6080 6070 6191 6202 6081
1 5 6070 6191 6202 6081 6071 6192 6203 6082
1 5 6072 6193 6204 6083 6073 6194 6205 6084
1 5 6073 6194 6205 6084 6074 6195 6206 6085
1 5 6074 6195 6206 6085 6075 6196 6207 6086
1 5 6075 6196 6207 6086 6076 6197 6208 6087
1 5 6076 6197 6208 6087 6077 6198 6209 6088
1 5 6077 6198 6209 6088 6078 6199 6210 6089
1 5 6078 6199 6210 6089 6079 6200 6211 6090
1 5 6079 6200 6211 6090 6080 6201 6212 6091
1 5 6080 6201 6212 6091 6081 6202 6213 6092
1 5 6081 6202 6213 6092 6082 6203 6214 6093
1 5 6083 6204 6215 6094 6084 6205 6216 6095
1 5 6084 6205 6216 6095 6085 6206 6217 6096
1 5 6085 6206 6217 6096 6086 6207 6218 6097
1 5 6086 6207 6218 6097 6087 6208 6219 6098
1 5 6087 6208 6219 6098 6088 6209 6220 6099
1 5 6088 6209 6220 6099 6089 6210 6221 6100
1 5 6089 6210 6221 6100 6090 6211 6222 6101
1 5 6090 6211 6222 6101 6091 6212 6223 6102
1 5 6091 6212 6223 6102 6092 6213 6224 6103
1 5 6092 6213 6224 6103 6093 6214 6225 6104
1 5 6094 6215 6226 6105 6095 6216 6227 6106
1 5 6095 6216 6227 6106 6096 6217 6228 6107
1 5 6096 6217 6228 6107 6097 6218 6229 6108
1 5 6097 6218 6229 6108 6098 6219 6230 6109
1 5 6098 6219 6230 6109 6099 6220 6231 6110
1 5 6099 6220 6231 6110 6100 6221 6232 6111
1 5 6100 6221 6232 6111 6101 6222 6233 6112
1 5 6101 6222 6233 6112 6102 6223 6234 6113
1 5 6102 6223 6234 6113 6103 6224 6235 6114
1 5 6103 6224 6235 6114 6104 6225 6236 6115
1 5 6105 6226 6237 6116 6106 6227 6238 6117
1 5 6106 6227 6238 6117 6107 6228 6239 6118
1 5 6107 6228 6239 6118 6108 6229 6240 6119
1 5 6108 6229 6240 6119 6109 6230 6241 6120
1 5 6109 6230 6241 6120 6110 6231 6242 6121
1 5 6110 6231 6242 6121 6111 6232 6243 6122
1 5 6111 6232 6243 6122 6112 6233 6244 6123
1 5 6112 6233 6244 6123 6113 6234 6245 6124
1 5 6113 6234 6245 6124 6114 6235 6246 6125
1 5 6114 6235 6246 6125 6115 6236 6247 6126
1 5 6116 6237 6248 6127 6117 6238 6249 6128
1 5 6117 6238 6249 6128 6118 6239 6250 6129
1 5 6118 6239 6250 6129 6119 6240 6251 6130
1 5 6119 6240 6251 6130 6120 6241 6252 6131
1 5 6120 6241 6252 6131 6121 6242 6253 6132
1 5 6121 6242 6253 6132 6122 6243 6254 6133
1 5 6122 6243 6254 6133 6123 6244 6255 6134
1 5 6123 6244 6255 6134 6124 6245 6256 6135
1 5 6124 6245 6256 6135 6125 6246 6257 6136
1 5 6125 6246 6257 6136 6126 6247 6258 6137
1 5 6127 6248 6259 6138 6128 6249 6260 6139
1 5 6128 6249 6260 6139 6129 6250 6261 6140
1 5 6129 6250 6261 6140 6130 6251 6262 6141
1 5 6130 6251 6262 6141 6131 6252 6263 6142
1 5 6131 6252 6263 6142 6132 6253 6264 6143
1 5 6132 6253 6264 6143 6133 6254 6265 6144
1 5 6133 6254 6265 6144 6134 6255 6266 6145
1 5 6134 6255 6266 6145 6135 6256 6267 6146
1 5 6135 6256 6267 6146 6136 6257 6268 6147
1 5 6136 6257 6268 6147 6137 6258 6269 6148
1 5 6138 6259 6270 6149 6139 6260 6271 6150
1 5 6139 6260 6271 6150 6140 6261 6272 6151
1 5 6140 6261 6272 6151 6141 6262 6273 6152
1 5 6141 6262 6273 6152 6142 6263 6274 6153
1 5 6142 6263 6274 6153 6143 6264 6275 6154
1 5 6143 6264 6275 6154 6144 6265 6276 6155
1 5 6144 6265 6276 6155 6145 6266 6277 6156
1 5 6145 6266 6277 6156 6146 6267 6278 6157
1 5 6146 6267 6278 6157 6147 6268 6279 6158
1 5 6147 6268 6279 6158 6148 6269 6280 6159
1 5 6149 6270 6281 6160 6150 6271 6282 6161
1 5 6150 6271 6282 6161 6151 6272 6283 6162
1 5 6151 6272 6283 6162 6152 6273 6284 6163
1 5 6152 6273 6284 6163 6153 6274 6285 6164
1 5 6153 6274 6285 6164 6154 6275 6286 6165
1 5 6154 6275 6286 6165 6155 6276 6287 6166
1 5 6155 6276 6287 6166 6156 6277 6288 6167
1 5 6156 6277 6288 6167 6157 6278 6289 6168
1 5 6157 6278 6289 6168 6158 6279 6290 6169
1 5 6158 6279 6290 6169 6159 6280 6291 6170
1 5 6171 6292 6303 6182 6172 6293 6304 6183
1 5 6172 6293 6304 6183 6173 6294 6305 6184
1 5 6173 6294 6305 6184 6174 6295 6306 6185
1 5 6174 6295 6306 6185 6175 6296 6307 6186
1 5 6175 6296 6307 6186 6176 6297 6308 6187
1 5 6176 6297 6308 6187 6177 6298 6309 6188
1 5 6177 6298 6309 6188 6178 6299 6310 6189
1 5 6178 6299 6310 6189 6179 6300 6311 6190
1 5 6179 6300 6311 6190 6180 6301 6312 6191
1 5 6180 6301 6312 6191 6181 6302 6313 6192
1 5 6182 6303 6314 6193 6183 6304 6315 6194
1 5 6183 6304 6315 6194 6184 6305 6316 6195
1 5 6184 6305 6316 6195 6185 6306 6317 6196
1 5 6185 6306 6317 6196 6186 6307 6318 6197
1 5 6186 6307 6318 6197 6187 6308 6319 6198
1 5 6187 6308 6319 6198 6188 6309 6320 6199
1 5 6188 6309 6320 6199 6189 6310 6321 6200
1 5 6189 6310 6321 6200 6190 6311 6322 6201
1 5 6190 6311 6322 6201 6191 6312 6323 6202
1 5 6191 6312 6323 6202 6192 6313 6324 6203
1 5 6193 6314 6325 6204 6194 6315 6326 6205
1 5 6194 6315 6326 6205 6195 6316 6327 6206
1 5 6195 6316 6327 6206 6196 6317 6328 6207
1 5 6196 6317 6328 6207 6197 6318 6329 6208
1 5 6197 6318 6329 6208 6198 6319 6330 6209
1 5 6198 6319 6330 6209 6199 6320 6331 6210
1 5 6199 6320 6331 6210 6200 6321 6332 6211
1 5 6200 6321 6332 6211 6201 6322 6333 6212
1 5 6201 6322 6333 6212 6202 6323 6334 6213
1 5 6202 6323 6334 6213 6203 6324 6335 6214
1 5 6204 6325 6336 6215 6205 6326 6337 6216
1 5 6205 6326 6337 6216 6206 6327 6338 6217
1 5 6206 6327 6338 6217 6207 6328 6339 6218
1 5 6207 6328 6339 6218 6208 6329 6340 6219
1 5 6208 6329 6340 6219 6209 6330 6341 6220
1 5 6209 6330 6341 6220 6210 6331 6342 6221
1 5 6210 6331 6342 6221 6211 6332 6343 6222
1 5 6211 6332 6343 6222 6212 6333 6344 6223
1 5 6212 6333 6344 6223 6213 6334 6345 6224
1 5 6213 6334 6345 6224 6214 6335 6346 6225
1 5 6215 6336 6347 6226 6216 6337 6348 6227
1 5 6216 6337 6348 6227 6217 6338 6349 6228
1 5 6217 6338 6349 6228 6218 6339 6350 6229
1 5 6218 6339 6350 6229 6219 6340 6351 6230
1 5 6219 6340 6351 6230 6220 6341 6352 6231
1 5 6220 6341 6352 6231 6221 6342 6353 6232
1 5 6221 6342 6353 6232 6222 6343 6354 6233
1 5 6222 6343 6354 6233 6223 6344 6355 6234
1 5 6223 6344 6355 6234 6224 6345 6356 6235
1 5 6224 6345 6356 6235 6225 6346 6357 6236
1 5 6226 6347 6358 6237 6227 6348 6359 6238
1 5 6227 6348 6359 6238 6228 6349 6360 6239
1 5 6228 6349 6360 6239 6229 6350 6361 6240
1 5 6229 6350 6361 6240 6230 6351 6362 6241
1 5 6230 6351 6362 6241 6231 6352 6363 6242
1 5 6231 6352 6363 6242 6232 6353 6364 6243
1 5 6232 6353 6364 6243 6233 6354 6365 6244
1 5 6233 6354 6365 6244 6234 6355 6366 6245
1 5 6234 6355 6366 6245 6235 6356 6367 6246
1 5 6235 6356 6367 6246 6236 6357 6368 6247
1 5 6237 6358 6369 6248 6238 6359 6370 6249
1 5 6238 6359 6370 6249 6239 6360 6371 6250
1 5 6239 6360 6371 6250 6240 6361 6372 6251
1 5 6240 6361 6372 6251 6241 6362 6373 6252
1 5 6241 6362 6373 6252 6242 6363 6374 6253
1 5 6242 6363 6374 6253 6243 6364 6375 6254
1 5 6243 6364 6375 6254 6244 6365 6376 6255
1 5 6244 6365 6376 6255 6245 6366 6377 6256
1 5 6245 6366 6377 6256 6246 6367 6378 6257
1 5 6246 6367 6378 6257 6247 6368 6379 6258
1 5 6248 6369 6380 6259 6249 6370 6381 6260
1 5 6249 6370 6381 6260 6250 6371 6382 6261
1 5 6250 6371 6382 6261 6251 6372 6383 6262
1 5 6251 6372 6383 6262 6252 6373 6384 6263
1 5 6252 6373 6384 6263 6253 6374 6385 6264
1 5 6253 6374 6385 6264 6254 6375 6386 6265
1 5 6254 6375 6386 6265 6255 6376 6387 6266
1 5 6255 6376 6387 6266 6256 6377 6388 6267
1 5 6256 6377 6388 6267 6257 6378 6389 6268
1 5 6257 6378 6389 6268 6258 6379 6390 6269
1 5 6259 6380 6391 6270 6260 6381 6392 6271
1 5 6260 6381 6392 6271 6261 6382 6393 6272
1 5 6261 6382 6393 6272 6262 6383 6394 6273
1 5 6262 6383 6394 6273 6263 6384 6395 6274
1 5 6263 6384 6395 6274 6264 6385 6396 6275
1 5 6264 6385 6396 6275 6265 6386 6397 6276
1 5 6265 6386 6397 6276 6266 6387 6398 6277
1 5 6266 6387 6398 6277 6267 6388 6399 6278
1 5 6267 6388 6399 6278 6268 6389 6400 6279
1 5 6268 6389 6400 6279 6269 6390 6401 6280
1 5 6270 6391 6402 6281 6271 6392 6403 6282
1 5 6271 6392 6403 6282 6272 6393 6404 6283
1 5 6272 6393 6404 6283 6273 6394 6405 6284
1 5 6273 6394 6405 6284 6274 6395 6406 6285
1 5 6274 6395 6406 6285 6275 6396 6407 6286
1 5 6275 6396 6407 6286 6276 6397 6408 6287
1 5 6276 6397 6408 6287 6277 6398 6409 6288
1 5 6277 6398 6409 6288 6278 6399 6410 6289
1 5 6278 6399 6410 6289 6279 6400 6411 6290
1 5 6279 6400 6411 6290 6280 6401 6412 6291
1 5 6292 6413 6424 6303 6293 6414 6425 6304
1 5 6293 6414 6425 6304 6294 6415 6426 6305
1 5 6294 6415 6426 6305 6295 6416 6427 6306
1 5 6295 6416 6427 6306 6296 6417 6428 6307
1 5 6296 6417 6428 6307 6297 6418 6429 6308
1 5 6297 6418 6429 6308 6298 6419 6430 6309
1 5 6298 6419 6430 6309 6299 6420 6431 6310
1 5 6299 6420 6431 6310 6300 6421 6432 6311
1 5 6300 6421 6432 6311 6301 6422 6433 6312
1 5 6301 6422 6433 6312 6302 6423 6434 6313
1 5 6303 6424 6435 6314 6304 6425 6436 6315
1 5 6304 6425 6436 6315 6305 6426 6437 6316
1 5 6305 6426 6437 6316 6306 6427 6438 6317
1 5 6306 6427 6438 6317 6307 6428 6439 6318
1 5 6307 6428 6439 6318 6308 6429 6440 6319
1 5 6308 6429 6440 6319 6309 6430 6441 6320
1 5 6309 6430 6441 6320 6310 6431 6442 6321
1 5 6310 6431 6442 6321 6311 6432 6443 6322
1 5 6311 6432 6443 6322 6312 6433 6444 6323
1 5 6312 6433 6444 6323 6313 6434 6445 6324
1 5 6314 6435 6446 6325 6315 6436 6447 6326
1 5 6315 6436 6447 6326 6316 6437 6448 6327
1 5 6316 6437 6448 6327 6317 6438 6449 6328
1 5 6317 6438 6449 6328 6318 6439 6450 6329
1 5 6318 6439 6450 6329 6319 6440 6451 6330
1 5 6319 6440 6451 6330 6320 6441 6452 6331
1 5 6320 6441 6452 6331 6321 6442 6453 6332
1 5 6321 6442 6453 6332 6322 6443 6454 6333
1 5 6322 6443 6454 6333 6323 6444 6455 6334
1 5 6323 6444 6455 6334 6324 6445 6456 6335
1 5 6325 6446 6457 6336 6326 6447 6458 6337
1 5 6326 6447 6458 6337 6327 6448 6459 6338
1 5 6327 6448 6459 6338 6328 6449 6460 6339
1 5 6328 6449 6460 6339 6329 6450 6461 6340
1 5 6329 6450 6461 6340 6330 6451 6462 6341
1 5 6330 6451 6462 6341 6331 6452 6463 6342
1 5 6331 6452 6463 6342 6332 6453 6464 6343
1 5 6332 6453 6464 6343 6333 6454 6465 6344
1 5 6333 6454 6465 6344 6334 6455 6466 6345
1 5 6334 6455 6466 6345 6335 6456 6467 6346
1 5 6336 6457 6468 6347 6337 6458 6469 6348
1 5 6337 6458 6469 6348 6338 6459 6470 6349
1 5 6338 6459 6470 6349 6339 6460 6471 6350
1 5 6339 6460 6471 6350 6340 6461 6472 6351
1 5 6340 6461 6472 6351 6341 6462 6473 6352
1 5 6341 6462 6473 6352 6342 6463 6474 6353
1 5 6342 6463 6474 6353 6343 6464 6475 6354
1 5 6343 6464 6475 6354 6344 6465 6476 6355
1 5 6344 6465 6476 6355 6345 6466 6477 6356
1 5 6345 6466 6477 6356 6346 6467 6478 6357
1 5 6347 6468 6479 6358 6348 6469 6480 6359
1 5 6348 6469 6480 6359 6349 6470 6481 6360
1 5 6349 6470 6481 6360 6350 6471 6482 6361
1 5 6350 6471 6482 6361 6351 6472 6483 6362
1 5 6351 6472 6483 6362 6352 6473 6484 6363
1 5 6352 6473 6484 6363 6353 6474 6485 6364
1 5 6353 6474 6485 6364 6354 6475 6486 6365
1 5 6354 6475 6486 6365 6355 6476 6487 6366
1 5 6355 6476 6487 6366 6356 6477 6488 6367
1 5 6356 6477 6488 6367 6357 6478 6489 6368
1 5 6358 6479 6490 6369 6359 6480 6491 6370
1 5 6359 6480 6491 6370 6360 6481 6492 6371
1 5 6360 6481 6492 6371 6361 6482 6493 6372
1 5 6361 6482 6493 6372 6362 6483 6494 6373
1 5 6362 6483 6494 6373 6363 6484 6495 6374
1 5 6363 6484 6495 6374 6364 6485 6496 6375
1 5 6364 6485 6496 6375 6365 6486 6497 6376
1 5 6365 6486 6497 6376 6366 6487 6498 6377
1 5 6366 6487 6498 6377 6367 6488 6499 6378
1 5 6367 6488 6499 6378 6368 6489 6500 6379
1 5 6369 6490 6501 6380 6370 6491 6502 6381
1 5 6370 6491 6502 6381 6371 6492 6503 6382
1 5 6371 6492 6503 6382 6372 6493 6504 6383
1 5 6372 6493 6504 6383 6373 6494 6505 6384
1 5 6373 6494 6505 6384 6374 6495 6506 6385
1 5 6374 6495 6506 6385 6375 6496 6507 6386
1 5 6375 6496 6507 6386 6376 6497 6508 6387
1 5 6376 6497 6508 6387 6377 6498 6509 6388
1 5 6377 6498 6509 6388 6378 6499 6510 6389
1 5 6378 6499 6510 6389 6379 6500 6511 6390
1 5 6380 6501 6512 6391 6381 6502 6513 6392
1 5 6381 6502 6513 6392 6382 6503 6514 6393
1 5 6382 6503 6514 6393 6383 6504 6515 6394
1 5 6383 6504 6515 6394 6384 6505 6516 6395
1 5 6384 6505 6516 6395 6385 6506 6517 6396
1 5 6385 6506 6517 6396 6386 6507 6518 6397
1 5 6386 6507 6518 6397 6387 6508 6519 6398
1 5 6387 6508 6519 6398 6388 6509 6520 6399
1 5 6388 6509 6520 6399 6389 6510 6521 6400
1 5 6389 6510 6521 6400 6390 6511 6522 6401
1 5 6391 6512 6523 6402 6392 6513 6524 6403
1 5 6392 6513 6524 6403 6393 6514 6525 6404
1 5 6393 6514 6525 6404 6394 6515 6526 6405
1 5 6394 6515 6526 6405 6395 6516 6527 6406
1 5 6395 6516 6527 6406 6396 6517 6528 6407
1 5 6396 6517 6528 6407 6397 6518 6529 6408
1 5 6397 6518 6529 6408 6398 6519 6530 6409
1 5 6398 6519 6530 6409 6399 6520 6531 6410
1 5 6399 6520 6531 6410 6400 6521 6532 6411
1 5 6400 6521 6532 6411 6401 6522 6533 6412
1 5 6413 6534 6545 6424 6414 6535 6546 6425
1 5 6414 6535 6546 6425 6415 6536 6547 6426
1 5 6415 6536 6547 6426 6416 6537 6548 6427
1 5 6416 6537 6548 6427 6417 6538 6549 6428
1 5 6417 6538 6549 6428 6418 6539 6550 6429
1 5 6418 6539 6550 6429 6419 6540 6551 6430
1 5 6419 6540 6551 6430 6420 6541 6552 6431
1 5 6420 6541 6552 6431 6421 6542 6553 6432
1 5 6421 6542 6553 6432 6422 6543 6554 6433
1 5 6422 6543 6554 6433 6423 6544 6555 6434
1 5 6424 6545 6556 6435 6425 6546 6557 6436
1 5 6425 6546 6557 6436 6426 6547 6558 6437
1 5 6426 6547 6558 6437 6427 6548 6559 6438
1 5 6427 6548 6559 6438 6428 6549 6560 6439
1 5 6428 6549 6560 6439 6429 6550 6561 6440
1 5 6429 6550 6561 6440 6430 6551 6562 6441
1 5 6430 6551 6562 6441 6431 6552 6563 6442
1 5 6431 6552 6563 6442 6432 6553 6564 6443
1 5 6432 6553 6564 6443 6433 6554 6565 6444
1 5 6433 6554 6565 6444 6434 6555 6566 6445
1 5 6435 6556 6567 6446 6436 6557 6568 6447
1 5 6436 6557 6568 6447 6437 6558 6569 6448
1 5 6437 6558 6569 6448 6438 6559 6570 6449
1 5 6438 6559 6570 6449 6439 6560 6571 6450
1 5 6439 6560 6571 6450 6440 6561 6572 6451
1 5 6440 6561 6572 6451 6441 6562 6573 6452
1 5 6441 6562 6573 6452 6442 6563 6574 6453
1 5 6442 6563 6574 6453 6443 6564 6575 6454
1 5 6443 6564 6575 6454 6444 6565 6576 6455
1 5 6444 6565 6576 6455 6445 6566 6577 6456
1 5 6446 6567 6578 6457 6447 6568 6579 6458
1 5 6447 6568 6579 6458 6448 6569 6580 6459
1 5 6448 6569 6580 6459 6449 6570 6581 6460
1 5 6449 6570 6581 6460 6450 6571 6582 6461
1 5 6450 6571 6582 6461 6451 6572 6583 6462
1 5 6451 6572 6583 6462 6452 6573 6584 6463
1 5 6452 6573 6584 6463 6453 6574 6585 6464
1 5 6453 6574 6585 6464 6454 6575 6586 6465
1 5 6454 6575 6586 6465 6455 6576 6587 6466
1 5 6455 6576 6587 6466 6456 6577 6588 6467
1 5 6457 6578 6589 6468 6458 6579 6590 6469
1 5 6458 6579 6590 6469 6459 6580 6591 6470
1 5 6459 6580 6591 6470 6460 6581 6592 6471
1 5 6460 6581 6592 6471 6461 6582 6593 6472
1 5 6461 6582 6593 6472 6462 6583 6594 6473
1 5 6462 6583 6594 6473 6463 6584 6595 6474
1 5 6463 6584 6595 6474 6464 6585 6596 6475
1 5 6464 6585 6596 6475 6465 6586 6597 6476
1 5 6465 6586 6597 6476 6466 6587 6598 6477
1 5 6466 6587 6598 6477 6467 6588 6599 6478
1 5 6468 6589 6600 6479 6469 6590 6601 6480
1 5 6469 6590 6601 6480 6470 6591 6602 6481
1 5 6470 6591 6602 6481 6471 6592 6603 6482
1 5 6471 6592 6603 6482 6472 6593 6604 6483
1 5 6472 6593 6604 6483 6473 6594 6605 6484
1 5 6473 6594 6605 6484 6474 6595 6606 6485
1 5 6474 6595 6606 6485 6475 6596 6607 6486
1 5 6475 6596 6607 6486 6476 6597 6608 6487
1 5 6476 6597 6608 6487 6477 6598 6609 6488
1 5 6477 6598 6609 6488 6478 6599 6610 6489
1 5 6479 6600 6611 6490 6480 6601 6612 6491
1 5 6480 6601 6612 6491 6481 6602 6613 6492
1 5 6481 6602 6613 6492 6482 6603 6614 6493
1 5 6482 6603 6614 6493 6483 6604 6615 6494
1 5 6483 6604 6615 6494 6484 6605 6616 6495
1 5 6484 6605 6616 6495 6485 6606 6617 6496
1 5 6485 6606 6617 6496 6486 6607 6618 6497
1 5 6486 6607 6618 6497 6487 6608 6619 6498
1 5 6487 6608 6619 6498 6488 6609 6620 6499
1 5 6488 6609 6620 6499 6489 6610 6621 6500
1 5 6490 6611 6622 6501 6491 6612 6623 6502
1 5 6491 6612 6623 6502 6492 6613 6624 6503
1 5 6492 6613 6624 6503 6493 6614 6625 6504
1 5 6493 6614 6625 6504 6494 6615 6626 6505
1 5 6494 6615 6626 6505 6495 6616 6627 6506
1 5 6495 6616 6627 6506 6496 6617 6628 6507
1 5 6496 6617 6628 6507 6497 6618 6629 6508
1 5 6497 6618 6629 6508 6498 6619 6630 6509
1 5 6498 6619 6630 6509 6499 6620 6631 6510
1 5 6499 6620 6631 6510 6500 6621 6632 6511
1 5 6501 6622 6633 6512 6502 6623 6634 6513
1 5 6502 6623 6634 6513 6503 6624 6635 6514
1 5 6503 6624 6635 6514 6504 6625 6636 6515
1 5 6504 6625 6636 6515 6505 6626 6637 6516
1 5 6505 6626 6637 6516 6506 6627 6638 6517
1 5 6506 6627 6638 6517 6507 6628 6639 6518
1 5 6507 6628 6639 6518 6508 6629 6640 6519
1 5 6508 6629 6640 6519 6509 6630 6641 6520
1 5 6509 6630 6641 6520 6510 6631 6642 6521
1 5 6510 6631 6642 6521 6511 6632 6643 6522
1 5 6512 6633 6644 6523 6513 6634 6645 6524
1 5 6513 6634 6645 6524 6514 6635 6646 6525
1 5 6514 6635 6646 6525 6515 6636 6647 6526
1 5 6515 6636 6647 6526 6516 6637 6648 6527
1 5 6516 6637 6648 6527 6517 6638 6649 6528
1 5 6517 6638 6649 6528 6518 6639 6650 6529
1 5 6518 6639 6650 6529 6519 6640 6651 6530
1 5 6519 6640 6651 6530 6520 6641 6652 6531
1 5 6520 6641 6652 6531 6521 6642 6653 6532
1 5 6521 6642 6653 6532 6522 6643 6654 6533
1 5 6534 6655 6666 6545 6535 6656 6667 6546
1 5 6535 6656 6667 6546 6536 6657 6668 6547
1 5 6536 6657 6668 6547 6537 6658 6669 6548
1 5 6537 6658 6669 6548 6538 6659 6670 6549
1 5 6538 6659 6670 6549 6539 6660 6671 6550
1 5 6539 6660 6671 6550 6540 6661 6672 6551
1 5 6540 6661 6672 6551 6541 6662 6673 6552
1 5 6541 6662 6673 6552 6542 6663 6674 6553
1 5 6542 6663 6674 6553 6543 6664 6675 6554
1 5 6543 6664 6675 6554 6544 6665 6676 6555
1 5 6545 6666 6677 6556 6546 6667 6678 6557
1 5 6546 6667 6678 6557 6547 6668 6679 6558
1 5 6547 6668 6679 6558 6548 6669 6680 6559
1 5 6548 6669 6680 6559 6549 6670 6681 6560
1 5 6549 6670 6681 6560 6550 6671 6682 6561
1 5 6550 6671 6682 6561 6551 6672 6683 6562
1 5 6551 6672 6683 6562 6552 6673 6684 6563
1 5 6552 6673 6684 6563 6553 6674 6685 6564
1 5 6553 6674 6685 6564 6554 6675 6686 6565
1 5 6554 6675 6686 6565 6555 6676 6687 6566
1 5 6556 6677 6688 6567 6557 6678 6689 6568
1 5 6557 6678 6689 6568 6558 6679 6690 6569
1 5 6558 6679 6690 6569 6559 6680 6691 6570
1 5 6559 6680 6691 6570 6560 6681 6692 6571
1 5 6560 6681 6692 6571 6561 6682 6693 6572
1 5 6561 6682 6693 6572 6562 6683 6694 6573
1 5 6562 6683 6694 6573 6563 6684 6695 6574
1 5 6563 6684 6695 6574 6564 6685 6696 6575
1 5 6564 6685 6696 6575 6565 6686 6697 6576
1 5 6565 6686 6697 6576 6566 6687 6698 6577
1 5 6567 6688 6699 6578 6568 6689 6700 6579
1 5 6568 6689 6700 6579 6569 6690 6701 6580
1 5 6569 6690 6701 6580 6570 6691 6702 6581
1 5 6570 6691 6702 6581 6571 6692 6703 6582
1 5 6571 6692 6703 6582 6572 6693 6704 6583
1 5 6572 6693 6704 6583 6573 6694 6705 6584
1 5 6573 6694 6705 6584 6574 6695 6706 6585
1 5 6574 6695 6706 6585 6575 6696 6707 6586
1 5 6575 6696 6707 6586 6576 6697 6708 6587
1 5 6576 6697 6708 6587 6577 6698 6709 6588
1 5 6578 6699 6710 6589 6579 6700 6711 6590
1 5 6579 6700 6711 6590 6580 6701 6712 6591
1 5 6580 6701 6712 6591 6581 6702 6713 6592
1 5 6581 6702 6713 6592 6582 6703 6714 6593
1 5 6582 6703 6714 6593 6583 6704 6715 6594
1 5 6583 6704 6715 6594 6584 6705 6716 6595
1 5 6584 6705 6716 6595 6585 6706 6717 6596
1 5 6585 6706 6717 6596 6586 6707 6718 6597
1 5 6586 6707 6718 6597 6587 6708 6719 6598
1 5 6587 6708 6719 6598 6588 6709 6720 6599
1 5 6589 6710 6721 6600 6590 6711 6722 6601
1 5 6590 6711 6722 6601 6591 6712 6723 6602
1 5 6591 6712 6723 6602 6592 6713 6724 6603
1 5 6592 6713 6724 6603 6593 6714 6725 6604
1 5 6593 6714 6725 6604 6594 6715 6726 6605
1 5 6594 6715 6726 6605 6595 6716 6727 6606
1 5 6595 6716 6727 6606 6596 6717 6728 6607
1 5 6596 6717 6728 6607 6597 6718 6729 6608
1 5 6597 6718 6729 6608 6598 6719 6730 6609
1 5 6598 6719 6730 6609 6599 6720 6731 6610
1 5 6600 6721 6732 6611 6601 6722 6733 6612
1 5 6601 6722 6733 6612 6602 6723 6734 6613
1 5 6602 6723 6734 6613 6603 6724 6735 6614
1 5 6603 6724 6735 6614 6604 6725 6736 6615
1 5 6604 6725 6736 6615 6605 6726 6737 6616
1 5 6605 6726 6737 6616 6606 6727 6738 6617
1 5 6606 6727 6738 6617 6607 6728 6739 6618
1 5 6607 6728 6739 6618 6608 6729 6740 6619
1 5 6608 6729 6740 6619 6609 6730 6741 6620
1 5 6609 6730 6741 6620 6610 6731 6742 6621
1 5 6611 6732 6743 6622 6612 6733 6744 6623
1 5 6612 6733 6744 6623 6613 6734 6745 6624
1 5 6613 6734 6745 6624 6614 6735 6746 6625
1 5 6614 6735 6746 6625 6615 6736 6747 6626
1 5 6615 6736 6747 6626 6616 6737 6748 6627
1 5 6616 6737 6748 6627 6617 6738 6749 6628
1 5 6617 6738 6749 6628 6618 6739 6750 6629
1 5 6618 6739 6750 6629 6619 6740 6751 6630
1 5 6619 6740 6751 6630 6620 6741 6752 6631
1 5 6620 6741 6752 6631 6621 6742 6753 6632
1 5 6622 6743 6754 6633 6623 6744 6755 6634
1 5 6623 6744 6755 6634 6624 6745 6756 6635
1 5 6624 6745 6756 6635 6625 6746 6757 6636
1 5 6625 6746 6757 6636 6626 6747 6758 6637
1 5 6626 6747 6758 6637 6627 6748 6759 6638
1 5 6627 6748 6759 6638 6628 6749 6760 6639
1 5 6628 6749 6760 6639 6629 6750 6761 6640
1 5 6629 6750 6761 6640 6630 6751 6762 6641
1 5 6630 6751 6762 6641 6631 6752 6763 6642
1 5 6631 6752 6763 6642 6632 6753 6764 6643
1 5 6633 6754 6765 6644 6634 6755 6766 6645
1 5 6634 6755 6766 6645 6635 6756 6767 6646
1 5 6635 6756 6767 6646 6636 6757 6768 6647
1 5 6636 6757 6768 6647 6637 6758 6769 6648
1 5 6637 6758 6769 6648 6638 6759 6770 6649
1 5 6638 6759 6770 6649 6639 6760 6771 6650
1 5 6639 6760 6771 6650 6640 6761 6772 6651
1 5 6640 6761 6772 6651 6641 6762 6773 6652
1 5 6641 6762 6773 6652 6642 6763 6774 6653
1 5 6642 6763 6774 6653 6643 6764 6775 6654
1 5 6655 6776 6787 6666 6656 6777 6788 6667
1 5 6656 6777 6788 6667 6657 6778 6789 6668
1 5 6657 6778 6789 6668 6658 6779 6790 6669
1 5 6658 6779 6790 6669 6659 6780 6791 6670
1 5 6659 6780 6791 6670 6660 6781 6792 6671
1 5 6660 6781 6792 6671 6661 6782 6793 6672
1 5 6661 6782 6793 6672 6662 6783 6794 6673
1 5 6662 6783 6794 6673 6663 6784 6795 6674
1 5 6663 6784 6795 6674 6664 6785 6796 6675
1 5 6664 6785 6796 6675 6665 6786 6797 6676
1 5 6666 6787 6798 6677 6667 6788 6799 6678
1 5 6667 6788 6799 6678 6668 6789 6800 6679
1 5 6668 6789 6800 6679 6669 6790 6801 6680
1 5 6669 6790 6801 6680 6670 6791 6802 6681
1 5 6670 6791 6802 6681 6671 6792 6803 6682
1 5 6671 6792 6803 6682 6672 6793 6804 6683
1 5 6672 6793 6804 6683 6673 6794 6805 6684
1 5 6673 6794 6805 6684 6674 6795 6806 6685
1 5 6674 6795 6806 6685 6675 6796 6807 6686
1 5 6675 6796 6807 6686 6676 6797 6808 6687
1 5 6677 6798 6809 6688 6678 6799 6810 6689
1 5 6678 6799 6810 6689 6679 6800 6811 6690
1 5 6679 6800 6811 6690 6680 6801 6812 6691
1 5 6680 6801 6812 6691 6681 6802 6813 6692
1 5 6681 6802 6813 6692 6682 6803 6814 6693
1 5 6682 6803 6814 6693 6683 6804 6815 6694
1 5 6683 6804 6815 6694 6684 6805 6816 6695
1 5 6684 6805 6816 6695 6685 6806 6817 6696
1 5 6685 6806 6817 6696 6686 6807 6818 6697
1 5 6686 6807 6818 6697 6687 6808 6819 6698
1 5 6688 6809 6820 6699 6689 6810 6821 6700
1 5 6689 6810 6821 6700 6690 6811 6822 6701
1 5 6690 6811 6822 6701 6691 6812 6823 6702
1 5 6691 6812 6823 6702 6692 6813 6824 6703
1 5 6692 6813 6824 6703 6693 6814 6825 6704
1 5 6693 6814 6825 6704 6694 6815 6826 6705
1 5 6694 6815 6826 6705 6695 6816 6827 6706
1 5 6695 6816 6827 6706 6696 6817 6828 6707
1 5 6696 6817 6828 6707 6697 6818 6829 6708
1 5 6697 6818 6829 6708 6698 6819 6830 6709
1 5 6699 6820 6831 6710 6700 6821 6832 6711
1 5 6700 6821 6832 6711 6701 6822 6833 6712
1 5 6701 6822 6833 6712 6702 6823 6834 6713
1 5 6702 6823 6834 6713 6703 6824 6835 6714
1 5 6703 6824 6835 6714 6704 6825 6836 6715
1 5 6704 6825 6836 6715 6705 6826 6837 6716
1 5 6705 6826 6837 6716 6706 6827 6838 6717
1 5 6706 6827 6838 6717 6707 6828 6839 6718
1 5 6707 6828 6839 6718 6708 6829 6840 6719
1 5 6708 6829 6840 6719 6709 6830 6841 6720
1 5 6710 6831 6842 6721 6711 6832 6843 6722
1 5 6711 6832 6843 6722 6712 6833 6844 6723
1 5 6712 6833 6844 6723 6713 6834 6845 6724
1 5 6713 6834 6845 6724 6714 6835 6846 6725
1 5 6714 6835 6846 6725 6715 6836 6847 6726
1 5 6715 6836 6847 6726 6716 6837 6848 6727
1 5 6716 6837 6848 6727 6717 6838 6849 6728
1 5 6717 6838 6849 6728 6718 6839 6850 6729
1 5 6718 6839 6850 6729 6719 6840 6851 6730
1 5 6719 6840 6851 6730 6720 6841 6852 6731
1 5 6721 6842 6853 6732 6722 6843 6854 6733
1 5 6722 6843 6854 6733 6723 6844 6855 6734
1 5 6723 6844 6855 6734 6724 6845 6856 6735
1 5 6724 6845 6856 6735 6725 6846 6857 6736
1 5 6725 6846 6857 6736 6726 6847 6858 6737
1 5 6726 6847 6858 6737 6727 6848 6859 6738
1 5 6727 6848 6859 6738 6728 6849 6860 6739
1 5 6728 6849 6860 6739 6729 6850 6861 6740
1 5 6729 6850 6861 6740 6730 6851 6862 6741
1 5 6730 6851 6862 6741 6731 6852 6863 6742
1 5 6732 6853 6864 6743 6733 6854 6865 6744
1 5 6733 6854 6865 6744 6734 6855 6866 6745
1 5 6734 6855 6866 6745 6735 6856 6867 6746
1 5 6735 6856 6867 6746 6736 6857 6868 6747
1 5 6736 6857 6868 6747 6737 6858 6869 6748
1 5 6737 6858 6869 6748 6738 6859 6870 6749
1 5 6738 6859 6870 6749 6739 6860 6871 6750
1 5 6739 6860 6871 6750 6740 6861 6872 6751
1 5 6740 6861 6872 6751 6741 6862 6873 6752
1 5 6741 6862 6873 6752 6742 6863 6874 6753
1 5 6743 6864 6875 6754 6744 6865 6876 6755
1 5 6744 6865 6876 6755 6745 6866 6877 6756
1 5 6745 6866 6877 6756 6746 6867 6878 6757
1 5 6746 6867 6878 6757 6747 6868 6879 6758
1 5 6747 6868 6879 6758 6748 6869 6880 6759
1 5 6748 6869 6880 6759 6749 6870 6881 6760
1 5 6749 6870 6881 6760 6750 6871 6882 6761
1 5 6750 6871 6882 6761 6751 6872 6883 6762
1 5 6751 6872 6883 6762 6752 6873 6884 6763
1 5 6752 6873 6884 6763 6753 6874 6885 6764
1 5 6754 6875 6886 6765 6755 6876 6887 6766
1 5 6755 6876 6887 6766 6756 6877 6888 6767
1 5 6756 6877 6888 6767 6757 6878 6889 6768
1 5 6757 6878 6889 6768 6758 6879 6890 6769
1 5 6758 6879 6890 6769 6759 6880 6891 6770
1 5 6759 6880 6891 6770 6760 6881 6892 6771
1 5 6760 6881 6892 6771 6761 6882 6893 6772
1 5 6761 6882 6893 6772 6762 6883 6894 6773
1 5 6762 6883 6894 6773 6763 6884 6895 6774
1 5 6763 6884 6895 6774 6764 6885 6896 6775
1 5 6776 6897 6908 6787 6777 6898 6909 6788
1 5 6777 6898 6909 6788 6778 6899 6910 6789
1 5 6778 6899 6910 6789 6779 6900 6911 6790
1 5 6779 6900 6911 6790 6780 6901 6912 6791
1 5 6780 6901 6912 6791 6781 6902 6913 6792
1 5 6781 6902 6913 6792 6782 6903 6914 6793
1 5 6782 6903 6914 6793 6783 6904 6915 6794
1 5 6783 6904 6915 6794 6784 6905 6916 6795
1 5 6784 6905 6916 6795 6785 6906 6917 6796
1 5 6785 6906 6917 6796 6786 6907 6918 6797
1 5 6787 6908 6919 6798 6788 6909 6920 6799
1 5 6788 6909 6920 6799 6789 6910 6921 6800
1 5 6789 6910 6921 6800 6790 6911 6922 6801
1 5 6790 6911 6922 6801 6791 6912 6923 6802
1 5 6791 6912 6923 6802 6792 6913 6924 6803
1 5 6792 6913 6924 6803 6793 6914 6925 6804
1 5 6793 6914 6925 6804 6794 6915 6926 6805
1 5 6794 6915 6926 6805 6795 6916 6927 6806
1 5 6795 6916 6927 6806 6796 6917 6928 6807
1 5 6796 6917 6928 6807 6797 6918 6929 6808
1 5 6798 6919 6930 6809 6799 6920 6931 6810
1 5 6799 6920 6931 6810 6800 6921 6932 6811
1 5 6800 6921 6932 6811 6801 6922 6933 6812
1 5 6801 6922 6933 6812 6802 6923 6934 6813
1 5 6802 6923 6934 6813 6803 6924 6935 6814
1 5 6803 6924 6935 6814 6804 6925 6936 6815
1 5 6804 6925 6936 6815 6805 6926 6937 6816
1 5 6805 6926 6937 6816 6806 6927 6938 6817
1 5 6806 6927 6938 6817 6807 6928 6939 6818
1 5 6807 6928 6939 6818 6808 6929 6940 6819
1 5 6809 6930 6941 6820 6810 6931 6942 6821
1 5 6810 6931 6942 6821 6811 6932 6943 6822
1 5 6811 6932 6943 6822 6812 6933 6944 6823
1 5 6812 6933 6944 6823 6813 6934 6945 6824
1 5 6813 6934 6945 6824 6814 6935 6946 6825
1 5 6814 6935 6946 6825 6815 6936 6947 6826
1 5 6815 6936 6947 6826 6816 6937 6948 6827
1 5 6816 6937 6948 6827 6817 6938 6949 6828
1 5 6817 6938 6949 6828 6818 6939 6950 6829
1 5 6818 6939 6950 6829 6819 6940 6951 6830
1 5 6820 6941 6952 6831 6821 6942 6953 6832
1 5 6821 6942 6953 6832 6822 6943 6954 6833
1 5 6822 6943 6954 6833 6823 6944 6955 6834
1 5 6823 6944 6955 6834 6824 6945 6956 6835
1 5 6824 6945 6956 6835 6825 6946 6957 6836
1 5 6825 6946 6957 6836 6826 6947 6958 6837
1 5 6826 6947 6958 6837 6827 6948 6959 6838
1 5 6827 6948 6959 6838 6828 6949 6960 6839
1 5 6828 6949 6960 6839 6829 6950 6961 6840
1 5 6829 6950 6961 6840 6830 6951 6962 6841
1 5 6831 6952 6963 6842 6832 6953 6964 6843
1 5 6832 6953 6964 6843 6833 6954 6965 6844
1 5 6833 6954 6965 6844 6834 6955 6966 6845
1 5 6834 6955 6966 6845 6835 6956 6967 6846
1 5 6835 6956 6967 6846 6836 6957 6968 6847
1 5 6836 6957 6968 6847 6837 6958 6969 6848
1 5 6837 6958 6969 6848 6838 6959 6970 6849
1 5 6838 6959 6970 6849 6839 6960 6971 6850
1 5 6839 6960 6971 6850 6840 6961 6972 6851
1 5 6840 6961 6972 6851 6841 6962 6973 6852
1 5 6842 6963 6974 6853 6843 6964 6975 6854
1 5 6843 6964 6975 6854 6844 6965 6976 6855
1 5 6844 6965 6976 6855 6845 6966 6977 6856
1 5 6845 6966 6977 6856 6846 6967 6978 6857
1 5 6846 6967 6978 6857 6847 6968 6979 6858
1 5 6847 6968 6979 6858 6848 6969 6980 6859
1 5 6848 6969 6980 6859 6849 6970 6981 6860
1 5 6849 6970 6981 6860 6850 6971 6982 6861
1 5 6850 6971 6982 6861 6851 6972 6983 6862
1 5 6851 6972 6983 6862 6852 6973 6984 6863
1 5 6853 6974 6985 6864 6854 6975 6986 6865
1 5 6854 6975 6986 6865 6855 6976 6987 6866
1 5 6855 6976 6987 6866 6856 6977 6988 6867
1 5 6856 6977 6988 6867 6857 6978 6989 6868
1 5 6857 6978 6989 6868 6858 6979 6990 6869
1 5 6858 6979 6990 6869 6859 6980 6991 6870
1 5 6859 6980 6991 6870 6860 6981 6992 6871
1 5 6860 6981 6992 6871 6861 6982 6993 6872
1 5 6861 6982 6993 6872 6862 6983 6994 6873
1 5 6862 6983 6994 6873 6863 6984 6995 6874
1 5 6864 6985 6996 6875 6865 6986 6997 6876
1 5 6865 6986 6997 6876 6866 6987 6998 6877
1 5 6866 6987 6998 6877 6867 6988 6999 6878
1 5 6867 6988 6999 6878 6868 6989 7000 6879
1 5 6868 6989 7000 6879 6869 6990 7001 6880
1 5 6869 6990 7001 6880 6870 6991 7002 6881
1 5 6870 6991 7002 6881 6871 6992 7003 6882
1 5 6871 6992 7003 6882 6872 6993 7004 6883
1 5 6872 6993 7004 6883 6873 6994 7005 6884
1 5 6873 6994 7005 6884 6874 6995 7006 6885
1 5 6875 6996 7007 6886 6876 6997 7008 6887
1 5 6876 6997 7008 6887 6877 6998 7009 6888
1 5 6877 6998 7009 6888 6878 6999 7010 6889
1 5 6878 6999 7010 6889 6879 7000 7011 6890
1 5 6879 7000 7011 6890 6880 7001 7012 6891
1 5 6880 7001 7012 6891 6881 7002 7013 6892
1 5 6881 7002 7013 6892 6882 7003 7014 6893
1 5 6882 7003 7014 6893 6883 7004 7015 6894
1 5 6883 7004 7015 6894 6884 7005 7016 6895
1 5 6884 7005 7016 6895 6885 7006 7017 6896
1 5 6897 7018 7029 6908 6898 7019 7030 6909
1 5 6898 7019 7030 6909 6899 7020 7031 6910
1 5 6899 7020 7031 6910 6900 7021 7032 6911
1 5 6900 7021 7032 6911 6901 7022 7033 6912
1 5 6901 7022 7033 6912 6902 7023 7034 6913
1 5 6902 7023 7034 6913 6903 7024 7035 6914
1 5 6903 7024 7035 6914 6904 7025 7036 6915
1 5 6904 7025 7036 6915 6905 7026 7037 6916
1 5 6905 7026 7037 6916 6906 7027 7038 6917
1 5 6906 7027 7038 6917 6907 7028 7039 6918
1 5 6908 7029 7040 6919 6909 7030 7041 6920
1 5 6909 7030 7041 6920 6910 7031 7042 6921
1 5 6910 7031 7042 6921 6911 7032 7043 6922
1 5 6911 7032 7043 6922 6912 7033 7044 6923
1 5 6912 7033 7044 6923 6913 7034 7045 6924
1 5 6913 7034 7045 6924 6914 7035 7046 6925
1 5 6914 7035 7046 6925 6915 7036 7047 6926
1 5 6915 7036 7047 6926 6916 7037 7048 6927
1 5 6916 7037 7048 6927 6917 7038 7049 6928
1 5 6917 7038 7049 6928 6918 7039 7050 6929
1 5 6919 7040 7051 6930 6920 7041 7052 6931
1 5 6920 7041 7052 6931 6921 7042 7053 6932
1 5 6921 7042 7053 6932 6922 7043 7054 6933
1 5 6922 7043 7054 6933 6923 7044 7055 6934
1 5 6923 7044 7055 6934 6924 7045 7056 6935
1 5 6924 7045 7056 6935 6925 7046 7057 6936
1 5 6925 7046 7057 6936 6926 7047 7058 6937
1 5 6926 7047 7058 6937 6927 7048 7059 6938
1 5 6927 7048 7059 6938 6928 7049 7060 6939
1 5 6928 7049 7060 6939 6929 7050 7061 6940
1 5 6930 7051 7062 6941 6931 7052 7063 6942
1 5 6931 7052 7063 6942 6932 7053 7064 6943
1 5 6932 7053 7064 6943 6933 7054 7065 6944
1 5 6933 7054 7065 6944 6934 7055 7066 6945
1 5 6934 7055 7066 6945 6935 7056 7067 6946
1 5 6935 7056 7067 6946 6936 7057 7068 6947
1 5 6936 7057 7068 6947 6937 7058 7069 6948
1 5 6937 7058 7069 6948 6938 7059 7070 6949
1 5 6938 7059 7070 6949 6939 7060 7071 6950
1 5 6939 7060 7071 6950 6940 7061 7072 6951
1 5 6941 7062 7073 6952 6942 7063 7074 6953
1 5 6942 7063 7074 6953 6943 7064 7075 6954
1 5 6943 7064 7075 6954 6944 7065 7076 6955
1 5 6944 7065 7076 6955 6945 7066 7077 6956
1 5 6945 7066 7077 6956 6946 7067 7078 6957
1 5 6946 7067 7078 6957 6947 7068 7079 6958
1 5 6947 7068 7079 6958 6948 7069 7080 6959
1 5 6948 7069 7080 6959 6949 7070 7081 6960
1 5 6949 7070 7081 6960 6950 7071 7082 6961
1 5 6950 7071 7082 6961 6951 7072 7083 6962
1 5 6952 7073 7084 6963 6953 7074 7085 6964
1 5 6953 7074 7085 6964 6954 7075 7086 6965
1 5 6954 7075 7086 6965 6955 7076 7087 6966
1 5 6955 7076 7087 6966 6956 7077 7088 6967
1 5 6956 7077 7088 6967 6957 7078 7089 6968
1 5 6957 7078 7089 6968 6958 7079 7090 6969
1 5 6958 7079 7090 6969 6959 7080 7091 6970
1 5 6959 7080 7091 6970 6960 7081 7092 6971
1 5 6960 7081 7092 6971 6961 7082 7093 6972
1 5 6961 7082 7093 6972 6962 7083 7094 6973
1 5 6963 7084 7095 6974 6964 7085 7096 6975
1 5 6964 7085 7096 6975 6965 7086 7097 6976
1 5 6965 7086 7097 6976 6966 7087 7098 6977
1 5 6966 7087 7098 6977 6967 7088 7099 6978
1 5 6967 7088 7099 6978 6968 7089 7100 6979
1 5 6968 7089 7100 6979 6969 7090 7101 6980
1 5 6969 7090 7101 6980 6970 7091 7102 6981
1 5 6970 7091 7102 6981 6971 7092 7103 6982
1 5 6971 7092 7103 6982 6972 7093 7104 6983
1 5 6972 7093 7104 6983 6973 7094 7105 6984
1 5 6974 7095 7106 6985 6975 7096 7107 6986
1 5 6975 7096 7107 6986 6976 7097 7108 6987
1 5 6976 7097 7108 6987 6977 7098 7109 6988
1 5 6977 7098 7109 6988 6978 7099 7110 6989
1 5 6978 7099 7110 6989 6979 7100 7111 6990
1 5 6979 7100 7111 6990 6980 7101 7112 6991
1 5 6980 7101 7112 6991 6981 7102 7113 6992
1 5 6981 7102 7113 6992 6982 7103 7114 6993
1 5 6982 7103 7114 6993 6983 7104 7115 6994
1 5 6983 7104 7115 6994 6984 7105 7116 6995
1 5 6985 7106 7117 6996 6986 7107 7118 6997
1 5 6986 7107 7118 6997 6987 7108 7119 6998
1 5 6987 7108 7119 6998 6988 7109 7120 6999
1 5 6988 7109 7120 6999 6989 7110 7121 7000
1 5 6989 7110 7121 7000 6990 7111 7122 7001
1 5 6990 7111 7122 7001 6991 7112 7123 7002
1 5 6991 7112 7123 7002 6992 7113 7124 7003
1 5 6992 7113 7124 7003 6993 7114 7125 7004
1 5 6993 7114 7125 7004 6994 7115 7126 7005
1 5 6994 7115 7126 7005 6995 7116 7127 7006
1 5 6996 7117 7128 7007 6997 7118 7129 7008
1 5 6997 7118 7129 7008 6998 7119 7130 7009
1 5 6998 7119 7130 7009 6999 7120 7131 7010
1 5 6999 7120 7131 7010 7000 7121 7132 7011
1 5 7000 7121 7132 7011 7001 7122 7133 7012
1 5 7001 7122 7133 7012 7002 7123 7134 7013
1 5 7002 7123 7134 7013 7003 7124 7135 7014
1 5 7003 7124 7135 7014 7004 7125 7136 7015
1 5 7004 7125 7136 7015 7005 7126 7137 7016
1 5 7005 7126 7137 7016 7006 7127 7138 7017
1 5 7018 7139 7150 7029 7019 7140 7151 7030
1 5 7019 7140 7151 7030 7020 7141 7152 7031
1 5 7020 7141 7152 7031 7021 7142 7153 7032
1 5 7021 7142 7153 7032 7022 7143 7154 7033
1 5 7022 7143 7154 7033 7023 7144 7155 7034
1 5 7023 7144 7155 7034 7024 7145 7156 7035
1 5 7024 7145 7156 7035 7025 7146 7157 7036
1 5 7025 7146 7157 7036 7026 7147 7158 7037
1 5 7026 7147 7158 7037 7027 7148 7159 7038
1 5 7027 7148 7159 7038 7028 7149 7160 7039
1 5 7029 7150 7161 7040 7030 7151 7162 7041
1 5 7030 7151 7162 7041 7031 7152 7163 7042
1 5 7031 7152 7163 7042 7032 7153 7164 7043
1 5 7032 7153 7164 7043 7033 7154 7165 7044
1 5 7033 7154 7165 7044 7034 7155 7166 7045
1 5 7034 7155 7166 7045 7035 7156 7167 7046
1 5 7035 7156 7167 7046 7036 7157 7168 7047
1 5 7036 7157 7168 7047 7037 7158 7169 7048
1 5 7037 7158 7169 7048 7038 7159 7170 7049
1 5 7038 7159 7170 7049 7039 7160 7171 7050
1 5 7040 7161 7172 7051 7041 7162 7173 7052
1 5 7041 7162 7173 7052 7042 7163 7174 7053
1 5 7042 7163 7174 7053 7043 7164 7175 7054
1 5 7043 7164 7175 7054 7044 7165 7176 7055
1 5 7044 7165 7176 7055 7045 7166 7177 7056
1 5 7045 7166 7177 7056 7046 7167 7178 7057
1 5 7046 7167 7178 7057 7047 7168 7179 7058
1 5 7047 7168 7179 7058 7048 7169 7180 7059
1 5 7048 7169 7180 7059 7049 7170 7181 7060
1 5 7049 7170 7181 7060 7050 7171 7182 7061
1 5 7051 7172 7183 7062 7052 7173 7184 7063
1 5 7052 7173 7184 7063 7053 7174 7185 7064
1 5 7053 7174 7185 7064 7054 7175 7186 7065
1 5 7054 7175 7186 7065 7055 7176 7187 7066
1 5 7055 7176 7187 7066 7056 7177 7188 7067
1 5 7056 7177 7188 7067 7057 7178 7189 7068
1 5 7057 7178 7189 7068 7058 7179 7190 7069
1 5 7058 7179 7190 7069 7059 7180 7191 7070
1 5 7059 7180 7191 7070 7060 7181 7192 7071
1 5 7060 7181 7192 7071 7061 7182 7193 7072
1 5 7062 7183 7194 7073 7063 7184 7195 7074
1 5 7063 7184 7195 7074 7064 7185 7196 7075
1 5 7064 7185 7196 7075 7065 7186 7197 7076
1 5 7065 7186 7197 7076 7066 7187 7198 7077
1 5 7066 7187 7198 7077 7067 7188 7199 7078
1 5 7067 7188 7199 7078 7068 7189 7200 7079
1 5 7068 7189 7200 7079 7069 7190 7201 7080
1 5 7069 7190 7201 7080 7070 7191 7202 7081
1 5 7070 7191 7202 7081 7071 7192 7203 7082
1 5 7071 7192 7203 7082 7072 7193 7204 7083
1 5 7073 7194 7205 7084 7074 7195 7206 7085
1 5 7074 7195 7206 7085 7075 7196 7207 7086
1 5 7075 7196 7207 7086 7076 7197 7208 7087
1 5 7076 7197 7208 7087 7077 7198 7209 7088
1 5 7077 7198 7209 7088 7078 7199 7210 7089
1 5 7078 7199 7210 7089 7079 7200 7211 7090
1 5 7079 7200 7211 7090 7080 7201 7212 7091
1 5 7080 7201 7212 7091 7081 7202 7213 7092
1 5 7081 7202 7213 7092 7082 7203 7214 7093
1 5 7082 7203 7214 7093 7083 7204 7215 7094
1 5 7084 7205 7216 7095 7085 7206 7217 7096
1 5 7085 7206 7217 7096 7086 7207 7218 7097
1 5 7086 7207 7218 7097 7087 7208 7219 7098
1 5 7087 7208 7219 7098 7088 7209 7220 7099
1 5 7088 7209 7220 7099 7089 7210 7221 7100
1 5 7089 7210 7221 7100 7090 7211 7222 7101
1 5 7090 7211 7222 7101 7091 7212 7223 7102
1 5 7091 7212 7223 7102 7092 7213 7224 7103
1 5 7092 7213 7224 7103 7093 7214 7225 7104
1 5 7093 7214 7225 7104 7094 7215 7226 7105
1 5 7095 7216 7227 7106 7096 7217 7228 7107
1 5 7096 7217 7228 7107 7097 7218 7229 7108
1 5 7097 7218 7229 7108 7098 7219 7230 7109
1 5 7098 7219 7230 7109 7099 7220 7231 7110
1 5 7099 7220 7231 7110 7100 7221 7232 7111
1 5 7100 7221 7232 7111 7101 7222 7233 7112
1 5 7101 7222 7233 7112 7102 7223 7234 7113
1 5 7102 7223 7234 7113 7103 7224 7235 7114
1 5 7103 7224 7235 7114 7104 7225 7236 7115
1 5 7104 7225 7236 7115 7105 7226 7237 7116
1 5 7106 7227 7238 7117 7107 7228 7239 7118
1 5 7107 7228 7239 7118 7108 7229 7240 7119
1 5 7108 7229 7240 7119 7109 7230 7241 7120
1 5 7109 7230 7241 7120 7110 7231 7242 7121
1 5 7110 7231 7242 7121 7111 7232 7243 7122
1 5 7111 7232 7243 7122 7112 7233 7244 7123
1 5 7112 7233 7244 7123 7113 7234 7245 7124
1 5 7113 7234 7245 7124 7114 7235 7246 7125
1 5 7114 7235 7246 7125 7115 7236 7247 7126
1 5 7115 7236 7247 7126 7116 7237 7248 7127
1 5 7117 7238 7249 7128 7118 7239 7250 7129
1 5 7118 7239 7250 7129 7119 7240 7251 7130
1 5 7119 7240 7251 7130 7120 7241 7252 7131
1 5 7120 7241 7252 7131 7121 7242 7253 7132
1 5 7121 7242 7253 7132 7122 7243 7254 7133
1 5 7122 7243 7254 7133 7123 7244 7255 7134
1 5 7123 7244 7255 7134 7124 7245 7256 7135
1 5 7124 7245 7256 7135 7125 7246 7257 7136
1 5 7125 7246 7257 7136 7126 7247 7258 7137
1 5 7126 7247 7258 7137 7127 7248 7259 7138
1 5 7139 7260 7271 7150 7140 7261 7272 7151
1 5 7140 7261 7272 7151 7141 7262 7273 7152
1 5 7141 7262 7273 7152 7142 7263 7274 7153
1 5 7142 7263 7274 7153 7143 7264 7275 7154
1 5 7143 7264 7275 7154 7144 7265 7276 7155
1 5 7144 7265 7276 7155 7145 7266 7277 7156
1 5 7145 7266 7277 7156 7146 7267 7278 7157
1 5 7146 7267 7278 7157 7147 7268 7279 7158
1 5 7147 7268 7279 7158 7148 7269 7280 7159
1 5 7148 7269 7280 7159 7149 7270 7281 7160
1 5 7150 7271 7282 7161 7151 7272 7283 7162
1 5 7151 7272 7283 7162 7152 7273 7284 7163
1 5 7152 7273 7284 7163 7153 7274 7285 7164
1 5 7153 7274 7285 7164 7154 7275 7286 7165
1 5 7154 7275 7286 7165 7155 7276 7287 7166
1 5 7155 7276 7287 7166 7156 7277 7288 7167
1 5 7156 7277 7288 7167 7157 7278 7289 7168
1 5 7157 7278 7289 7168 7158 7279 7290 7169
1 5 7158 7279 7290 7169 7159 7280 7291 7170
1 5 7159 7280 7291 7170 7160 7281 7292 7171
1 5 7161 7282 7293 7172 7162 7283 7294 7173
1 5 7162 7283 7294 7173 7163 7284 7295 7174
1 5 7163 7284 7295 7174 7164 7285 7296 7175
1 5 7164 7285 7296 7175 7165 7286 7297 7176
1 5 7165 7286 7297 7176 7166 7287 7298 7177
1 5 7166 7287 7298 7177 7167 7288 7299 7178
1 5 7167 7288 7299 7178 7168 7289 7300 7179
1 5 7168 7289 7300 7179 7169 7290 7301 7180
1 5 7169 7290 7301 7180 7170 7291 7302 7181
1 5 7170 7291 7302 7181 7171 7292 7303 7182
1 5 7172 7293 7304 7183 7173 7294 7305 7184
1 5 7173 7294 7305 7184 7174 7295 7306 7185
1 5 7174 7295 7306 7185 7175 7296 7307 7186
1 5 7175 7296 7307 7186 7176 7297 7308 7187
1 5 7176 7297 7308 7187 7177 7298 7309 7188
1 5 7177 7298 7309 7188 7178 7299 7310 7189
1 5 7178 7299 7310 7189 7179 7300 7311 7190
1 5 7179 7300 7311 7190 7180 7301 7312 7191
1 5 7180 7301 7312 7191 7181 7302 7313 7192
1 5 7181 7302 7313 7192 7182 7303 7314 7193
1 5 7183 7304 7315 7194 7184 7305 7316 7195
1 5 7184 7305 7316 7195 7185 7306 7317 7196
1 5 7185 7306 7317 7196 7186 7307 7318 7197
1 5 7186 7307 7318 7197 7187 7308 7319 7198
1 5 7187 7308 7319 7198 7188 7309 7320 7199
1 5 7188 7309 7320 7199 7189 7310 7321 7200
1 5 7189 7310 7321 7200 7190 7311 7322 7201
1 5 7190 7311 7322 7201 7191 7312 7323 7202
1 5 7191 7312 7323 7202 7192 7313 7324 7203
1 5 7192 7313 7324 7203 7193 7314 7325 7204
1 5 7194 7315 7326 7205 7195 7316 7327 7206
1 5 7195 7316 7327 7206 7196 7317 7328 7207
1 5 7196 7317 7328 7207 7197 7318 7329 7208
1 5 7197 7318 7329 7208 7198 7319 7330 7209
1 5 7198 7319 7330 7209 7199 7320 7331 7210
1 5 7199 7320 7331 7210 7200 7321 7332 7211
1 5 7200 7321 7332 7211 7201 7322 7333 7212
1 5 7201 7322 7333 7212 7202 7323 7334 7213
1 5 7202 7323 7334 7213 7203 7324 7335 7214
1 5 7203 7324 7335 7214 7204 7325 7336 7215
1 5 7205 7326 7337 7216 7206 7327 7338 7217
1 5 7206 7327 7338 7217 7207 7328 7339 7218
1 5 7207 7328 7339 7218 7208 7329 7340 7219
1 5 7208 7329 7340 7219 7209 7330 7341 7220
1 5 7209 7330 7341 7220 7210 7331 7342 7221
1 5 7210 7331 7342 7221 7211 7332 7343 7222
1 5 7211 7332 7343 7222 7212 7333 7344 7223
1 5 7212 7333 7344 7223 7213 7334 7345 7224
1 5 7213 7334 7345 7224 7214 7335 7346 7225
1 5 7214 7335 7346 7225 7215 7336 7347 7226
1 5 7216 7337 7348 7227 7217 7338 7349 7228
1 5 7217 7338 7349 7228 7218 7339 7350 7229
1 5 7218 7339 7350 7229 7219 7340 7351 7230
1 5 7219 7340 7351 7230 7220 7341 7352 7231
1 5 7220 7341 7352 7231 7221 7342 7353 7232
1 5 7221 7342 7353 7232 7222 7343 7354 7233
1 5 7222 7343 7354 7233 7223 7344 7355 7234
1 5 7223 7344 7355 7234 7224 7345 7356 7235
1 5 7224 7345 7356 7235 7225 7346 7357 7236
1 5 7225 7346 7357 7236 7226 7347 7358 7237
1 5 7227 7348 7359 7238 7228 7349 7360 7239
1 5 7228 7349 7360 7239 7229 7350 7361 7240
1 5 7229 7350 7361 7240 7230 7351 7362 7241
1 5 7230 7351 7362 7241 7231 7352 7363 7242
1 5 7231 7352 7363 7242 7232 7353 7364 7243
1 5 7232 7353 7364 7243 7233 7354 7365 7244
1 5 7233 7354 7365 7244 7234 7355 7366 7245
1 5 7234 7355 7366 7245 7235 7356 7367 7246
1 5 7235 7356 7367 7246 7236 7357 7368 7247
1 5 7236 7357 7368 7247 7237 7358 7369 7248
1 5 7238 7359 7370 7249 7239 7360 7371 7250
1 5 7239 7360 7371 7250 7240 7361 7372 7251
1 5 7240 7361 7372 7251 7241 7362 7373 7252
1 5 7241 7362 7373 7252 7242 7363 7374 7253
1 5 7242 7363 7374 7253 7243 7364 7375 7254
1 5 7243 7364 7375 7254 7244 7365 7376 7255
1 5 7244 7365 7376 7255 7245 7366 7377 7256
1 5 7245 7366 7377 7256 7246 7367 7378 7257
1 5 7246 7367 7378 7257 7247 7368 7379 7258
1 5 7247 7368 7379 7258 7248 7369 7380 7259
1 5 7260 7381 7392 7271 7261 7382 7393 7272
1 5 7261 7382 7393 7272 7262 7383 7394 7273
1 5 7262 7383 7394 7273 7263 7384 7395 7274
1 5 7263 7384 7395 7274 7264 7385 7396 7275
1 5 7264 7385 7396 7275 7265 7386 7397 7276
1 5 7265 7386 7397 7276 7266 7387 7398 7277
1 5 7266 7387 7398 7277 7267 7388 7399 7278
1 5 7267 7388 7399 7278 7268 7389 7400 7279
1 5 7268 7389 7400 7279 7269 7390 7401 7280
1 5 7269 7390 7401 7280 7270 7391 7402 7281
1 5 7271 7392 7403 7282 7272 7393 7404 7283
1 5 7272 7393 7404 7283 7273 7394 7405 7284
1 5 7273 7394 7405 7284 7274 7395 7406 7285
1 5 7274 7395 7406 7285 7275 7396 7407 7286
1 5 7275 7396 7407 7286 7276 7397 7408 7287
1 5 7276 7397 7408 7287 7277 7398 7409 7288
1 5 7277 7398 7409 7288 7278 7399 7410 7289
1 5 7278 7399 7410 7289 7279 7400 7411 7290
1 5 7279 7400 7411 7290 7280 7401 7412 7291
1 5 7280 7401 7412 7291 7281 7402 7413 7292
1 5 7282 7403 7414 7293 7283 7404 7415 7294
1 5 7283 7404 7415 7294 7284 7405 7416 7295
1 5 7284 7405 7416 7295 7285 7406 7417 7296
1 5 7285 7406 7417 7296 7286 7407 7418 7297
1 5 7286 7407 7418 7297 7287 7408 7419 7298
1 5 7287 7408 7419 7298 7288 7409 7420 7299
1 5 7288 7409 7420 7299 7289 7410 7421 7300
1 5 7289 7410 7421 7300 7290 7411 7422 7301
1 5 7290 7411 7422 7301 7291 7412 7423 7302
1 5 7291 7412 7423 7302 7292 7413 7424 7303
1 5 7293 7414 7425 7304 7294 7415 7426 7305
1 5 7294 7415 7426 7305 7295 7416 7427 7306
1 5 7295 7416 7427 7306 7296 7417 7428 7307
1 5 7296 7417 7428 7307 7297 7418 7429 7308
1 5 7297 7418 7429 7308 7298 7419 7430 7309
1 5 7298 7419 7430 7309 7299 7420 7431 7310
1 5 7299 7420 7431 7310 7300 7421 7432 7311
1 5 7300 7421 7432 7311 7301 7422 7433 7312
1 5 7301 7422 7433 7312 7302 7423 7434 7313
1 5 7302 7423 7434 7313 7303 7424 7435 7314
1 5 7304 7425 7436 7315 7305 7426 7437 7316
1 5 7305 7426 7437 7316 7306 7427 7438 7317
1 5 7306 7427 7438 7317 7307 7428 7439 7318
1 5 7307 7428 7439 7318 7308 7429 7440 7319
1 5 7308 7429 7440 7319 7309 7430 7441 7320
1 5 7309 7430 7441 7320 7310 7431 7442 7321
1 5 7310 7431 7442 7321 7311 7432 7443 7322
1 5 7311 7432 7443 7322 7312 7433 7444 7323
1 5 7312 7433 7444 7323 7313 7434 7445 7324
1 5 7313 7434 7445 7324 7314 7435 7446 7325
1 5 7315 7436 7447 7326 7316 7437 7448 7327
1 5 7316 7437 7448 7327 7317 7438 7449 7328
1 5 7317 7438 7449 7328 7318 7439 7450 7329
1 5 7318 7439 7450 7329 7319 7440 7451 7330
1 5 7319 7440 7451 7330 7320 7441 7452 7331
1 5 7320 7441 7452 7331 7321 7442 7453 7332
1 5 7321 7442 7453 7332 7322 7443 7454 7333
1 5 7322 7443 7454 7333 7323 7444 7455 7334
1 5 7323 7444 7455 7334 7324 7445 7456 7335
1 5 7324 7445 7456 7335 7325 7446 7457 7336
1 5 7326 7447 7458 7337 7327 7448 7459 7338
1 5 7327 7448 7459 7338 7328 7449 7460 7339
1 5 7328 7449 7460 7339 7329 7450 7461 7340
1 5 7329 7450 7461 7340 7330 7451 7462 7341
1 5 7330 7451 7462 7341 7331 7452 7463 7342
1 5 7331 7452 7463 7342 7332 7453 7464 7343
1 5 7332 7453 7464 7343 7333 7454 7465 7344
1 5 7333 7454 7465 7344 7334 7455 7466 7345
1 5 7334 7455 7466 7345 7335 7456 7467 7346
1 5 7335 7456 7467 7346 7336 7457 7468 7347
1 5 7337 7458 7469 7348 7338 7459 7470 7349
1 5 7338 7459 7470 7349 7339 7460 7471 7350
1 5 7339 7460 7471 7350 7340 7461 7472 7351
1 5 7340 7461 7472 7351 7341 7462 7473 7352
1 5 7341 7462 7473 7352 7342 7463 7474 7353
1 5 7342 7463 7474 7353 7343 7464 7475 7354
1 5 7343 7464 7475 7354 7344 7465 7476 7355
1 5 7344 7465 7476 7355 7345 7466 7477 7356
1 5 7345 7466 7477 7356 7346 7467 7478 7357
1 5 7346 7467 7478 7357 7347 7468 7479 7358
1 5 7348 7469 7480 7359 7349 7470 7481 7360
1 5 7349 7470 7481 7360 7350 7471 7482 7361
1 5 7350 7471 7482 7361 7351 7472 7483 7362
1 5 7351 7472 7483 7362 7352 7473 7484 7363
1 5 7352 7473 7484 7363 7353 7474 7485 7364
1 5 7353 7474 7485 7364 7354 7475 7486 7365
1 5 7354 7475 7486 7365 7355 7476 7487 7366
1 5 7355 7476 7487 7366 7356 7477 7488 7367
1 5 7356 7477 7488 7367 7357 7478 7489 7368
1 5 7357 7478 7489 7368 7358 7479 7490 7369
1 5 7359 7480 7491 7370 7360 7481 7492 7371
1 5 7360 7481 7492 7371 7361 7482 7493 7372
1 5 7361 7482 7493 7372 7362 7483 7494 7373
1 5 7362 7483 7494 7373 7363 7484 7495 7374
1 5 7363 7484 7495 7374 7364 7485 7496 7375
1 5 7364 7485 7496 7375 7365 7486 7497 7376
1 5 7365 7486 7497 7376 7366 7487 7498 7377
1 5 7366 7487 7498 7377 7367 7488 7499 7378
1 5 7367 7488 7499 7378 7368 7489 7500 7379
1 5 7368 7489 7500 7379 7369 7490 7501 7380
1 5 7381 7502 7513 7392 7382 7503 7514 7393
1 5 7382 7503 7514 7393 7383 7504 7515 7394
1 5 7383 7504 7515 7394 7384 7505 7516 7395
1 5 7384 7505 7516 7395 7385 7506 7517 7396
1 5 7385 7506 7517 7396 7386 7507 7518 7397
1 5 7386 7507 7518 7397 7387 7508 7519 7398
1 5 7387 7508 7519 7398 7388 7509 7520 7399
1 5 7388 7509 7520 7399 7389 7510 7521 7400
1 5 7389 7510 7521 7400 7390 7511 7522 7401
1 5 7390 7511 7522 7401 7391 7512 7523 7402
1 5 7392 7513 7524 7403 7393 7514 7525 7404
1 5 7393 7514 7525 7404 7394 7515 7526 7405
1 5 7394 7515 7526 7405 7395 7516 7527 7406
1 5 7395 7516 7527 7406 7396 7517 7528 7407
1 5 7396 7517 7528 7407 7397 7518 7529 7408
1 5 7397 7518 7529 7408 7398 7519 7530 7409
1 5 7398 7519 7530 7409 7399 7520 7531 7410
1 5 7399 7520 7531 7410 7400 7521 7532 7411
1 5 7400 7521 7532 7411 7401 7522 7533 7412
1 5 7401 7522 7533 7412 7402 7523 7534 7413
1 5 7403 7524 7535 7414 7404 7525 7536 7415
1 5 7404 7525 7536 7415 7405 7526 7537 7416
1 5 7405 7526 7537 7416 7406 7527 7538 7417
1 5 7406 7527 7538 7417 7407 7528 7539 7418
1 5 7407 7528 7539 7418 7408 7529 7540 7419
1 5 7408 7529 7540 7419 7409 7530 7541 7420
1 5 7409 7530 7541 7420 7410 7531 7542 7421
1 5 7410 7531 7542 7421 7411 7532 7543 7422
1 5 7411 7532 7543 7422 7412 7533 7544 7423
1 5 7412 7533 7544 7423 7413 7534 7545 7424
1 5 7414 7535 7546 7425 7415 7536 7547 7426
1 5 7415 7536 7547 7426 7416 7537 7548 7427
1 5 7416 7537 7548 7427 7417 7538 7549 7428
1 5 7417 7538 7549 7428 7418 7539 7550 7429
1 5 7418 7539 7550 7429 7419 7540 7551 7430
1 5 7419 7540 7551 7430 7420 7541 7552 7431
1 5 7420 7541 7552 7431 7421 7542 7553 7432
1 5 7421 7542 7553 7432 7422 7543 7554 7433
1 5 7422 7543 7554 7433 7423 7544 7555 7434
1 5 7423 7544 7555 7434 7424 7545 7556 7435
1 5 7425 7546 7557 7436 7426 7547 7558 7437
1 5 7426 7547 7558 7437 7427 7548 7559 7438
1 5 7427 7548 7559 7438 7428 7549 7560 7439
1 5 7428 7549 7560 7439 7429 7550 7561 7440
1 5 7429 7550 7561 7440 7430 7551 7562 7441
1 5 7430 7551 7562 7441 7431 7552 7563 7442
1 5 7431 7552 7563 7442 7432 7553 7564 7443
1 5 7432 7553 7564 7443 7433 7554 7565 7444
1 5 7433 7554 7565 7444 7434 7555 7566 7445
1 5 7434 7555 7566 7445 7435 7556 7567 7446
1 5 7436 7557 7568 7447 7437 7558 7569 7448
1 5 7437 7558 7569 7448 7438 7559 7570 7449
1 5 7438 7559 7570 7449 7439 7560 7571 7450
1 5 7439 7560 7571 7450 7440 7561 7572 7451
1 5 7440 7561 7572 7451 7441 7562 7573 7452
1 5 7441 7562 7573 7452 7442 7563 7574 7453
1 5 7442 7563 7574 7453 7443 7564 7575 7454
1 5 7443 7564 7575 7454 7444 7565 7576 7455
1 5 7444 7565 7576 7455 7445 7566 7577 7456
1 5 7445 7566 7577 7456 7446 7567 7578 7457
1 5 7447 7568 7579 7458 7448 7569 7580 7459
1 5 7448 7569 7580 7459 7449 7570 7581 7460
1 5 7449 7570 7581 7460 7450 7571 7582 7461
1 5 7450 7571 7582 7461 7451 7572 7583 7462
1 5 7451 7572 7583 7462 7452 7573 7584 7463
1 5 7452 7573 7584 7463 7453 7574 7585 7464
1 5 7453 7574 7585 7464 7454 7575 7586 7465
1 5 7454 7575 7586 7465 7455 7576 7587 7466
1 5 7455 7576 7587 7466 7456 7577 7588 7467
1 5 7456 7577 7588 7467 7457 7578 7589 7468
1 5 7458 7579 7590 7469 7459 7580 7591 7470
1 5 7459 7580 7591 7470 7460 7581 7592 7471
1 5 7460 7581 7592 7471 7461 7582 7593 7472
1 5 7461 7582 7593 7472 7462 7583 7594 7473
1 5 7462 7583 7594 7473 7463 7584 7595 7474
1 5 7463 7584 7595 7474 7464 7585 7596 7475
1 5 7464 7585 7596 7475 7465 7586 7597 7476
1 5 7465 7586 7597 7476 7466 7587 7598 7477
1 5 7466 7587 7598 7477 7467 7588 7599 7478
1 5 7467 7588 7599 7478 7468 7589 7600 7479
1 5 7469 7590 7601 7480 7470 7591 7602 7481
1 5 7470 7591 7602 7481 7471 7592 7603 7482
1 5 7471 7592 7603 7482 7472 7593 7604 7483
1 5 7472 7593 7604 7483 7473 7594 7605 7484
1 5 7473 7594 7605 7484 7474 7595 7606 7485
1 5 7474 7595 7606 7485 7475 7596 7607 7486
1 5 7475 7596 7607 7486 7476 7597 7608 7487
1 5 7476 7597 7608 7487 7477 7598 7609 7488
1 5 7477 7598 7609 7488 7478 7599 7610 7489
1 5 7478 7599 7610 7489 7479 7600 7611 7490
1 5 7480 7601 7612 7491 7481 7602 7613 7492
1 5 7481 7602 7613 7492 7482 7603 7614 7493
1 5 7482 7603 7614 7493 7483 7604 7615 7494
1 5 7483 7604 7615 7494 7484 7605 7616 7495
1 5 7484 7605 7616 7495 7485 7606 7617 7496
1 5 7485 7606 7617 7496 7486 7607 7618 7497
1 5 7486 7607 7618 7497 7487 7608 7619 7498
1 5 7487 7608 7619 7498 7488 7609 7620 7499
1 5 7488 7609 7620 7499 7489 7610 7621 7500
1 5 7489 7610 7621 7500 7490 7611 7622 7501
1 5 7502 7623 7634 7513 7503 7624 7635 7514
1 5 7503 7624 7635 7514 7504 7625 7636 7515
1 5 7504 7625 7636 7515 7505 7626 7637 7516
1 5 7505 7626 7637 7516 7506 7627 7638 7517
1 5 7506 7627 7638 7517 7507 7628 7639 7518
1 5 7507 7628 7639 7518 7508 7629 7640 7519
1 5 7508 7629 7640 7519 7509 7630 7641 7520
1 5 7509 7630 7641 7520 7510 7631 7642 7521
1 5 7510 7631 7642 7521 7511 7632 7643 7522
1 5 7511 7632 7643 7522 7512 7633 7644 7523
1 5 7513 7634 7645 7524 7514 7635 7646 7525
1 5 7514 7635 7646 7525 7515 7636 7647 7526
1 5 7515 7636 7647 7526 7516 7637 7648 7527
1 5 7516 7637 7648 7527 7517 7638 7649 7528
1 5 7517 7638 7649 7528 7518 7639 7650 7529
1 5 7518 7639 7650 7529 7519 7640 7651 7530
1 5 7519 7640 7651 7530 7520 7641 7652 7531
1 5 7520 7641 7652 7531 7521 7642 7653 7532
1 5 7521 7642 7653 7532 7522 7643 7654 7533
1 5 7522 7643 7654 7533 7523 7644 7655 7534
1 5 7524 7645 7656 7535 7525 7646 7657 7536
1 5 7525 7646 7657 7536 7526 7647 7658 7537
1 5 7526 7647 7658 7537 7527 7648 7659 7538
1 5 7527 7648 7659 7538 7528 7649 7660 7539
1 5 7528 7649 7660 7539 7529 7650 7661 7540
1 5 7529 7650 7661 7540 7530 7651 7662 7541
1 5 7530 7651 7662 7541 7531 7652 7663 7542
1 5 7531 7652 7663 7542 7532 7653 7664 7543
1 5 7532 7653 7664 7543 7533 7654 7665 7544
1 5 7533 7654 7665 7544 7534 7655 7666 7545
1 5 7535 7656 7667 7546 7536 7657 7668 7547
1 5 7536 7657 7668 7547 7537 7658 7669 7548
1 5 7537 7658 7669 7548 7538 7659 7670 7549
1 5 7538 7659 7670 7549 7539 7660 7671 7550
1 5 7539 7660 7671 7550 7540 7661 7672 7551
1 5 7540 7661 7672 7551 7541 7662 7673 7552
1 5 7541 7662 7673 7552 7542 7663 7674 7553
1 5 7542 7663 7674 7553 7543 7664 7675 7554
1 5 7543 7664 7675 7554 7544 7665 7676 7555
1 5 7544 7665 7676 7555 7545 7666 7677 7556
1 5 7546 7667 7678 7557 7547 7668 7679 7558
1 5 7547 7668 7679 7558 7548 7669 7680 7559
1 5 7548 7669 7680 7559 7549 7670 7681 7560
1 5 7549 7670 7681 7560 7550 7671 7682 7561
1 5 7550 7671 7682 7561 7551 7672 7683 7562
1 5 7551 7672 7683 7562 7552 7673 7684 7563
1 5 7552 7673 7684 7563 7553 7674 7685 7564
1 5 7553 7674 7685 7564 7554 7675 7686 7565
1 5 7554 7675 7686 7565 7555 7676 7687 7566
1 5 7555 7676 7687 7566 7556 7677 7688 7567
1 5 7557 7678 7689 7568 7558 7679 7690 7569
1 5 7558 7679 7690 7569 7559 7680 7691 7570
1 5 7559 7680 7691 7570 7560 7681 7692 7571
1 5 7560 7681 7692 7571 7561 7682 7693 7572
1 5 7561 7682 7693 7572 7562 7683 7694 7573
1 5 7562 7683 7694 7573 7563 7684 7695 7574
1 5 7563 7684 7695 7574 7564 7685 7696 7575
1 5 7564 7685 7696 7575 7565 7686 7697 7576
1 5 7565 7686 7697 7576 7566 7687 7698 7577
1 5 7566 7687 7698 7577 7567 7688 7699 7578
1 5 7568 7689 7700 7579 7569 7690 7701 7580
1 5 7569 7690 7701 7580 7570 7691 7702 7581
1 5 7570 7691 7702 7581 7571 7692 7703 7582
1 5 7571 7692 7703 7582 7572 7693 7704 7583
1 5 7572 7693 7704 7583 7573 7694 7705 7584
1 5 7573 7694 7705 7584 7574 7695 7706 7585
1 5 7574 7695 7706 7585 7575 7696 7707 7586
1 5 7575 7696 7707 7586 7576 7697 7708 7587
1 5 7576 7697 7708 7587 7577 7698 7709 7588
1 5 7577 7698 7709 7588 7578 7699 7710 7589
1 5 7579 7700 7711 7590 7580 7701 7712 7591
1 5 7580 7701 7712 7591 7581 7702 7713 7592
1 5 7581 7702 7713 7592 7582 7703 7714 7593
1 5 7582 7703 7714 7593 7583 7704 7715 7594
1 5 7583 7704 7715 7594 7584 7705 7716 7595
1 5 7584 7705 7716 7595 7585 7706 7717 7596
1 5 7585 7706 7717 7596 7586 7707 7718 7597
1 5 7586 7707 7718 7597 7587 7708 7719 7598
1 5 7587 7708 7719 7598 7588 7709 7720 7599
1 5 7588 7709 7720 7599 7589 7710 7721 7600
1 5 7590 7711 7722 7601 7591 7712 7723 7602
1 5 7591 7712 7723 7602 7592 7713 7724 7603
1 5 7592 7713 7724 7603 7593 7714 7725 7604
1 5 7593 7714 7725 7604 7594 7715 7726 7605
1 5 7594 7715 7726 7605 7595 7716 7727 7606
1 5 7595 7716 7727 7606 7596 7717 7728 7607
1 5 7596 7717 7728 7607 7597 7718 7729 7608
1 5 7597 7718 7729 7608 7598 7719 7730 7609
1 5 7598 7719 7730 7609 7599 7720 7731 7610
1 5 7599 7720 7731 7610 7600 7721 7732 7611
1 5 7601 7722 7733 7612 7602 7723 7734 7613
1 5 7602 7723 7734 7613 7603 7724 7735 7614
1 5 7603 7724 7735 7614 7604 7725 7736 7615
1 5 7604 7725 7736 7615 7605 7726 7737 7616
1 5 7605 7726 7737 7616 7606 7727 7738 7617
1 5 7606 7727 7738 7617 7607 7728 7739 7618
1 5 7607 7728 7739 7618 7608 7729 7740 7619
1 5 7608 7729 7740 7619 7609 7730 7741 7620
1 5 7609 7730 7741 7620 7610 7731 7742 7621
1 5 7610 7731 7742 7621 7611 7732 7743 7622
1 5 7623 7744 7755 7634 7624 7745 7756 7635
1 5 7624 7745 7756 7635 7625 7746 7757 7636
1 5 7625 7746 7757 7636 7626 7747 7758 7637
1 5 7626 7747 7758 7637 7627 7748 7759 7638
1 5 7627 7748 7759 7638 7628 7749 7760 7639
1 5 7628 7749 7760 7639 7629 7750 7761 7640
1 5 7629 7750 7761 7640 7630 7751 7762 7641
1 5 7630 7751 7762 7641 7631 7752 7763 7642
1 5 7631 7752 7763 7642 7632 7753 7764 7643
1 5 7632 7753 7764 7643 7633 7754 7765 7644
1 5 7634 7755 7766 7645 7635 7756 7767 7646
1 5 7635 7756 7767 7646 7636 7757 7768 7647
1 5 7636 7757 7768 7647 7637 7758 7769 7648
1 5 7637 7758 7769 7648 7638 7759 7770 7649
1 5 7638 7759 7770 7649 7639 7760 7771 7650
1 5 7639 7760 7771 7650 7640 7761 7772 7651
1 5 7640 7761 7772 7651 7641 7762 7773 7652
1 5 7641 7762 7773 7652 7642 7763 7774 7653
1 5 7642 7763 7774 7653 7643 7764 7775 7654
1 5 7643 7764 7775 7654 7644 7765 7776 7655
1 5 7645 7766 7777 7656 7646 7767 7778 7657
1 5 7646 7767 7778 7657 7647 7768 7779 7658
1 5 7647 7768 7779 7658 7648 7769 7780 7659
1 5 7648 7769 7780 7659 7649 7770 7781 7660
1 5 7649 7770 7781 7660 7650 7771 7782 7661
1 5 7650 7771 7782 7661 7651 7772 7783 7662
1 5 7651 7772 7783 7662 7652 7773 7784 7663
1 5 7652 7773 7784 7663 7653 7774 7785 7664
1 5 7653 7774 7785 7664 7654 7775 7786 7665
1 5 7654 7775 7786 7665 7655 7776 7787 7666
1 5 7656 7777 7788 7667 7657 7778 7789 7668
1 5 7657 7778 7789 7668 7658 7779 7790 7669
1 5 7658 7779 7790 7669 7659 7780 7791 7670
1 5 7659 7780 7791 7670 7660 7781 7792 7671
1 5 7660 7781 7792 7671 7661 7782 7793 7672
1 5 7661 7782 7793 7672 7662 7783 7794 7673
1 5 7662 7783 7794 7673 7663 7784 7795 7674
1 5 7663 7784 7795 7674 7664 7785 7796 7675
1 5 7664 7785 7796 7675 7665 7786 7797 7676
1 5 7665 7786 7797 7676 7666 7787 7798 7677
1 5 7667 7788 7799 7678 7668 7789 7800 7679
1 5 7668 7789 7800 7679 7669 7790 7801 7680
1 5 7669 7790 7801 7680 7670 7791 7802 7681
1 5 7670 7791 7802 7681 7671 7792 7803 7682
1 5 7671 7792 7803 7682 7672 7793 7804 7683
1 5 7672 7793 7804 7683 7673 7794 7805 7684
1 5 7673 7794 7805 7684 7674 7795 7806 7685
1 5 7674 7795 7806 7685 7675 7796 7807 7686
1 5 7675 7796 7807 7686 7676 7797 7808 7687
1 5 7676 7797 7808 7687 7677 7798 7809 7688
1 5 7678 7799 7810 7689 7679 7800 7811 7690
1 5 7679 7800 7811 7690 7680 7801 7812 7691
1 5 7680 7801 7812 7691 7681 7802 7813 7692
1 5 7681 7802 7813 7692 7682 7803 7814 7693
1 5 7682 7803 7814 7693 7683 7804 7815 7694
1 5 7683 7804 7815 7694 7684 7805 7816 7695
1 5 7684 7805 7816 7695 7685 7806 7817 7696
1 5 7685 7806 7817 7696 7686 7807 7818 7697
1 5 7686 7807 7818 7697 7687 7808 7819 7698
1 5 7687 7808 7819 7698 7688 7809 7820 7699
1 5 7689 7810 7821 7700 7690 7811 7822 7701
1 5 7690 7811 7822 7701 7691 7812 7823 7702
1 5 7691 7812 7823 7702 7692 7813 7824 7703
1 5 7692 7813 7824 7703 7693 7814 7825 7704
1 5 7693 7814 7825 7704 7694 7815 7826 7705
1 5 7694 7815 7826 7705 7695 7816 7827 7706
1 5 7695 7816 7827 7706 7696 7817 7828 7707
1 5 7696 7817 7828 7707 7697 7818 7829 7708
1 5 7697 7818 7829 7708 7698 7819 7830 7709
1 5 7698 7819 7830 7709 7699 7820 7831 7710
1 5 7700 7821 7832 7711 7701 7822 7833 7712
1 5 7701 7822 7833 7712 7702 7823 7834 7713
1 5 7702 7823 7834 7713 7703 7824 7835 7714
1 5 7703 7824 7835 7714 7704 7825 7836 7715
1 5 7704 7825 7836 7715 7705 7826 7837 7716
1 5 7705 7826 7837 7716 7706 7827 7838 7717
1 5 7706 7827 7838 7717 7707 7828 7839 7718
1 5 7707 7828 7839 7718 7708 7829 7840 7719
1 5 7708 7829 7840 7719 7709 7830 7841 7720
1 5 7709 7830 7841 7720 7710 7831 7842 7721
1 5 7711 7832 7843 7722 7712 7833 7844 7723
1 5 7712 7833 7844 7723 7713 7834 7845 7724
1 5 7713 7834 7845 7724 7714 7835 7846 7725
1 5 7714 7835 7846 7725 7715 7836 7847 7726
1 5 7715 7836 7847 7726 7716 7837 7848 7727
1 5 7716 7837 7848 7727 7717 7838 7849 7728
1 5 7717 7838 7849 7728 7718 7839 7850 7729
1 5 7718 7839 7850 7729 7719 7840 7851 7730
1 5 7719 7840 7851 7730 7720 7841 7852 7731
1 5 7720 7841 7852 7731 7721 7842 7853 7732
1 5 7722 7843 7854 7733 7723 7844 7855 7734
1 5 7723 7844 7855 7734 7724 7845 7856 7735
1 5 7724 7845 7856 7735 7725 7846 7857 7736
1 5 7725 7846 7857 7736 7726 7847 7858 7737
1 5 7726 7847 7858 7737 7727 7848 7859 7738
1 5 7727 7848 7859 7738 7728 7849 7860 7739
1 5 7728 7849 7860 7739 7729 7850 7861 7740
1 5 7729 7850 7861 7740 7730 7851 7862 7741
1 5 7730 7851 7862 7741 7731 7852 7863 7742
1 5 7731 7852 7863 7742 7732 7853 7864 7743
1 5 7744 7865 7876 7755 7745 7866 7877 7756
1 5 7745 7866 7877 7756 7746 7867 7878 7757
1 5 7746 7867 7878 7757 7747 7868 7879 7758
1 5 7747 7868 7879 7758 7748 7869 7880 7759
1 5 7748 7869 7880 7759 7749 7870 7881 7760
1 5 7749 7870 7881 7760 7750 7871 7882 7761
1 5 7750 7871 7882 7761 7751 7872 7883 7762
1 5 7751 7872 7883 7762 7752 7873 7884 7763
1 5 7752 7873 7884 7763 7753 7874 7885 7764
1 5 7753 7874 7885 7764 7754 7875 7886 7765
1 5 7755 7876 7887 7766 7756 7877 7888 7767
1 5 7756 7877 7888 7767 7757 7878 7889 7768
1 5 7757 7878 7889 7768 7758 7879 7890 7769
1 5 7758 7879 7890 7769 7759 7880 7891 7770
1 5 7759 7880 7891 7770 7760 7881 7892 7771
1 5 7760 7881 7892 7771 7761 7882 7893 7772
1 5 7761 7882 7893 7772 7762 7883 7894 7773
1 5 7762 7883 7894 7773 7763 7884 7895 7774
1 5 7763 7884 7895 7774 7764 7885 7896 7775
1 5 7764 7885 7896 7775 7765 7886 7897 7776
1 5 7766 7887 7898 7777 7767 7888 7899 7778
1 5 7767 7888 7899 7778 7768 7889 7900 7779
1 5 7768 7889 7900 7779 7769 7890 7901 7780
1 5 7769 7890 7901 7780 7770 7891 7902 7781
1 5 7770 7891 7902 7781 7771 7892 7903 7782
1 5 7771 7892 7903 7782 7772 7893 7904 7783
1 5 7772 7893 7904 7783 7773 7894 7905 7784
1 5 7773 7894 7905 7784 7774 7895 7906 7785
1 5 7774 7895 7906 7785 7775 7896 7907 7786
1 5 7775 7896 7907 7786 7776 7897 7908 7787
1 5 7777 7898 7909 7788 7778 7899 7910 7789
1 5 7778 7899 7910 7789 7779 7900 7911 7790
1 5 7779 7900 7911 7790 7780 7901 7912 7791
1 5 7780 7901 7912 7791 7781 7902 7913 7792
1 5 7781 7902 7913 7792 7782 7903 7914 7793
1 5 7782 7903 7914 7793 7783 7904 7915 7794
1 5 7783 7904 7915 7794 7784 7905 7916 7795
1 5 7784 7905 7916 7795 7785 7906 7917 7796
1 5 7785 7906 7917 7796 7786 7907 7918 7797
1 5 7786 7907 7918 7797 7787 7908 7919 7798
1 5 7788 7909 7920 7799 7789 7910 7921 7800
1 5 7789 7910 7921 7800 7790 7911 7922 7801
1 5 7790 7911 7922 7801 7791 7912 7923 7802
1 5 7791 7912 7923 7802 7792 7913 7924 7803
1 5 7792 7913 7924 7803 7793 7914 7925 7804
1 5 7793 7914 7925 7804 7794 7915 7926 7805
1 5 7794 7915 7926 7805 7795 7916 7927 7806
1 5 7795 7916 7927 7806 7796 7917 7928 7807
1 5 7796 7917 7928 7807 7797 7918 7929 7808
1 5 7797 7918 7929 7808 7798 7919 7930 7809
1 5 7799 7920 7931 7810 7800 7921 7932 7811
1 5 7800 7921 7932 7811 7801 7922 7933 7812
1 5 7801 7922 7933 7812 7802 7923 7934 7813
1 5 7802 7923 7934 7813 7803 7924 7935 7814
1 5 7803 7924 7935 7814 7804 7925 7936 7815
1 5 7804 7925 7936 7815 7805 7926 7937 7816
1 5 7805 7926 7937 7816 7806 7927 7938 7817
1 5 7806 7927 7938 7817 7807 7928 7939 7818
1 5 7807 7928 7939 7818 7808 7929 7940 7819
1 5 7808 7929 7940 7819 7809 7930 7941 7820
1 5 7810 7931 7942 7821 7811 7932 7943 7822
1 5 7811 7932 7943 7822 7812 7933 7944 7823
1 5 7812 7933 7944 7823 7813 7934 7945 7824
1 5 7813 7934 7945 7824 7814 7935 7946 7825
1 5 7814 7935 7946 7825 7815 7936 7947 7826
1 5 7815 7936 7947 7826 7816 7937 7948 7827
1 5 7816 7937 7948 7827 7817 7938 7949 7828
1 5 7817 7938 7949 7828 7818 7939 7950 7829
1 5 7818 7939 7950 7829 7819 7940 7951 7830
1 5 7819 7940 7951 7830 7820 7941 7952 7831
1 5 7821 7942 7953 7832 7822 7943 7954 7833
1 5 7822 7943 7954 7833 7823 7944 7955 7834
1 5 7823 7944 7955 7834 7824 7945 7956 7835
1 5 7824 7945 7956 7835 7825 7946 7957 7836
1 5 7825 7946 7957 7836 7826 7947 7958 7837
1 5 7826 7947 7958 7837 7827 7948 7959 7838
1 5 7827 7948 7959 7838 7828 7949 7960 7839
1 5 7828 7949 7960 7839 7829 7950 7961 7840
1 5 7829 7950 7961 7840 7830 7951 7962 7841
1 5 7830 7951 7962 7841 7831 7952 7963 7842
1 5 7832 7953 7964 7843 7833 7954 7965 7844
1 5 7833 7954 7965 7844 7834 7955 7966 7845
1 5 7834 7955 7966 7845 7835 7956 7967 7846
1 5 7835 7956 7967 7846 7836 7957 7968 7847
1 5 7836 7957 7968 7847 7837 7958 7969 7848
1 5 7837 7958 7969 7848 7838 7959 7970 7849
1 5 7838 7959 7970 7849 7839 7960 7971 7850
1 5 7839 7960 7971 7850 7840 7961 7972 7851
1 5 7840 7961 7972 7851 7841 7962 7973 7852
1 5 7841 7962 7973 7852 7842 7963 7974 7853
1 5 7843 7964 7975 7854 7844 7965 7976 7855
1 5 7844 7965 7976 7855 7845 7966 7977 7856
1 5 7845 7966 7977 7856 7846 7967 7978 7857
1 5 7846 7967 7978 7857 7847 7968 7979 7858
1 5 7847 7968 7979 7858 7848 7969 7980 7859
1 5 7848 7969 7980 7859 7849 7970 7981 7860
1 5 7849 7970 7981 7860 7850 7971 7982 7861
1 5 7850 7971 7982 7861 7851 7972 7983 7862
1 5 7851 7972 7983 7862 7852 7973 7984 7863
1 5 7852 7973 7984 7863 7853 7974 7985 7864
1 5 7865 7986 7997 7876 7866 7987 7998 7877
1 5 7866 7987 7998 7877 7867 7988 7999 7878
1 5 7867 7988 7999 7878 7868 7989 8000 7879
1 5 7868 7989 8000 7879 7869 7990 8001 7880
1 5 7869 7990 8001 7880 7870 7991 8002 7881
1 5 7870 7991 8002 7881 7871 7992 8003 7882
1 5 7871 7992 8003 7882 7872 7993 8004 7883
1 5 7872 7993 8004 7883 7873 7994 8005 7884
1 5 7873 7994 8005 7884 7874 7995 8006 7885
1 5 7874 7995 8006 7885 7875 7996 8007 7886
1 5 7876 7997 8008 7887 7877 7998 8009 7888
1 5 7877 7998 8009 7888 7878 7999 8010 7889
1 5 7878 7999 8010 7889 7879 8000 8011 7890
1 5 7879 8000 8011 7890 7880 8001 8012 7891
1 5 7880 8001 8012 7891 7881 8002 8013 7892
1 5 7881 8002 8013 7892 7882 8003 8014 7893
1 5 7882 8003 8014 7893 7883 8004 8015 7894
1 5 7883 8004 8015 7894 7884 8005 8016 7895
1 5 7884 8005 8016 7895 7885 8006 8017 7896
1 5 7885 8006 8017 7896 7886 8007 8018 7897
1 5 7887 8008 8019 7898 7888 8009 8020 7899
1 5 7888 8009 8020 7899 7889 8010 8021 7900
1 5 7889 8010 8021 7900 7890 8011 8022 7901
1 5 7890 8011 8022 7901 7891 8012 8023 7902
1 5 7891 8012 8023 7902 7892 8013 8024 7903
1 5 7892 8013 8024 7903 7893 8014 8025 7904
1 5 7893 8014 8025 7904 7894 8015 8026 7905
1 5 7894 8015 8026 7905 7895 8016 8027 7906
1 5 7895 8016 8027 7906 7896 8017 8028 7907
1 5 7896 8017 8028 7907 7897 8018 8029 7908
1 5 7898 8019 8030 7909 7899 8020 8031 7910
1 5 7899 8020 8031 7910 7900 8021 8032 7911
1 5 7900 8021 8032 7911 7901 8022 8033 7912
1 5 7901 8022 8033 7912 7902 8023 8034 7913
1 5 7902 8023 8034 7913 7903 8024 8035 7914
1 5 7903 8024 8035 7914 7904 8025 8036 7915
1 5 7904 8025 8036 7915 7905 8026 8037 7916
1 5 7905 8026 8037 7916 7906 8027 8038 7917
1 5 7906 8027 8038 7917 7907 8028 8039 7918
1 5 7907 8028 8039 7918 7908 8029 8040 7919
1 5 7909 8030 8041 7920 7910 8031 8042 7921
1 5 7910 8031 8042 7921 7911 8032 8043 7922
1 5 7911 8032 8043 7922 7912 8033 8044 7923
1 5 7912 8033 8044 7923 7913 8034 8045 7924
1 5 7913 8034 8045 7924 7914 8035 8046 7925
1 5 7914 8035 8046 7925 7915 8036 8047 7926
1 5 7915 8036 8047 7926 7916 8037 8048 7927
1 5 7916 8037 8048 7927 7917 8038 8049 7928
1 5 7917 8038 8049 7928 7918 8039 8050 7929
1 5 7918 8039 8050 7929 7919 8040 8051 7930
1 5 7920 8041 8052 7931 7921 8042 8053 7932
1 5 7921 8042 8053 7932 7922 8043 8054 7933
1 5 7922 8043 8054 7933 7923 8044 8055 7934
1 5 7923 8044 8055 7934 7924 8045 8056 7935
1 5 7924 8045 8056 7935 7925 8046 8057 7936
1 5 7925 8046 8057 7936 7926 8047 8058 7937
1 5 7926 8047 8058 7937 7927 8048 8059 7938
1 5 7927 8048 8059 7938 7928 8049 8060 7939
1 5 7928 8049 8060 7939 7929 8050 8061 7940
1 5 7929 8050 8061 7940 7930 8051 8062 7941
1 5 7931 8052 8063 7942 7932 8053 8064 7943
1 5 7932 8053 8064 7943 7933 8054 8065 7944
1 5 7933 8054 8065 7944 7934 8055 8066 7945
1 5 7934 8055 8066 7945 7935 8056 8067 7946
1 5 7935 8056 8067 7946 7936 8057 8068 7947
1 5 7936 8057 8068 7947 7937 8058 8069 7948
1 5 7937 8058 8069 7948 7938 8059 8070 7949
1 5 7938 8059 8070 7949 7939 8060 8071 7950
1 5 7939 8060 8071 7950 7940 8061 8072 7951
1 5 7940 8061 8072 7951 7941 8062 8073 7952
1 5 7942 8063 8074 7953 7943 8064 8075 7954
1 5 7943 8064 8075 7954 7944 8065 8076 7955
1 5 7944 8065 8076 7955 7945 8066 8077 7956
1 5 7945 8066 8077 7956 7946 8067 8078 7957
1 5 7946 8067 8078 7957 7947 8068 8079 7958
1 5 7947 8068 8079 7958 7948 8069 8080 7959
1 5 7948 8069 8080 7959 7949 8070 8081 7960
1 5 7949 8070 8081 7960 7950 8071 8082 7961
1 5 7950 8071 8082 7961 7951 8072 8083 7962
1 5 7951 8072 8083 7962 7952 8073 8084 7963
1 5 7953 8074 8085 7964 7954 8075 8086 7965
1 5 7954 8075 8086 7965 7955 8076 8087 7966
1 5 7955 8076 8087 7966 7956 8077 8088 7967
1 5 7956 8077 8088 7967 7957 8078 8089 7968
1 5 7957 8078 8089 7968 7958 8079 8090 7969
1 5 7958 8079 8090 7969 7959 8080 8091 7970
1 5 7959 8080 8091 7970 7960 8081 8092 7971
1 5 7960 8081 8092 7971 7961 8082 8093 7972
1 5 7961 8082 8093 7972 7962 8083 8094 7973
1 5 7962 8083 8094 7973 7963 8084 8095 7974
1 5 7964 8085 8096 7975 7965 8086 8097 7976
1 5 7965 8086 8097 7976 7966 8087 8098 7977
1 5 7966 8087 8098 7977 7967 8088 8099 7978
1 5 7967 8088 8099 7978 7968 8089 8100 7979
1 5 7968 8089 8100 7979 7969 8090 8101 7980
1 5 7969 8090 8101 7980 7970 8091 8102 7981
1 5 7970 8091 8102 7981 7971 8092 8103 7982
1 5 7971 8092 8103 7982 7972 8093 8104 7983
1 5 7972 8093 8104 7983 7973 8094 8105 7984
1 5 7973 8094 8105 7984 7974 8095 8106 7985
1 5 7986 8107 8118 7997 7987 8108 8119 7998
1 5 7987 8108 8119 7998 7988 8109 8120 7999
1 5 7988 8109 8120 7999 7989 8110 8121 8000
1 5 7989 8110 8121 8000 7990 8111 8122 8001
1 5 7990 8111 8122 8001 7991 8112 8123 8002
1 5 7991 8112 8123 8002 7992 8113 8124 8003
1 5 7992 8113 8124 8003 7993 8114 8125 8004
1 5 7993 8114 8125 8004 7994 8115 8126 8005
1 5 7994 8115 8126 8005 7995 8116 8127 8006
1 5 7995 8116 8127 8006 7996 8117 8128 8007
1 5 7997 8118 8129 8008 7998 8119 8130 8009
1 5 7998 8119 8130 8009 7999 8120 8131 8010
1 5 7999 8120 8131 8010 8000 8121 8132 8011
1 5 8000 8121 8132 8011 8001 8122 8133 8012
1 5 8001 8122 8133 8012 8002 8123 8134 8013
1 5 8002 8123 8134 8013 8003 8124 8135 8014
1 5 8003 8124 8135 8014 8004 8125 8136 8015
1 5 8004 8125 8136 8015 8005 8126 8137 8016
1 5 8005 8126 8137 8016 8006 8127 8138 8017
1 5 8006 8127 8138 8017 8007 8128 8139 8018
1 5 8008 8129 8140 8019 8009 8130 8141 8020
1 5 8009 8130 8141 8020 8010 8131 8142 8021
1 5 8010 8131 8142 8021 8011 8132 8143 8022
1 5 8011 8132 8143 8022 8012 8133 8144 8023
1 5 8012 8133 8144 8023 8013 8134 8145 8024
1 5 8013 8134 8145 8024 8014 8135 8146 8025
1 5 8014 8135 8146 8025 8015 8136 8147 8026
1 5 8015 8136 8147 8026 8016 8137 8148 8027
1 5 8016 8137 8148 8027 8017 8138 8149 8028
1 5 8017 8138 8149 8028 8018 8139 8150 8029
1 5 8019 8140 8151 8030 8020 8141 8152 8031
1 5 8020 8141 8152 8031 8021 8142 8153 8032
1 5 8021 8142 8153 8032 8022 8143 8154 8033
1 5 8022 8143 8154 8033 8023 8144 8155 8034
1 5 8023 8144 8155 8034 8024 8145 8156 8035
1 5 8024 8145 8156 8035 8025 8146 8157 8036
1 5 8025 8146 8157 8036 8026 8147 8158 8037
1 5 8026 8147 8158 8037 8027 8148 8159 8038
1 5 8027 8148 8159 8038 8028 8149 8160 8039
1 5 8028 8149 8160 8039 8029 8150 8161 8040
1 5 8030 8151 8162 8041 8031 8152 8163 8042
1 5 8031 8152 8163 8042 8032 8153 8164 8043
1 5 8032 8153 8164 8043 8033 8154 8165 8044
1 5 8033 8154 8165 8044 8034 8155 8166 8045
1 5 8034 8155 8166 8045 8035 8156 8167 8046
1 5 8035 8156 8167 8046 8036 8157 8168 8047
1 5 8036 8157 8168 8047 8037 8158 8169 8048
1 5 8037 8158 8169 8048 8038 8159 8170 8049
1 5 8038 8159 8170 8049 8039 8160 8171 8050
1 5 8039 8160 8171 8050 8040 8161 8172 8051
1 5 8041 8162 8173 8052 8042 8163 8174 8053
1 5 8042 8163 8174 8053 8043 8164 8175 8054
1 5 8043 8164 8175 8054 8044 8165 8176 8055
1 5 8044 8165 8176 8055 8045 8166 8177 8056
1 5 8045 8166 8177 8056 8046 8167 8178 8057
1 5 8046 8167 8178 8057 8047 8168 8179 8058
1 5 8047 8168 8179 8058 8048 8169 8180 8059
1 5 8048 8169 8180 8059 8049 8170 8181 8060
1 5 8049 8170 8181 8060 8050 8171 8182 8061
1 5 8050 8171 8182 8061 8051 8172 8183 8062
1 5 8052 8173 8184 8063 8053 8174 8185 8064
1 5 8053 8174 8185 8064 8054 8175 8186 8065
1 5 8054 8175 8186 8065 8055 8176 8187 8066
1 5 8055 8176 8187 8066 8056 8177 8188 8067
1 5 8056 8177 8188 8067 8057 8178 8189 8068
1 5 8057 8178 8189 8068 8058 8179 8190 8069
1 5 8058 8179 8190 8069 8059 8180 8191 8070
1 5 8059 8180 8191 8070 8060 8181 8192 8071
1 5 8060 8181 8192 8071 8061 8182 8193 8072
1 5 8061 8182 8193 8072 8062 8183 8194 8073
1 5 8063 8184 8195 8074 8064 8185 8196 8075
1 5 8064 8185 8196 8075 8065 8186 8197 8076
1 5 8065 8186 8197 8076 8066 8187 8198 8077
1 5 8066 8187 8198 8077 8067 8188 8199 8078
1 5 8067 8188 8199 8078 8068 8189 8200 8079
1 5 8068 8189 8200 8079 8069 8190 8201 8080
1 5 8069 8190 8201 8080 8070 8191 8202 8081
1 5 8070 8191 8202 8081 8071 8192 8203 8082
1 5 8071 8192 8203 8082 8072 8193 8204 8083
1 5 8072 8193 8204 8083 8073 8194 8205 8084
1 5 8074 8195 8206 8085 8075 8196 8207 8086
1 5 8075 8196 8207 8086 8076 8197 8208 8087
1 5 8076 8197 8208 8087 8077 8198 8209 8088
1 5 8077 8198 8209 8088 8078 8199 8210 8089
1 5 8078 8199 8210 8089 8079 8200 8211 8090
1 5 8079 8200 8211 8090 8080 8201 8212 8091
1 5 8080 8201 8212 8091 8081 8202 8213 8092
1 5 8081 8202 8213 8092 8082 8203 8214 8093
1 5 8082 8203 8214 8093 8083 8204 8215 8094
1 5 8083 8204 8215 8094 8084 8205 8216 8095
1 5 8085 8206 8217 8096 8086 8207 8218 8097
1 5 8086 8207 8218 8097 8087 8208 8219 8098
1 5 8087 8208 8219 8098 8088 8209 8220 8099
1 5 8088 8209 8220 8099 8089 8210 8221 8100
1 5 8089 8210 8221 8100 8090 8211 8222 8101
1 5 8090 8211 8222 8101 8091 8212 8223 8102
1 5 8091 8212 8223 8102 8092 8213 8224 8103
1 5 8092 8213 8224 8103 8093 8214 8225 8104
1 5 8093 8214 8225 8104 8094 8215 8226 8105
1 5 8094 8215 8226 8105 8095 8216 8227 8106
1 5 8107 8228 8239 8118 8108 8229 8240 8119
1 5 8108 8229 8240 8119 8109 8230 8241 8120
1 5 8109 8230 8241 8120 8110 8231 8242 8121
1 5 8110 8231 8242 8121 8111 8232 8243 8122
1 5 8111 8232 8243 8122 8112 8233 8244 8123
1 5 8112 8233 8244 8123 8113 8234 8245 8124
1 5 8113 8234 8245 8124 8114 8235 8246 8125
1 5 8114 8235 8246 8125 8115 8236 8247 8126
1 5 8115 8236 8247 8126 8116 8237 8248 8127
1 5 8116 8237 8248 8127 8117 8238 8249 8128
1 5 8118 8239 8250 8129 8119 8240 8251 8130
1 5 8119 8240 8251 8130 8120 8241 8252 8131
1 5 8120 8241 8252 8131 8121 8242 8253 8132
1 5 8121 8242 8253 8132 8122 8243 8254 8133
1 5 8122 8243 8254 8133 8123 8244 8255 8134
1 5 8123 8244 8255 8134 8124 8245 8256 8135
1 5 8124 8245 8256 8135 8125 8246 8257 8136
1 5 8125 8246 8257 8136 8126 8247 8258 8137
1 5 8126 8247 8258 8137 8127 8248 8259 8138
1 5 8127 8248 8259 8138 8128 8249 8260 8139
1 5 8129 8250 8261 8140 8130 8251 8262 8141
1 5 8130 8251 8262 8141 8131 8252 8263 8142
1 5 8131 8252 8263 8142 8132 8253 8264 8143
1 5 8132 8253 8264 8143 8133 8254 8265 8144
1 5 8133 8254 8265 8144 8134 8255 8266 8145
1 5 8134 8255 8266 8145 8135 8256 8267 8146
1 5 8135 8256 8267 8146 8136 8257 8268 8147
1 5 8136 8257 8268 8147 8137 8258 8269 8148
1 5 8137 8258 8269 8148 8138 8259 8270 8149
1 5 8138 8259 8270 8149 8139 8260 8271 8150
1 5 8140 8261 8272 8151 8141 8262 8273 8152
1 5 8141 8262 8273 8152 8142 8263 8274 8153
1 5 8142 8263 8274 8153 8143 8264 8275 8154
1 5 8143 8264 8275 8154 8144 8265 8276 8155
1 5 8144 8265 8276 8155 8145 8266 8277 8156
1 5 8145 8266 8277 8156 8146 8267 8278 8157
1 5 8146 8267 8278 8157 8147 8268 8279 8158
1 5 8147 8268 8279 8158 8148 8269 8280 8159
1 5 8148 8269 8280 8159 8149 8270 8281 8160
1 5 8149 8270 8281 8160 8150 8271 8282 8161
1 5 8151 8272 8283 8162 8152 8273 8284 8163
1 5 8152 8273 8284 8163 8153 8274 8285 8164
1 5 8153 8274 8285 8164 8154 8275 8286 8165
1 5 8154 8275 8286 8165 8155 8276 8287 8166
1 5 8155 8276 8287 8166 8156 8277 8288 8167
1 5 8156 8277 8288 8167 8157 8278 8289 8168
1 5 8157 8278 8289 8168 8158 8279 8290 8169
1 5 8158 8279 8290 8169 8159 8280 8291 8170
1 5 8159 8280 8291 8170 8160 8281 8292 8171
1 5 8160 8281 8292 8171 8161 8282 8293 8172
1 5 8162 8283 8294 8173 8163 8284 8295 8174
1 5 8163 8284 8295 8174 8164 8285 8296 8175
1 5 8164 8285 8296 8175 8165 8286 8297 8176
1 5 8165 8286 8297 8176 8166 8287 8298 8177
1 5 8166 8287 8298 8177 8167 8288 8299 8178
1 5 8167 8288 8299 8178 8168 8289 8300 8179
1 5 8168 8289 8300 8179 8169 8290 8301 8180
1 5 8169 8290 8301 8180 8170 8291 8302 8181
1 5 8170 8291 8302 8181 8171 8292 8303 8182
1 5 8171 8292 8303 8182 8172 8293 8304 8183
1 5 8173 8294 8305 8184 8174 8295 8306 8185
1 5 8174 8295 8306 8185 8175 8296 8307 8186
1 5 8175 8296 8307 8186 8176 8297 8308 8187
1 5 8176 8297 8308 8187 8177 8298 8309 8188
1 5 8177 8298 8309 8188 8178 8299 8310 8189
1 5 8178 8299 8310 8189 8179 8300 8311 8190
1 5 8179 8300 8311 8190 8180 8301 8312 8191
1 5 8180 8301 8312 8191 8181 8302 8313 8192
1 5 8181 8302 8313 8192 8182 8303 8314 8193
1 5 8182 8303 8314 8193 8183 8304 8315 8194
1 5 8184 8305 8316 8195 8185 8306 8317 8196
1 5 8185 8306 8317 8196 8186 8307 8318 8197
1 5 8186 8307 8318 8197 8187 8308 8319 8198
1 5 8187 8308 8319 8198 8188 8309 8320 8199
1 5 8188 8309 8320 8199 8189 8310 8321 8200
1 5 8189 8310 8321 8200 8190 8311 8322 8201
1 5 8190 8311 8322 8201 8191 8312 8323 8202
1 5 8191 8312 8323 8202 8192 8313 8324 8203
1 5 8192 8313 8324 8203 8193 8314 8325 8204
1 5 8193 8314 8325 8204 8194 8315 8326 8205
1 5 8195 8316 8327 8206 8196 8317 8328 8207
1 5 8196 8317 8328 8207 8197 8318 8329 8208
1 5 8197 8318 8329 8208 8198 8319 8330 8209
1 5 8198 8319 8330 8209 8199 8320 8331 8210
1 5 8199 8320 8331 8210 8200 8321 8332 8211
1 5 8200 8321 8332 8211 8201 8322 8333 8212
1 5 8201 8322 8333 8212 8202 8323 8334 8213
1 5 8202 8323 8334 8213 8203 8324 8335 8214
1 5 8203 8324 8335 8214 8204 8325 8336 8215
1 5 8204 8325 8336 8215 8205 8326 8337 8216
1 5 8206 8327 8338 8217 8207 8328 8339 8218
1 5 8207 8328 8339 8218 8208 8329 8340 8219
1 5 8208 8329 8340 8219 8209 8330 8341 8220
1 5 8209 8330 8341 8220 8210 8331 8342 8221
1 5 8210 8331 8342 8221 8211 8332 8343 8222
1 5 8211 8332 8343 8222 8212 8333 8344 8223
1 5 8212 8333 8344 8223 8213 8334 8345 8224
1 5 8213 8334 8345 8224 8214 8335 8346 8225
1 5 8214 8335 8346 8225 8215 8336 8347 8226
1 5 8215 8336 8347 8226 8216 8337 8348 8227
1 5 8228 8349 8360 8239 8229 8350 8361 8240
1 5 8229 8350 8361 8240 8230 8351 8362 8241
1 5 8230 8351 8362 8241 8231 8352 8363 8242
1 5 8231 8352 8363 8242 8232 8353 8364 8243
1 5 8232 8353 8364 8243 8233 8354 8365 8244
1 5 8233 8354 8365 8244 8234 8355 8366 8245
1 5 8234 8355 8366 8245 8235 8356 8367 8246
1 5 8235 8356 8367 8246 8236 8357 8368 8247
1 5 8236 8357 8368 8247 8237 8358 8369 8248
1 5 8237 8358 8369 8248 8238 8359 8370 8249
1 5 8239 8360 8371 8250 8240 8361 8372 8251
1 5 8240 8361 8372 8251 8241 8362 8373 8252
1 5 8241 8362 8373 8252 8242 8363 8374 8253
1 5 8242 8363 8374 8253 8243 8364 8375 8254
1 5 8243 8364 8375 8254 8244 8365 8376 8255
1 5 8244 8365 8376 8255 8245 8366 8377 8256
1 5 8245 8366 8377 8256 8246 8367 8378 8257
1 5 8246 8367 8378 8257 8247 8368 8379 8258
1 5 8247 8368 8379 8258 8248 8369 8380 8259
1 5 8248 8369 8380 8259 8249 8370 8381 8260
1 5 8250 8371 8382 8261 8251 8372 8383 8262
1 5 8251 8372 8383 8262 8252 8373 8384 8263
1 5 8252 8373 8384 8263 8253 8374 8385 8264
1 5 8253 8374 8385 8264 8254 8375 8386 8265
1 5 8254 8375 8386 8265 8255 8376 8387 8266
1 5 8255 8376 8387 8266 8256 8377 8388 8267
1 5 8256 8377 8388 8267 8257 8378 8389 8268
1 5 8257 8378 8389 8268 8258 8379 8390 8269
1 5 8258 8379 8390 8269 8259 8380 8391 8270
1 5 8259 8380 8391 8270 8260 8381 8392 8271
1 5 8261 8382 8393 8272 8262 8383 8394 8273
1 5 8262 8383 8394 8273 8263 8384 8395 8274
1 5 8263 8384 8395 8274 8264 8385 8396 8275
1 5 8264 8385 8396 8275 8265 8386 8397 8276
1 5 8265 8386 8397 8276 8266 8387 8398 8277
1 5 8266 8387 8398 8277 8267 8388 8399 8278
1 5 8267 8388 8399 8278 8268 8389 8400 8279
1 5 8268 8389 8400 8279 8269 8390 8401 8280
1 5 8269 8390 8401 8280 8270 8391 8402 8281
1 5 8270 8391 8402 8281 8271 8392 8403 8282
1 5 8272 8393 8404 8283 8273 8394 8405 8284
1 5 8273 8394 8405 8284 8274 8395 8406 8285
1 5 8274 8395 8406 8285 8275 8396 8407 8286
1 5 8275 8396 8407 8286 8276 8397 8408 8287
1 5 8276 8397 8408 8287 8277 8398 8409 8288
1 5 8277 8398 8409 8288 8278 8399 8410 8289
1 5 8278 8399 8410 8289 8279 8400 8411 8290
1 5 8279 8400 8411 8290 8280 8401 8412 8291
1 5 8280 8401 8412 8291 8281 8402 8413 8292
1 5 8281 8402 8413 8292 8282 8403 8414 8293
1 5 8283 8404 8415 8294 8284 8405 8416 8295
1 5 8284 8405 8416 8295 8285 8406 8417 8296
1 5 8285 8406 8417 8296 8286 8407 8418 8297
1 5 8286 8407 8418 8297 8287 8408 8419 8298
1 5 8287 8408 8419 8298 8288 8409 8420 8299
1 5 8288 8409 8420 8299 8289 8410 8421 8300
1 5 8289 8410 8421 8300 8290 8411 8422 8301
1 5 8290 8411 8422 8301 8291 8412 8423 8302
1 5 8291 8412 8423 8302 8292 8413 8424 8303
1 5 8292 8413 8424 8303 8293 8414 8425 8304
1 5 8294 8415 8426 8305 8295 8416 8427 8306
1 5 8295 8416 8427 8306 8296 8417 8428 8307
1 5 8296 8417 8428 8307 8297 8418 8429 8308
1 5 8297 8418 8429 8308 8298 8419 8430 8309
1 5 8298 8419 8430 8309 8299 8420 8431 8310
1 5 8299 8420 8431 8310 8300 8421 8432 8311
1 5 8300 8421 8432 8311 8301 8422 8433 8312
1 5 8301 8422 8433 8312 8302 8423 8434 8313
1 5 8302 8423 8434 8313 8303 8424 8435 8314
1 5 8303 8424 8435 8314 8304 8425 8436 8315
1 5 8305 8426 8437 8316 8306 8427 8438 8317
1 5 8306 8427 8438 8317 8307 8428 8439 8318
1 5 8307 8428 8439 8318 8308 8429 8440 8319
1 5 8308 8429 8440 8319 8309 8430 8441 8320
1 5 8309 8430 8441 8320 8310 8431 8442 8321
1 5 8310 8431 8442 8321 8311 8432 8443 8322
1 5 8311 8432 8443 8322 8312 8433 8444 8323
1 5 8312 8433 8444 8323 8313 8434 8445 8324
1 5 8313 8434 8445 8324 8314 8435 8446 8325
1 5 8314 8435 8446 8325 8315 8436 8447 8326
1 5 8316 8437 8448 8327 8317 8438 8449 8328
1 5 8317 8438 8449 8328 8318 8439 8450 8329
1 5 8318 8439 8450 8329 8319 8440 8451 8330
1 5 8319 8440 8451 8330 8320 8441 8452 8331
1 5 8320 8441 8452 8331 8321 8442 8453 8332
1 5 8321 8442 8453 8332 8322 8443 8454 8333
1 5 8322 8443 8454 8333 8323 8444 8455 8334
1 5 8323 8444 8455 8334 8324 8445 8456 8335
1 5 8324 8445 8456 8335 8325 8446 8457 8336
1 5 8325 8446 8457 8336 8326 8447 8458 8337
1 5 8327 8448 8459 8338 8328 8449 8460 8339
1 5 8328 8449 8460 8339 8329 8450 8461 8340
1 5 8329 8450 8461 8340 8330 8451 8462 8341
1 5 8330 8451 8462 8341 8331 8452 8463 8342
1 5 8331 8452 8463 8342 8332 8453 8464 8343
1 5 8332 8453 8464 8343 8333 8454 8465 8344
1 5 8333 8454 8465 8344 8334 8455 8466 8345
1 5 8334 8455 8466 8345 8335 8456 8467 8346
1 5 8335 8456 8467 8346 8336 8457 8468 8347
1 5 8336 8457 8468 8347 8337 8458 8469 8348
1 5 8349 8470 8481 8360 8350 8471 8482 8361
1 5 8350 8471 8482 8361 8351 8472 8483 8362
1 5 8351 8472 8483 8362 8352 8473 8484 8363
1 5 8352 8473 8484 8363 8353 8474 8485 8364
1 5 8353 8474 8485 8364 8354 8475 8486 8365
1 5 8354 8475 8486 8365 8355 8476 8487 8366
1 5 8355 8476 8487 8366 8356 8477 8488 8367
1 5 8356 8477 8488 8367 8357 8478 8489 8368
1 5 8357 8478 8489 8368 8358 8479 8490 8369
1 5 8358 8479 8490 8369 8359 8480 8491 8370
1 5 8360 8481 8492 8371 8361 8482 8493 8372
1 5 8361 8482 8493 8372 8362 8483 8494 8373
1 5 8362 8483 8494 8373 8363 8484 8495 8374
1 5 8363 8484 8495 8374 8364 8485 8496 8375
1 5 8364 8485 8496 8375 8365 8486 8497 8376
1 5 8365 8486 8497 8376 8366 8487 8498 8377
1 5 8366 8487 8498 8377 8367 8488 8499 8378
1 5 8367 8488 8499 8378 8368 8489 8500 8379
1 5 8368 8489 8500 8379 8369 8490 8501 8380
1 5 8369 8490 8501 8380 8370 8491 8502 8381
1 5 8371 8492 8503 8382 8372 8493 8504 8383
1 5 8372 8493 8504 8383 8373 8494 8505 8384
1 5 8373 8494 8505 8384 8374 8495 8506 8385
1 5 8374 8495 8506 8385 8375 8496 8507 8386
1 5 8375 8496 8507 8386 8376 8497 8508 8387
1 5 8376 8497 8508 8387 8377 8498 8509 8388
1 5 8377 8498 8509 8388 8378 8499 8510 8389
1 5 8378 8499 8510 8389 8379 8500 8511 8390
1 5 8379 8500 8511 8390 8380 8501 8512 8391
1 5 8380 8501 8512 8391 8381 8502 8513 8392
1 5 8382 8503 8514 8393 8383 8504 8515 8394
1 5 8383 8504 8515 8394 8384 8505 8516 8395
1 5 8384 8505 8516 8395 8385 8506 8517 8396
1 5 8385 8506 8517 8396 8386 8507 8518 8397
1 5 8386 8507 8518 8397 8387 8508 8519 8398
1 5 8387 8508 8519 8398 8388 8509 8520 8399
1 5 8388 8509 8520 8399 8389 8510 8521 8400
1 5 8389 8510 8521 8400 8390 8511 8522 8401
1 5 8390 8511 8522 8401 8391 8512 8523 8402
1 5 8391 8512 8523 8402 8392 8513 8524 8403
1 5 8393 8514 8525 8404 8394 8515 8526 8405
1 5 8394 8515 8526 8405 8395 8516 8527 8406
1 5 8395 8516 8527 8406 8396 8517 8528 8407
1 5 8396 8517 8528 8407 8397 8518 8529 8408
1 5 8397 8518 8529 8408 8398 8519 8530 8409
1 5 8398 8519 8530 8409 8399 8520 8531 8410
1 5 8399 8520 8531 8410 8400 8521 8532 8411
1 5 8400 8521 8532 8411 8401 8522 8533 8412
1 5 8401 8522 8533 8412 8402 8523 8534 8413
1 5 8402 8523 8534 8413 8403 8524 8535 8414
1 5 8404 8525 8536 8415 8405 8526 8537 8416
1 5 8405 8526 8537 8416 8406 8527 8538 8417
1 5 8406 8527 8538 8417 8407 8528 8539 8418
1 5 8407 8528 8539 8418 8408 8529 8540 8419
1 5 8408 8529 8540 8419 8409 8530 8541 8420
1 5 8409 8530 8541 8420 8410 8531 8542 8421
1 5 8410 8531 8542 8421 8411 8532 8543 8422
1 5 8411 8532 8543 8422 8412 8533 8544 8423
1 5 8412 8533 8544 8423 8413 8534 8545 8424
1 5 8413 8534 8545 8424 8414 8535 8546 8425
1 5 8415 8536 8547 8426 8416 8537 8548 8427
1 5 8416 8537 8548 8427 8417 8538 8549 8428
1 5 8417 8538 8549 8428 8418 8539 8550 8429
1 5 8418 8539 8550 8429 8419 8540 8551 8430
1 5 8419 8540 8551 8430 8420 8541 8552 8431
1 5 8420 8541 8552 8431 8421 8542 8553 8432
1 5 8421 8542 8553 8432 8422 8543 8554 8433
1 5 8422 8543 8554 8433 8423 8544 8555 8434
1 5 8423 8544 8555 8434 8424 8545 8556 8435
1 5 8424 8545 8556 8435 8425 8546 8557 8436
1 5 8426 8547 8558 8437 8427 8548 8559 8438
1 5 8427 8548 8559 8438 8428 8549 8560 8439
1 5 8428 8549 8560 8439 8429 8550 8561 8440
1 5 8429 8550 8561 8440 8430 8551 8562 8441
1 5 8430 8551 8562 8441 8431 8552 8563 8442
1 5 8431 8552 8563 8442 8432 8553 8564 8443
1 5 8432 8553 8564 8443 8433 8554 8565 8444
1 5 8433 8554 8565 8444 8434 8555 8566 8445
1 5 8434 8555 8566 8445 8435 8556 8567 8446
1 5 8435 8556 8567 8446 8436 8557 8568 8447
1 5 8437 8558 8569 8448 8438 8559 8570 8449
1 5 8438 8559 8570 8449 8439 8560 8571 8450
1 5 8439 8560 8571 8450 8440 8561 8572 8451
1 5 8440 8561 8572 8451 8441 8562 8573 8452
1 5 8441 8562 8573 8452 8442 8563 8574 8453
1 5 8442 8563 8574 8453 8443 8564 8575 8454
1 5 8443 8564 8575 8454 8444 8565 8576 8455
1 5 8444 8565 8576 8455 8445 8566 8577 8456
1 5 8445 8566 8577 8456 8446 8567 8578 8457
1 5 8446 8567 8578 8457 8447 8568 8579 8458
1 5 8448 8569 8580 8459 8449 8570 8581 8460
1 5 8449 8570 8581 8460 8450 8571 8582 8461
1 5 8450 8571 8582 8461 8451 8572 8583 8462
1 5 8451 8572 8583 8462 8452 8573 8584 8463
1 5 8452 8573 8584 8463 8453 8574 8585 8464
1 5 8453 8574 8585 8464 8454 8575 8586 8465
1 5 8454 8575 8586 8465 8455 8576 8587 8466
1 5 8455 8576 8587 8466 8456 8577 8588 8467
1 5 8456 8577 8588 8467 8457 8578 8589 8468
1 5 8457 8578 8589 8468 8458 8579 8590 8469
1 5 8470 8591 8602 8481 8471 8592 8603 8482
1 5 8471 8592 8603 8482 8472 8593 8604 8483
1 5 8472 8593 8604 8483 8473 8594 8605 8484
1 5 8473 8594 8605 8484 8474 8595 8606 8485
1 5 8474 8595 8606 8485 8475 8596 8607 8486
1 5 8475 8596 8607 8486 8476 8597 8608 8487
1 5 8476 8597 8608 8487 8477 8598 8609 8488
1 5 8477 8598 8609 8488 8478 8599 8610 8489
1 5 8478 8599 8610 8489 8479 8600 8611 8490
1 5 8479 8600 8611 8490 8480 8601 8612 8491
1 5 8481 8602 8613 8492 8482 8603 8614 8493
1 5 8482 8603 8614 8493 8483 8604 8615 8494
1 5 8483 8604 8615 8494 8484 8605 8616 8495
1 5 8484 8605 8616 8495 8485 8606 8617 8496
1 5 8485 8606 8617 8496 8486 8607 8618 8497
1 5 8486 8607 8618 8497 8487 8608 8619 8498
1 5 8487 8608 8619 8498 8488 8609 8620 8499
1 5 8488 8609 8620 8499 8489 8610 8621 8500
1 5 8489 8610 8621 8500 8490 8611 8622 8501
1 5 8490 8611 8622 8501 8491 8612 8623 8502
1 5 8492 8613 8624 8503 8493 8614 8625 8504
1 5 8493 8614 8625 8504 8494 8615 8626 8505
1 5 8494 8615 8626 8505 8495 8616 8627 8506
1 5 8495 8616 8627 8506 8496 8617 8628 8507
1 5 8496 8617 8628 8507 8497 8618 8629 8508
1 5 8497 8618 8629 8508 8498 8619 8630 8509
1 5 8498 8619 8630 8509 8499 8620 8631 8510
1 5 8499 8620 8631 8510 8500 8621 8632 8511
1 5 8500 8621 8632 8511 8501 8622 8633 8512
1 5 8501 8622 8633 8512 8502 8623 8634 8513
1 5 8503 8624 8635 8514 8504 8625 8636 8515
1 5 8504 8625 8636 8515 8505 8626 8637 8516
1 5 8505 8626 8637 8516 8506 8627 8638 8517
1 5 8506 8627 8638 8517 8507 8628 8639 8518
1 5 8507 8628 8639 8518 8508 8629 8640 8519
1 5 8508 8629 8640 8519 8509 8630 8641 8520
1 5 8509 8630 8641 8520 8510 8631 8642 8521
1 5 8510 8631 8642 8521 8511 8632 8643 8522
1 5 8511 8632 8643 8522 8512 8633 8644 8523
1 5 8512 8633 8644 8523 8513 8634 8645 8524
1 5 8514 8635 8646 8525 8515 8636 8647 8526
1 5 8515 8636 8647 8526 8516 8637 8648 8527
1 5 8516 8637 8648 8527 8517 8638 8649 8528
1 5 8517 8638 8649 8528 8518 8639 8650 8529
1 5 8518 8639 8650 8529 8519 8640 8651 8530
1 5 8519 8640 8651 8530 8520 8641 8652 8531
1 5 8520 8641 8652 8531 8521 8642 8653 8532
1 5 8521 8642 8653 8532 8522 8643 8654 8533
1 5 8522 8643 8654 8533 8523 8644 8655 8534
1 5 8523 8644 8655 8534 8524 8645 8656 8535
1 5 8525 8646 8657 8536 8526 8647 8658 8537
1 5 8526 8647 8658 8537 8527 8648 8659 8538
1 5 8527 8648 8659 8538 8528 8649 8660 8539
1 5 8528 8649 8660 8539 8529 8650 8661 8540
1 5 8529 8650 8661 8540 8530 8651 8662 8541
1 5 8530 8651 8662 8541 8531 8652 8663 8542
1 5 8531 8652 8663 8542 8532 8653 8664 8543
1 5 8532 8653 8664 8543 8533 8654 8665 8544
1 5 8533 8654 8665 8544 8534 8655 8666 8545
1 5 8534 8655 8666 8545 8535 8656 8667 8546
1 5 8536 8657 8668 8547 8537 8658 8669 8548
1 5 8537 8658 8669 8548 8538 8659 8670 8549
1 5 8538 8659 8670 8549 8539 8660 8671 8550
1 5 8539 8660 8671 8550 8540 8661 8672 8551
1 5 8540 8661 8672 8551 8541 8662 8673 8552
1 5 8541 8662 8673 8552 8542 8663 8674 8553
1 5 8542 8663 8674 8553 8543 8664 8675 8554
1 5 8543 8664 8675 8554 8544 8665 8676 8555
1 5 8544 8665 8676 8555 8545 8666 8677 8556
1 5 8545 8666 8677 8556 8546 8667 8678 8557
1 5 8547 8668 8679 8558 8548 8669 8680 8559
1 5 8548 8669 8680 8559 8549 8670 8681 8560
1 5 8549 8670 8681 8560 8550 8671 8682 8561
1 5 8550 8671 8682 8561 8551 8672 8683 8562
1 5 8551 8672 8683 8562 8552 8673 8684 8563
1 5 8552 8673 8684 8563 8553 8674 8685 8564
1 5 8553 8674 8685 8564 8554 8675 8686 8565
1 5 8554 8675 8686 8565 8555 8676 8687 8566
1 5 8555 8676 8687 8566 8556 8677 8688 8567
1 5 8556 8677 8688 8567 8557 8678 8689 8568
1 5 8558 8679 8690 8569 8559 8680 8691 8570
1 5 8559 8680 8691 8570 8560 8681 8692 8571
1 5 8560 8681 8692 8571 8561 8682 8693 8572
1 5 8561 8682 8693 8572 8562 8683 8694 8573
1 5 8562 8683 8694 8573 8563 8684 8695 8574
1 5 8563 8684 8695 8574 8564 8685 8696 8575
1 5 8564 8685 8696 8575 8565 8686 8697 8576
1 5 8565 8686 8697 8576 8566 8687 8698 8577
1 5 8566 8687 8698 8577 8567 8688 8699 8578
1 5 8567 8688 8699 8578 8568 8689 8700 8579
1 5 8569 8690 8701 8580 8570 8691 8702 8581
1 5 8570 8691 8702 8581 8571 8692 8703 8582
1 5 8571 8692 8703 8582 8572 8693 8704 8583
1 5 8572 8693 8704 8583 8573 8694 8705 8584
1 5 8573 8694 8705 8584 8574 8695 8706 8585
1 5 8574 8695 8706 8585 8575 8696 8707 8586
1 5 8575 8696 8707 8586 8576 8697 8708 8587
1 5 8576 8697 8708 8587 8577 8698 8709 8588
1 5 8577 8698 8709 8588 8578 8699 8710 8589
1 5 8578 8699 8710 8589 8579 8700 8711 8590
1 5 8591 8712 8723 8602 8592 8713 8724 8603
1 5 8592 8713 8724 8603 8593 8714 8725 8604
1 5 8593 8714 8725 8604 8594 8715 8726 8605
1 5 8594 8715 8726 8605 8595 8716 8727 8606
1 5 8595 8716 8727 8606 8596 8717 8728 8607
1 5 8596 8717 8728 8607 8597 8718 8729 8608
1 5 8597 8718 8729 8608 8598 8719 8730 8609
1 5 8598 8719 8730 8609 8599 8720 8731 8610
1 5 8599 8720 8731 8610 8600 8721 8732 8611
1 5 8600 8721 8732 8611 8601 8722 8733 8612
1 5 8602 8723 8734 8613 8603 8724 8735 8614
1 5 8603 8724 8735 8614 8604 8725 8736 8615
1 5 8604 8725 8736 8615 8605 8726 8737 8616
1 5 8605 8726 8737 8616 8606 8727 8738 8617
1 5 8606 8727 8738 8617 8607 8728 8739 8618
1 5 8607 8728 8739 8618 8608 8729 8740 8619
1 5 8608 8729 8740 8619 8609 8730 8741 8620
1 5 8609 8730 8741 8620 8610 8731 8742 8621
1 5 8610 8731 8742 8621 8611 8732 8743 8622
1 5 8611 8732 8743 8622 8612 8733 8744 8623
1 5 8613 8734 8745 8624 8614 8735 8746 8625
1 5 8614 8735 8746 8625 8615 8736 8747 8626
1 5 8615 8736 8747 8626 8616 8737 8748 8627
1 5 8616 8737 8748 8627 8617 8738 8749 8628
1 5 8617 8738 8749 8628 8618 8739 8750 8629
1 5 8618 8739 8750 8629 8619 8740 8751 8630
1 5 8619 8740 8751 8630 8620 8741 8752 8631
1 5 8620 8741 8752 8631 8621 8742 8753 8632
1 5 8621 8742 8753 8632 8622 8743 8754 8633
1 5 8622 8743 8754 8633 8623 8744 8755 8634
1 5 8624 8745 8756 8635 8625 8746 8757 8636
1 5 8625 8746 8757 8636 8626 8747 8758 8637
1 5 8626 8747 8758 8637 8627 8748 8759 8638
1 5 8627 8748 8759 8638 8628 8749 8760 8639
1 5 8628 8749 8760 8639 8629 8750 8761 8640
1 5 8629 8750 8761 8640 8630 8751 8762 8641
1 5 8630 8751 8762 8641 8631 8752 8763 8642
1 5 8631 8752 8763 8642 8632 8753 8764 8643
1 5 8632 8753 8764 8643 8633 8754 8765 8644
1 5 8633 8754 8765 8644 8634 8755 8766 8645
1 5 8635 8756 8767 8646 8636 8757 8768 8647
1 5 8636 8757 8768 8647 8637 8758 8769 8648
1 5 8637 8758 8769 8648 8638 8759 8770 8649
1 5 8638 8759 8770 8649 8639 8760 8771 8650
1 5 8639 8760 8771 8650 8640 8761 8772 8651
1 5 8640 8761 8772 8651 8641 8762 8773 8652
1 5 8641 8762 8773 8652 8642 8763 8774 8653
1 5 8642 8763 8774 8653 8643 8764 8775 8654
1 5 8643 8764 8775 8654 8644 8765 8776 8655
1 5 8644 8765 8776 8655 8645 8766 8777 8656
1 5 8646 8767 8778 8657 8647 8768 8779 8658
1 5 8647 8768 8779 8658 8648 8769 8780 8659
1 5 8648 8769 8780 8659 8649 8770 8781 8660
1 5 8649 8770 8781 8660 8650 8771 8782 8661
1 5 8650 8771 8782 8661 8651 8772 8783 8662
1 5 8651 8772 8783 8662 8652 8773 8784 8663
1 5 8652 8773 8784 8663 8653 8774 8785 8664
1 5 8653 8774 8785 8664 8654 8775 8786 8665
1 5 8654 8775 8786 8665 8655 8776 8787 8666
1 5 8655 8776 8787 8666 8656 8777 8788 8667
1 5 8657 8778 8789 8668 8658 8779 8790 8669
1 5 8658 8779 8790 8669 8659 8780 8791 8670
1 5 8659 8780 8791 8670 8660 8781 8792 8671
1 5 8660 8781 8792 8671 8661 8782 8793 8672
1 5 8661 8782 8793 8672 8662 8783 8794 8673
1 5 8662 8783 8794 8673 8663 8784 8795 8674
1 5 8663 8784 8795 8674 8664 8785 8796 8675
1 5 8664 8785 8796 8675 8665 8786 8797 8676
1 5 8665 8786 8797 8676 8666 8787 8798 8677
1 5 8666 8787 8798 8677 8667 8788 8799 8678
1 5 8668 8789 8800 8679 8669 8790 8801 8680
1 5 8669 8790 8801 8680 8670 8791 8802 8681
1 5 8670 8791 8802 8681 8671 8792 8803 8682
1 5 8671 8792 8803 8682 8672 8793 8804 8683
1 5 8672 8793 8804 8683 8673 8794 8805 8684
1 5 8673 8794 8805 8684 8674 8795 8806 8685
1 5 8674 8795 8806 8685 8675 8796 8807 8686
1 5 8675 8796 8807 8686 8676 8797 8808 8687
1 5 8676 8797 8808 8687 8677 8798 8809 8688
1 5 8677 8798 8809 8688 8678 8799 8810 8689
1 5 8679 8800 8811 8690 8680 8801 8812 8691
1 5 8680 8801 8812 8691 8681 8802 8813 8692
1 5 8681 8802 8813 8692 8682 8803 8814 8693
1 5 8682 8803 8814 8693 8683 8804 8815 8694
1 5 8683 8804 8815 8694 8684 8805 8816 8695
1 5 8684 8805 8816 8695 8685 8806 8817 8696
1 5 8685 8806 8817 8696 8686 8807 8818 8697
1 5 8686 8807 8818 8697 8687 8808 8819 8698
1 5 8687 8808 8819 8698 8688 8809 8820 8699
1 5 8688 8809 8820 8699 8689 8810 8821 8700
1 5 8690 8811 8822 8701 8691 8812 8823 8702
1 5 8691 8812 8823 8702 8692 8813 8824 8703
1 5 8692 8813 8824 8703 8693 8814 8825 8704
1 5 8693 8814 8825 8704 8694 8815 8826 8705
1 5 8694 8815 8826 8705 8695 8816 8827 8706
1 5 8695 8816 8827 8706 8696 8817 8828 8707
1 5 8696 8817 8828 8707 8697 8818 8829 8708
1 5 8697 8818 8829 8708 8698 8819 8830 8709
1 5 8698 8819 8830 8709 8699 8820 8831 8710
1 5 8699 8820 8831 8710 8700 8821 8832 8711
1 5 8712 8833 8844 8723 8713 8834 8845 8724
1 5 8713 8834 8845 8724 8714 8835 8846 8725
1 5 8714 8835 8846 8725 8715 8836 8847 8726
1 5 8715 8836 8847 8726 8716 8837 8848 8727
1 5 8716 8837 8848 8727 8717 8838 8849 8728
1 5 8717 8838 8849 8728 8718 8839 8850 8729
1 5 8718 8839 8850 8729 8719 8840 8851 8730
1 5 8719 8840 8851 8730 8720 8841 8852 8731
1 5 8720 8841 8852 8731 8721 8842 8853 8732
1 5 8721 8842 8853 8732 8722 8843 8854 8733
1 5 8723 8844 8855 8734 8724 8845 8856 8735
1 5 8724 8845 8856 8735 8725 8846 8857 8736
1 5 8725 8846 8857 8736 8726 8847 8858 8737
1 5 8726 8847 8858 8737 8727 8848 8859 8738
1 5 8727 8848 8859 8738 8728 8849 8860 8739
1 5 8728 8849 8860 8739 8729 8850 8861 8740
1 5 8729 8850 8861 8740 8730 8851 8862 8741
1 5 8730 8851 8862 8741 8731 8852 8863 8742
1 5 8731 8852 8863 8742 8732 8853 8864 8743
1 5 8732 8853 8864 8743 8733 8854 8865 8744
1 5 8734 8855 8866 8745 8735 8856 8867 8746
1 5 8735 8856 8867 8746 8736 8857 8868 8747
1 5 8736 8857 8868 8747 8737 8858 8869 8748
1 5 8737 8858 8869 8748 8738 8859 8870 8749
1 5 8738 8859 8870 8749 8739 8860 8871 8750
1 5 8739 8860 8871 8750 8740 8861 8872 8751
1 5 8740 8861 8872 8751 8741 8862 8873 8752
1 5 8741 8862 8873 8752 8742 8863 8874 8753
1 5 8742 8863 8874 8753 8743 8864 8875 8754
1 5 8743 8864 8875 8754 8744 8865 8876 8755
1 5 8745 8866 8877 8756 8746 8867 8878 8757
1 5 8746 8867 8878 8757 8747 8868 8879 8758
1 5 8747 8868 8879 8758 8748 8869 8880 8759
1 5 8748 8869 8880 8759 8749 8870 8881 8760
1 5 8749 8870 8881 8760 8750 8871 8882 8761
1 5 8750 8871 8882 8761 8751 8872 8883 8762
1 5 8751 8872 8883 8762 8752 8873 8884 8763
1 5 8752 8873 8884 8763 8753 8874 8885 8764
1 5 8753 8874 8885 8764 8754 8875 8886 8765
1 5 8754 8875 8886 8765 8755 8876 8887 8766
1 5 8756 8877 8888 8767 8757 8878 8889 8768
1 5 8757 8878 8889 8768 8758 8879 8890 8769
1 5 8758 8879 8890 8769 8759 8880 8891 8770
1 5 8759 8880 8891 8770 8760 8881 8892 8771
1 5 8760 8881 8892 8771 8761 8882 8893 8772
1 5 8761 8882 8893 8772 8762 8883 8894 8773
1 5 8762 8883 8894 8773 8763 8884 8895 8774
1 5 8763 8884 8895 8774 8764 8885 8896 8775
1 5 8764 8885 8896 8775 8765 8886 8897 8776
1 5 8765 8886 8897 8776 8766 8887 8898 8777
1 5 8767 8888 8899 8778 8768 8889 8900 8779
1 5 8768 8889 8900 8779 8769 8890 8901 8780
1 5 8769 8890 8901 8780 8770 8891 8902 8781
1 5 8770 8891 8902 8781 8771 8892 8903 8782
1 5 8771 8892 8903 8782 8772 8893 8904 8783
1 5 8772 8893 8904 8783 8773 8894 8905 8784
1 5 8773 8894 8905 8784 8774 8895 8906 8785
1 5 8774 8895 8906 8785 8775 8896 8907 8786
1 5 8775 8896 8907 8786 8776 8897 8908 8787
1 5 8776 8897 8908 8787 8777 8898 8909 8788
1 5 8778 8899 8910 8789 8779 8900 8911 8790
1 5 8779 8900 8911 8790 8780 8901 8912 8791
1 5 8780 8901 8912 8791 8781 8902 8913 8792
1 5 8781 8902 8913 8792 8782 8903 8914 8793
1 5 8782 8903 8914 8793 8783 8904 8915 8794
1 5 8783 8904 8915 8794 8784 8905 8916 8795
1 5 8784 8905 8916 8795 8785 8906 8917 8796
1 5 8785 8906 8917 8796 8786 8907 8918 8797
1 5 8786 8907 8918 8797 8787 8908 8919 8798
1 5 8787 8908 8919 8798 8788 8909 8920 8799
1 5 8789 8910 8921 8800 8790 8911 8922 8801
1 5 8790 8911 8922 8801 8791 8912 8923 8802
1 5 8791 8912 8923 8802 8792 8913 8924 8803
1 5 8792 8913 8924 8803 8793 8914 8925 8804
1 5 8793 8914 8925 8804 8794 8915 8926 8805
1 5 8794 8915 8926 8805 8795 8916 8927 8806
1 5 8795 8916 8927 8806 8796 8917 8928 8807
1 5 8796 8917 8928 8807 8797 8918 8929 8808
1 5 8797 8918 8929 8808 8798 8919 8930 8809
1 5 8798 8919 8930 8809 8799 8920 8931 8810
1 5 8800 8921 8932 8811 8801 8922 8933 8812
1 5 8801 8922 8933 8812 8802 8923 8934 8813
1 5 8802 8923 8934 8813 8803 8924 8935 8814
1 5 8803 8924 8935 8814 8804 8925 8936 8815
1 5 8804 8925 8936 8815 8805 8926 8937 8816
1 5 8805 8926 8937 8816 8806 8927 8938 8817
1 5 8806 8927 8938 8817 8807 8928 8939 8818
1 5 8807 8928 8939 8818 8808 8929 8940 8819
1 5 8808 8929 8940 8819 8809 8930 8941 8820
1 5 8809 8930 8941 8820 8810 8931 8942 8821
1 5 8811 8932 8943 8822 8812 8933 8944 8823
1 5 8812 8933 8944 8823 8813 8934 8945 8824
1 5 8813 8934 8945 8824 8814 8935 8946 8825
1 5 8814 8935 8946 8825 8815 8936 8947 8826
1 5 8815 8936 8947 8826 8816 8937 8948 8827
1 5 8816 8937 8948 8827 8817 8938 8949 8828
1 5 8817 8938 8949 8828 8818 8939 8950 8829
1 5 8818 8939 8950 8829 8819 8940 8951 8830
1 5 8819 8940 8951 8830 8820 8941 8952 8831
1 5 8820 8941 8952 8831 8821 8942 8953 8832
1 5 8833 8954 8965 8844 8834 8955 8966 8845
1 5 8834 8955 8966 8845 8835 8956 8967 8846
1 5 8835 8956 8967 8846 8836 8957 8968 8847
1 5 8836 8957 8968 8847 8837 8958 8969 8848
1 5 8837 8958 8969 8848 8838 8959 8970 8849
1 5 8838 8959 8970 8849 8839 8960 8971 8850
1 5 8839 8960 8971 8850 8840 8961 8972 8851
1 5 8840 8961 8972 8851 8841 8962 8973 8852
1 5 8841 8962 8973 8852 8842 8963 8974 8853
1 5 8842 8963 8974 8853 8843 8964 8975 8854
1 5 8844 8965 8976 8855 8845 8966 8977 8856
1 5 8845 8966 8977 8856 8846 8967 8978 8857
1 5 8846 8967 8978 8857 8847 8968 8979 8858
1 5 8847 8968 8979 8858 8848 8969 8980 8859
1 5 8848 8969 8980 8859 8849 8970 8981 8860
1 5 8849 8970 8981 8860 8850 8971 8982 8861
1 5 8850 8971 8982 8861 8851 8972 8983 8862
1 5 8851 8972 8983 8862 8852 8973 8984 8863
1 5 8852 8973 8984 8863 8853 8974 8985 8864
1 5 8853 8974 8985 8864 8854 8975 8986 8865
1 5 8855 8976 8987 8866 8856 8977 8988 8867
1 5 8856 8977 8988 8867 8857 8978 8989 8868
1 5 8857 8978 8989 8868 8858 8979 8990 8869
1 5 8858 8979 8990 8869 8859 8980 8991 8870
1 5 8859 8980 8991 8870 8860 8981 8992 8871
1 5 8860 8981 8992 8871 8861 8982 8993 8872
1 5 8861 8982 8993 8872 8862 8983 8994 8873
1 5 8862 8983 8994 8873 8863 8984 8995 8874
1 5 8863 8984 8995 8874 8864 8985 8996 8875
1 5 8864 8985 8996 8875 8865 8986 8997 8876
1 5 8866 8987 8998 8877 8867 8988 8999 8878
1 5 8867 8988 8999 8878 8868 8989 9000 8879
1 5 8868 8989 9000 8879 8869 8990 9001 8880
1 5 8869 8990 9001 8880 8870 8991 9002 8881
1 5 8870 8991 9002 8881 8871 8992 9003 8882
1 5 8871 8992 9003 8882 8872 8993 9004 8883
1 5 8872 8993 9004 8883 8873 8994 9005 8884
1 5 8873 8994 9005 8884 8874 8995 9006 8885
1 5 8874 8995 9006 8885 8875 8996 9007 8886
1 5 8875 8996 9007 8886 8876 8997 9008 8887
1 5 8877 8998 9009 8888 8878 8999 9010 8889
1 5 8878 8999 9010 8889 8879 9000 9011 8890
1 5 8879 9000 9011 8890 8880 9001 9012 8891
1 5 8880 9001 9012 8891 8881 9002 9013 8892
1 5 8881 9002 9013 8892 8882 9003 9014 8893
1 5 8882 9003 9014 8893 8883 9004 9015 8894
1 5 8883 9004 9015 8894 8884 9005 9016 8895
1 5 8884 9005 9016 8895 8885 9006 9017 8896
1 5 8885 9006 9017 8896 8886 9007 9018 8897
1 5 8886 9007 9018 8897 8887 9008 9019 8898
1 5 8888 9009 9020 8899 8889 9010 9021 8900
1 5 8889 9010 9021 8900 8890 9011 9022 8901
1 5 8890 9011 9022 8901 8891 9012 9023 8902
1 5 8891 9012 9023 8902 8892 9013 9024 8903
1 5 8892 9013 9024 8903 8893 9014 9025 8904
1 5 8893 9014 9025 8904 8894 9015 9026 8905
1 5 8894 9015 9026 8905 8895 9016 9027 8906
1 5 8895 9016 9027 8906 8896 9017 9028 8907
1 5 8896 9017 9028 8907 8897 9018 9029 8908
1 5 8897 9018 9029 8908 8898 9019 9030 8909
1 5 8899 9020 9031 8910 8900 9021 9032 8911
1 5 8900 9021 9032 8911 8901 9022 9033 8912
1 5 8901 9022 9033 8912 8902 9023 9034 8913
1 5 8902 9023 9034 8913 8903 9024 9035 8914
1 5 8903 9024 9035 8914 8904 9025 9036 8915
1 5 8904 9025 9036 8915 8905 9026 9037 8916
1 5 8905 9026 9037 8916 8906 9027 9038 8917
1 5 8906 9027 9038 8917 8907 9028 9039 8918
1 5 8907 9028 9039 8918 8908 9029 9040 8919
1 5 8908 9029 9040 8919 8909 9030 9041 8920
1 5 8910 9031 9042 8921 8911 9032 9043 8922
1 5 8911 9032 9043 8922 8912 9033 9044 8923
1 5 8912 9033 9044 8923 8913 9034 9045 8924
1 5 8913 9034 9045 8924 8914 9035 9046 8925
1 5 8914 9035 9046 8925 8915 9036 9047 8926
1 5 8915 9036 9047 8926 8916 9037 9048 8927
1 5 8916 9037 9048 8927 8917 9038 9049 8928
1 5 8917 9038 9049 8928 8918 9039 9050 8929
1 5 8918 9039 9050 8929 8919 9040 9051 8930
1 5 8919 9040 9051 8930 8920 9041 9052 8931
1 5 8921 9042 9053 8932 8922 9043 9054 8933
1 5 8922 9043 9054 8933 8923 9044 9055 8934
1 5 8923 9044 9055 8934 8924 9045 9056 8935
1 5 8924 9045 9056 8935 8925 9046 9057 8936
1 5 8925 9046 9057 8936 8926 9047 9058 8937
1 5 8926 9047 9058 8937 8927 9048 9059 8938
1 5 8927 9048 9059 8938 8928 9049 9060 8939
1 5 8928 9049 9060 8939 8929 9050 9061 8940
1 5 8929 9050 9061 8940 8930 9051 9062 8941
1 5 8930 9051 9062 8941 8931 9052 9063 8942
1 5 8932 9053 9064 8943 8933 9054 9065 8944
1 5 8933 9054 9065 8944 8934 9055 9066 8945
1 5 8934 9055 9066 8945 8935 9056 9067 8946
1 5 8935 9056 9067 8946 8936 9057 9068 8947
1 5 8936 9057 9068 8947 8937 9058 9069 8948
1 5 8937 9058 9069 8948 8938 9059 9070 8949
1 5 8938 9059 9070 8949 8939 9060 9071 8950
1 5 8939 9060 9071 8950 8940 9061 9072 8951
1 5 8940 9061 9072 8951 8941 9062 9073 8952
1 5 8941 9062 9073 8952 8942 9063 9074 8953
1 5 8954 9075 9086 8965 8955 9076 9087 8966
1 5 8955 9076 9087 8966 8956 9077 9088 8967
1 5 8956 9077 9088 8967 8957 9078 9089 8968
1 5 8957 9078 9089 8968 8958 9079 9090 8969
1 5 8958 9079 9090 8969 8959 9080 9091 8970
1 5 8959 9080 9091 8970 8960 9081 9092 8971
1 5 8960 9081 9092 8971 8961 9082 9093 8972
1 5 8961 9082 9093 8972 8962 9083 9094 8973
1 5 8962 9083 9094 8973 8963 9084 9095 8974
1 5 8963 9084 9095 8974 8964 9085 9096 8975
1 5 8965 9086 9097 8976 8966 9087 9098 8977
1 5 8966 9087 9098 8977 8967 9088 9099 8978
1 5 8967 9088 9099 8978 8968 9089 9100 8979
1 5 8968 9089 9100 8979 8969 9090 9101 8980
1 5 8969 9090 9101 8980 8970 9091 9102 8981
1 5 8970 9091 9102 8981 8971 9092 9103 8982
1 5 8971 9092 9103 8982 8972 9093 9104 8983
1 5 8972 9093 9104 8983 8973 9094 9105 8984
1 5 8973 9094 9105 8984 8974 9095 9106 8985
1 5 8974 9095 9106 8985 8975 9096 9107 8986
1 5 8976 9097 9108 8987 8977 9098 9109 8988
1 5 8977 9098 9109 8988 8978 9099 9110 8989
1 5 8978 9099 9110 8989 8979 9100 9111 8990
1 5 8979 9100 9111 8990 8980 9101 9112 8991
1 5 8980 9101 9112 8991 8981 9102 9113 8992
1 5 8981 9102 9113 8992 8982 9103 9114 8993
1 5 8982 9103 9114 8993 8983 9104 9115 8994
1 5 8983 9104 9115 8994 8984 9105 9116 8995
1 5 8984 9105 9116 8995 8985 9106 9117 8996
1 5 8985 9106 9117 8996 8986 9107 9118 8997
1 5 8987 9108 9119 8998 8988 9109 9120 8999
1 5 8988 9109 9120 8999 8989 9110 9121 9000
1 5 8989 9110 9121 9000 8990 9111 9122 9001
1 5 8990 9111 9122 9001 8991 9112 9123 9002
1 5 8991 9112 9123 9002 8992 9113 9124 9003
1 5 8992 9113 9124 9003 8993 9114 9125 9004
1 5 8993 9114 9125 9004 8994 9115 9126 9005
1 5 8994 9115 9126 9005 8995 9116 9127 9006
1 5 8995 9116 9127 9006 8996 9117 9128 9007
1 5 8996 9117 9128 9007 8997 9118 9129 9008
1 5 8998 9119 9130 9009 8999 9120 9131 9010
1 5 8999 9120 9131 9010 9000 9121 9132 9011
1 5 9000 9121 9132 9011 9001 9122 9133 9012
1 5 9001 9122 9133 9012 9002 9123 9134 9013
1 5 9002 9123 9134 9013 9003 9124 9135 9014
1 5 9003 9124 9135 9014 9004 9125 9136 9015
1 5 9004 9125 9136 9015 9005 9126 9137 9016
1 5 9005 9126 9137 9016 9006 9127 9138 9017
1 5 9006 9127 9138 9017 9007 9128 9139 9018
1 5 9007 9128 9139 9018 9008 9129 9140 9019
1 5 9009 9130 9141 9020 9010 9131 9142 9021
1 5 9010 9131 9142 9021 9011 9132 9143 9022
1 5 9011 9132 9143 9022 9012 9133 9144 9023
1 5 9012 9133 9144 9023 9013 9134 9145 9024
1 5 9013 9134 9145 9024 9014 9135 9146 9025
1 5 9014 9135 9146 9025 9015 9136 9147 9026
1 5 9015 9136 9147 9026 9016 9137 9148 9027
1 5 9016 9137 9148 9027 9017 9138 9149 9028
1 5 9017 9138 9149 9028 9018 9139 9150 9029
1 5 9018 9139 9150 9029 9019 9140 9151 9030
1 5 9020 9141 9152 9031 9021 9142 9153 9032
1 5 9021 9142 9153 9032 9022 9143 9154 9033
1 5 9022 9143 9154 9033 9023 9144 9155 9034
1 5 9023 9144 9155 9034 9024 9145 9156 9035
1 5 9024 9145 9156 9035 9025 9146 9157 9036
1 5 9025 9146 9157 9036 9026 9147 9158 9037
1 5 9026 9147 9158 9037 9027 9148 9159 9038
1 5 9027 9148 9159 9038 9028 9149 9160 9039
1 5 9028 9149 9160 9039 9029 9150 9161 9040
1 5 9029 9150 9161 9040 9030 9151 9162 9041
1 5 9031 9152 9163 9042 9032 9153 9164 9043
1 5 9032 9153 9164 9043 9033 9154 9165 9044
1 5 9033 9154 9165 9044 9034 9155 9166 9045
1 5 9034 9155 9166 9045 9035 9156 9167 9046
1 5 9035 9156 9167 9046 9036 9157 9168 9047
1 5 9036 9157 9168 9047 9037 9158 9169 9048
1 5 9037 9158 9169 9048 9038 9159 9170 9049
1 5 9038 9159 9170 9049 9039 9160 9171 9050
1 5 9039 9160 9171 9050 9040 9161 9172 9051
1 5 9040 9161 9172 9051 9041 9162 9173 9052
1 5 9042 9163 9174 9053 9043 9164 9175 9054
1 5 9043 9164 9175 9054 9044 9165 9176 9055
1 5 9044 9165 9176 9055 9045 9166 9177 9056
1 5 9045 9166 9177 9056 9046 9167 9178 9057
1 5 9046 9167 9178 9057 9047 9168 9179 9058
1 5 9047 9168 9179 9058 9048 9169 9180 9059
1 5 9048 9169 9180 9059 9049 9170 9181 9060
1 5 9049 9170 9181 9060 9050 9171 9182 9061
1 5 9050 9171 9182 9061 9051 9172 9183 9062
1 5 9051 9172 9183 9062 9052 9173 9184 9063
1 5 9053 9174 9185 9064 9054 9175 9186 9065
1 5 9054 9175 9186 9065 9055 9176 9187 9066
1 5 9055 9176 9187 9066 9056 9177 9188 9067
1 5 9056 9177 9188 9067 9057 9178 9189 9068
1 5 9057 9178 9189 9068 9058 9179 9190 9069
1 5 9058 9179 9190 9069 9059 9180 9191 9070
1 5 9059 9180 9191 9070 9060 9181 9192 9071
1 5 9060 9181 9192 9071 9061 9182 9193 9072
1 5 9061 9182 9193 9072 9062 9183 9194 9073
1 5 9062 9183 9194 9073 9063 9184 9195 9074
1 5 9075 9196 9207 9086 9076 9197 9208 9087
1 5 9076 9197 9208 9087 9077 9198 9209 9088
1 5 9077 9198 9209 9088 9078 9199 9210 9089
1 5 9078 9199 9210 9089 9079 9200 9211 9090
1 5 9079 9200 9211 9090 9080 9201 9212 9091
1 5 9080 9201 9212 9091 9081 9202 9213 9092
1 5 9081 9202 9213 9092 9082 9203 9214 9093
1 5 9082 9203 9214 9093 9083 9204 9215 9094
1 5 9083 9204 9215 9094 9084 9205 9216 9095
1 5 9084 9205 9216 9095 9085 9206 9217 9096
1 5 9086 9207 9218 9097 9087 9208 9219 9098
1 5 9087 9208 9219 9098 9088 9209 9220 9099
1 5 9088 9209 9220 9099 9089 9210 9221 9100
1 5 9089 9210 9221 9100 9090 9211 9222 9101
1 5 9090 9211 9222 9101 9091 9212 9223 9102
1 5 9091 9212 9223 9102 9092 9213 9224 9103
1 5 9092 9213 9224 9103 9093 9214 9225 9104
1 5 9093 9214 9225 9104 9094 9215 9226 9105
1 5 9094 9215 9226 9105 9095 9216 9227 9106
1 5 9095 9216 9227 9106 9096 9217 9228 9107
1 5 9097 9218 9229 9108 9098 9219 9230 9109
1 5 9098 9219 9230 9109 9099 9220 9231 9110
1 5 9099 9220 9231 9110 9100 9221 9232 9111
1 5 9100 9221 9232 9111 9101 9222 9233 9112
1 5 9101 9222 9233 9112 9102 9223 9234 9113
1 5 9102 9223 9234 9113 9103 9224 9235 9114
1 5 9103 9224 9235 9114 9104 9225 9236 9115
1 5 9104 9225 9236 9115 9105 9226 9237 9116
1 5 9105 9226 9237 9116 9106 9227 9238 9117
1 5 9106 9227 9238 9117 9107 9228 9239 9118
1 5 9108 9229 9240 9119 9109 9230 9241 9120
1 5 9109 9230 9241 9120 9110 9231 9242 9121
1 5 9110 9231 9242 9121 9111 9232 9243 9122
1 5 9111 9232 9243 9122 9112 9233 9244 9123
1 5 9112 9233 9244 9123 9113 9234 9245 9124
1 5 9113 9234 9245 9124 9114 9235 9246 9125
1 5 9114 9235 9246 9125 9115 9236 9247 9126
1 5 9115 9236 9247 9126 9116 9237 9248 9127
1 5 9116 9237 9248 9127 9117 9238 9249 9128
1 5 9117 9238 9249 9128 9118 9239 9250 9129
1 5 9119 9240 9251 9130 9120 9241 9252 9131
1 5 9120 9241 9252 9131 9121 9242 9253 9132
1 5 9121 9242 9253 9132 9122 9243 9254 9133
1 5 9122 9243 9254 9133 9123 9244 9255 9134
1 5 9123 9244 9255 9134 9124 9245 9256 9135
1 5 9124 9245 9256 9135 9125 9246 9257 9136
1 5 9125 9246 9257 9136 9126 9247 9258 9137
1 5 9126 9247 9258 9137 9127 9248 9259 9138
1 5 9127 9248 9259 9138 9128 9249 9260 9139
1 5 9128 9249 9260 9139 9129 9250 9261 9140
1 5 9130 9251 9262 9141 9131 9252 9263 9142
1 5 9131 9252 9263 9142 9132 9253 9264 9143
1 5 9132 9253 9264 9143 9133 9254 9265 9144
1 5 9133 9254 9265 9144 9134 9255 9266 9145
1 5 9134 9255 9266 9145 9135 9256 9267 9146
1 5 9135 9256 9267 9146 9136 9257 9268 9147
1 5 9136 9257 9268 9147 9137 9258 9269 9148
1 5 9137 9258 9269 9148 9138 9259 9270 9149
1 5 9138 9259 9270 9149 9139 9260 9271 9150
1 5 9139 9260 9271 9150 9140 9261 9272 9151
1 5 9141 9262 9273 9152 9142 9263 9274 9153
1 5 9142 9263 9274 9153 9143 9264 9275 9154
1 5 9143 9264 9275 9154 9144 9265 9276 9155
1 5 9144 9265 9276 9155 9145 9266 9277 9156
1 5 9145 9266 9277 9156 9146 9267 9278 9157
1 5 9146 9267 9278 9157 9147 9268 9279 9158
1 5 9147 9268 9279 9158 9148 9269 9280 9159
1 5 9148 9269 9280 9159 9149 9270 9281 9160
1 5 9149 9270 9281 9160 9150 9271 9282 9161
1 5 9150 9271 9282 9161 9151 9272 9283 9162
1 5 9152 9273 9284 9163 9153 9274 9285 9164
1 5 9153 9274 9285 9164 9154 9275 9286 9165
1 5 9154 9275 9286 9165 9155 9276 9287 9166
1 5 9155 9276 9287 9166 9156 9277 9288 9167
1 5 9156 9277 9288 9167 9157 9278 9289 9168
1 5 9157 9278 9289 9168 9158 9279 9290 9169
1 5 9158 9279 9290 9169 9159 9280 9291 9170
1 5 9159 9280 9291 9170 9160 9281 9292 9171
1 5 9160 9281 9292 9171 9161 9282 9293 9172
1 5 9161 9282 9293 9172 9162 9283 9294 9173
1 5 9163 9284 9295 9174 9164 9285 9296 9175
1 5 9164 9285 9296 9175 9165 9286 9297 9176
1 5 9165 9286 9297 9176 9166 9287 9298 9177
1 5 9166 9287 9298 9177 9167 9288 9299 9178
1 5 9167 9288 9299 9178 9168 9289 9300 9179
1 5 9168 9289 9300 9179 9169 9290 9301 9180
1 5 9169 9290 9301 9180 9170 9291 9302 9181
1 5 9170 9291 9302 9181 9171 9292 9303 9182
1 5 9171 9292 9303 9182 9172 9293 9304 9183
1 5 9172 9293 9304 9183 9173 9294 9305 9184
1 5 9174 9295 9306 9185 9175 9296 9307 9186
1 5 9175 9296 9307 9186 9176 9297 9308 9187
1 5 9176 9297 9308 9187 9177 9298 9309 9188
1 5 9177 9298 9309 9188 9178 9299 9310 9189
1 5 9178 9299 9310 9189 9179 9300 9311 9190
1 5 9179 9300 9311 9190 9180 9301 9312 9191
1 5 9180 9301 9312 9191 9181 9302 9313 9192
1 5 9181 9302 9313 9192 9182 9303 9314 9193
1 5 9182 9303 9314 9193 9183 9304 9315 9194
1 5 9183 9304 9315 9194 9184 9305 9316 9195
1 5 9196 9317 9328 9207 9197 9318 9329 9208
1 5 9197 9318 9329 9208 9198 9319 9330 9209
1 5 9198 9319 9330 9209 9199 9320 9331 9210
1 5 9199 9320 9331 9210 9200 9321 9332 9211
1 5 9200 9321 9332 9211 9201 9322 9333 9212
1 5 9201 9322 9333 9212 9202 9323 9334 9213
1 5 9202 9323 9334 9213 9203 9324 9335 9214
1 5 9203 9324 9335 9214 9204 9325 9336 9215
1 5 9204 9325 9336 9215 9205 9326 9337 9216
1 5 9205 9326 9337 9216 9206 9327 9338 9217
1 5 9207 9328 9339 9218 9208 9329 9340 9219
1 5 9208 9329 9340 9219 9209 9330 9341 9220
1 5 9209 9330 9341 9220 9210 9331 9342 9221
1 5 9210 9331 9342 9221 9211 9332 9343 9222
1 5 9211 9332 9343 9222 9212 9333 9344 9223
1 5 9212 9333 9344 9223 9213 9334 9345 9224
1 5 9213 9334 9345 9224 9214 9335 9346 9225
1 5 9214 9335 9346 9225 9215 9336 9347 9226
1 5 9215 9336 9347 9226 9216 9337 9348 9227
1 5 9216 9337 9348 9227 9217 9338 9349 9228
1 5 9218 9339 9350 9229 9219 9340 9351 9230
1 5 9219 9340 9351 9230 9220 9341 9352 9231
1 5 9220 9341 9352 9231 9221 9342 9353 9232
1 5 9221 9342 9353 9232 9222 9343 9354 9233
1 5 9222 9343 9354 9233 9223 9344 9355 9234
1 5 9223 9344 9355 9234 9224 9345 9356 9235
1 5 9224 9345 9356 9235 9225 9346 9357 9236
1 5 9225 9346 9357 9236 9226 9347 9358 9237
1 5 9226 9347 9358 9237 9227 9348 9359 9238
1 5 9227 9348 9359 9238 9228 9349 9360 9239
1 5 9229 9350 9361 9240 9230 9351 9362 9241
1 5 9230 9351 9362 9241 9231 9352 9363 9242
1 5 9231 9352 9363 9242 9232 9353 9364 9243
1 5 9232 9353 9364 9243 9233 9354 9365 9244
1 5 9233 9354 9365 9244 9234 9355 9366 9245
1 5 9234 9355 9366 9245 9235 9356 9367 9246
1 5 9235 9356 9367 9246 9236 9357 9368 9247
1 5 9236 9357 9368 9247 9237 9358 9369 9248
1 5 9237 9358 9369 9248 9238 9359 9370 9249
1 5 9238 9359 9370 9249 9239 9360 9371 9250
1 5 9240 9361 9372 9251 9241 9362 9373 9252
1 5 9241 9362 9373 9252 9242 9363 9374 9253
1 5 9242 9363 9374 9253 9243 9364 9375 9254
1 5 9243 9364 9375 9254 9244 9365 9376 9255
1 5 9244 9365 9376 9255 9245 9366 9377 9256
1 5 9245 9366 9377 9256 9246 9367 9378 9257
1 5 9246 9367 9378 9257 9247 9368 9379 9258
1 5 9247 9368 9379 9258 9248 9369 9380 9259
1 5 9248 9369 9380 9259 9249 9370 9381 9260
1 5 9249 9370 9381 9260 9250 9371 9382 9261
1 5 9251 9372 9383 9262 9252 9373 9384 9263
1 5 9252 9373 9384 9263 9253 9374 9385 9264
1 5 9253 9374 9385 9264 9254 9375 9386 9265
1 5 9254 9375 9386 9265 9255 9376 9387 9266
1 5 9255 9376 9387 9266 9256 9377 9388 9267
1 5 9256 9377 9388 9267 9257 9378 9389 9268
1 5 9257 9378 9389 9268 9258 9379 9390 9269
1 5 9258 9379 9390 9269 9259 9380 9391 9270
1 5 9259 9380 9391 9270 9260 9381 9392 9271
1 5 9260 9381 9392 9271 9261 9382 9393 9272
1 5 9262 9383 9394 9273 9263 9384 9395 9274
1 5 9263 9384 9395 9274 9264 9385 9396 9275
1 5 9264 9385 9396 9275 9265 9386 9397 9276
1 5 9265 9386 9397 9276 9266 9387 9398 9277
1 5 9266 9387 9398 9277 9267 9388 9399 9278
1 5 9267 9388 9399 9278 9268 9389 9400 9279
1 5 9268 9389 9400 9279 9269 9390 9401 9280
1 5 9269 9390 9401 9280 9270 9391 9402 9281
1 5 9270 9391 9402 9281 9271 9392 9403 9282
1 5 9271 9392 9403 9282 9272 9393 9404 9283
1 5 9273 9394 9405 9284 9274 9395 9406 9285
1 5 9274 9395 9406 9285 9275 9396 9407 9286
1 5 9275 9396 9407 9286 9276 9397 9408 9287
1 5 9276 9397 9408 9287 9277 9398 9409 9288
1 5 9277 9398 9409 9288 9278 9399 9410 9289
1 5 9278 9399 9410 9289 9279 9400 9411 9290
1 5 9279 9400 9411 9290 9280 9401 9412 9291
1 5 9280 9401 9412 9291 9281 9402 9413 9292
1 5 9281 9402 9413 9292 9282 9403 9414 9293
1 5 9282 9403 9414 9293 9283 9404 9415 9294
1 5 9284 9405 9416 9295 9285 9406 9417 9296
1 5 9285 9406 9417 9296 9286 9407 9418 9297
1 5 9286 9407 9418 9297 9287 9408 9419 9298
1 5 9287 9408 9419 9298 9288 9409 9420 9299
1 5 9288 9409 9420 9299 9289 9410 9421 9300
1 5 9289 9410 9421 9300 9290 9411 9422 9301
1 5 9290 9411 9422 9301 9291 9412 9423 9302
1 5 9291 9412 9423 9302 9292 9413 9424 9303
1 5 9292 9413 9424 9303 9293 9414 9425 9304
1 5 9293 9414 9425 9304 9294 9415 9426 9305
1 5 9295 9416 9427 9306 9296 9417 9428 9307
1 5 9296 9417 9428 9307 9297 9418 9429 9308
1 5 9297 9418 9429 9308 9298 9419 9430 9309
1 5 9298 9419 9430 9309 9299 9420 9431 9310
1 5 9299 9420 9431 9310 9300 9421 9432 9311
1 5 9300 9421 9432 9311 9301 9422 9433 9312
1 5 9301 9422 9433 9312 9302 9423 9434 9313
1 5 9302 9423 9434 9313 9303 9424 9435 9314
1 5 9303 9424 9435 9314 9304 9425 9436 9315
1 5 9304 9425 9436 9315 9305 9426 9437 9316
1 5 9317 9438 9449 9328 9318 9439 9450 9329
1 5 9318 9439 9450 9329 9319 9440 9451 9330
1 5 9319 9440 9451 9330 9320 9441 9452 9331
1 5 9320 9441 9452 9331 9321 9442 9453 9332
1 5 9321 9442 9453 9332 9322 9443 9454 9333
1 5 9322 9443 9454 9333 9323 9444 9455 9334
1 5 9323 9444 9455 9334 9324 9445 9456 9335
1 5 9324 9445 9456 9335 9325 9446 9457 9336
1 5 9325 9446 9457 9336 9326 9447 9458 9337
1 5 9326 9447 9458 9337 9327 9448 9459 9338
1 5 9328 9449 9460 9339 9329 9450 9461 9340
1 5 9329 9450 9461 9340 9330 9451 9462 9341
1 5 9330 9451 9462 9341 9331 9452 9463 9342
1 5 9331 9452 9463 9342 9332 9453 9464 9343
1 5 9332 9453 9464 9343 9333 9454 9465 9344
1 5 9333 9454 9465 9344 9334 9455 9466 9345
1 5 9334 9455 9466 9345 9335 9456 9467 9346
1 5 9335 9456 9467 9346 9336 9457 9468 9347
1 5 9336 9457 9468 9347 9337 9458 9469 9348
1 5 9337 9458 9469 9348 9338 9459 9470 9349
1 5 9339 9460 9471 9350 9340 9461 9472 9351
1 5 9340 9461 9472 9351 9341 9462 9473 9352
1 5 9341 9462 9473 9352 9342 9463 9474 9353
1 5 9342 9463 9474 9353 9343 9464 9475 9354
1 5 9343 9464 9475 9354 9344 9465 9476 9355
1 5 9344 9465 9476 9355 9345 9466 9477 9356
1 5 9345 9466 9477 9356 9346 9467 9478 9357
1 5 9346 9467 9478 9357 9347 9468 9479 9358
1 5 9347 9468 9479 9358 9348 9469 9480 9359
1 5 9348 9469 9480 9359 9349 9470 9481 9360
1 5 9350 9471 9482 9361 9351 9472 9483 9362
1 5 9351 9472 9483 9362 9352 9473 9484 9363
1 5 9352 9473 9484 9363 9353 9474 9485 9364
1 5 9353 9474 9485 9364 9354 9475 9486 9365
1 5 9354 9475 9486 9365 9355 9476 9487 9366
1 5 9355 9476 9487 9366 9356 9477 9488 9367
1 5 9356 9477 9488 9367 9357 9478 9489 9368
1 5 9357 9478 9489 9368 9358 9479 9490 9369
1 5 9358 9479 9490 9369 9359 9480 9491 9370
1 5 9359 9480 9491 9370 9360 9481 9492 9371
1 5 9361 9482 9493 9372 9362 9483 9494 9373
1 5 9362 9483 9494 9373 9363 9484 9495 9374
1 5 9363 9484 9495 9374 9364 9485 9496 9375
1 5 9364 9485 9496 9375 9365 9486 9497 9376
1 5 9365 9486 9497 9376 9366 9487 9498 9377
1 5 9366 9487 9498 9377 9367 9488 9499 9378
1 5 9367 9488 9499 9378 9368 9489 9500 9379
1 5 9368 9489 9500 9379 9369 9490 9501 9380
1 5 9369 9490 9501 9380 9370 9491 9502 9381
1 5 9370 9491 9502 9381 9371 9492 9503 9382
1 5 9372 9493 9504 9383 9373 9494 9505 9384
1 5 9373 9494 9505 9384 9374 9495 9506 9385
1 5 9374 9495 9506 9385 9375 9496 9507 9386
1 5 9375 9496 9507 9386 9376 9497 9508 9387
1 5 9376 9497 9508 9387 9377 9498 9509 9388
1 5 9377 9498 9509 9388 9378 9499 9510 9389
1 5 9378 9499 9510 9389 9379 9500 9511 9390
1 5 9379 9500 9511 9390 9380 9501 9512 9391
1 5 9380 9501 9512 9391 9381 9502 9513 9392
1 5 9381 9502 9513 9392 9382 9503 9514 9393
1 5 9383 9504 9515 9394 9384 9505 9516 9395
1 5 9384 9505 9516 9395 9385 9506 9517 9396
1 5 9385 9506 9517 9396 9386 9507 9518 9397
1 5 9386 9507 9518 9397 9387 9508 9519 9398
1 5 9387 9508 9519 9398 9388 9509 9520 9399
1 5 9388 9509 9520 9399 9389 9510 9521 9400
1 5 9389 9510 9521 9400 9390 9511 9522 9401
1 5 9390 9511 9522 9401 9391 9512 9523 9402
1 5 9391 9512 9523 9402 9392 9513 9524 9403
1 5 9392 9513 9524 9403 9393 9514 9525 9404
1 5 9394 9515 9526 9405 9395 9516 9527 9406
1 5 9395 9516 9527 9406 9396 9517 9528 9407
1 5 9396 9517 9528 9407 9397 9518 9529 9408
1 5 9397 9518 9529 9408 9398 9519 9530 9409
1 5 9398 9519 9530 9409 9399 9520 9531 9410
1 5 9399 9520 9531 9410 9400 9521 9532 9411
1 5 9400 9521 9532 9411 9401 9522 9533 9412
1 5 9401 9522 9533 9412 9402 9523 9534 9413
1 5 9402 9523 9534 9413 9403 9524 9535 9414
1 5 9403 9524 9535 9414 9404 9525 9536 9415
1 5 9405 9526 9537 9416 9406 9527 9538 9417
1 5 9406 9527 9538 9417 9407 9528 9539 9418
1 5 9407 9528 9539 9418 9408 9529 9540 9419
1 5 9408 9529 9540 9419 9409 9530 9541 9420
1 5 9409 9530 9541 9420 9410 9531 9542 9421
1 5 9410 9531 9542 9421 9411 9532 9543 9422
1 5 9411 9532 9543 9422 9412 9533 9544 9423
1 5 9412 9533 9544 9423 9413 9534 9545 9424
1 5 9413 9534 9545 9424 9414 9535 9546 9425
1 5 9414 9535 9546 9425 9415 9536 9547 9426
1 5 9416 9537 9548 9427 9417 9538 9549 9428
1 5 9417 9538 9549 9428 9418 9539 9550 9429
1 5 9418 9539 9550 9429 9419 9540 9551 9430
1 5 9419 9540 9551 9430 9420 9541 9552 9431
1 5 9420 9541 9552 9431 9421 9542 9553 9432
1 5 9421 9542 9553 9432 9422 9543 9554 9433
1 5 9422 9543 9554 9433 9423 9544 9555 9434
1 5 9423 9544 9555 9434 9424 9545 9556 9435
1 5 9424 9545 9556 9435 9425 9546 9557 9436
1 5 9425 9546 9557 9436 9426 9547 9558 9437
1 5 9438 9559 9570 9449 9439 9560 9571 9450
1 5 9439 9560 9571 9450 9440 9561 9572 9451
1 5 9440 9561 9572 9451 9441 9562 9573 9452
1 5 9441 9562 9573 9452 9442 9563 9574 9453
1 5 9442 9563 9574 9453 9443 9564 9575 9454
1 5 9443 9564 9575 9454 9444 9565 9576 9455
1 5 9444 9565 9576 9455 9445 9566 9577 9456
1 5 9445 9566 9577 9456 9446 9567 9578 9457
1 5 9446 9567 9578 9457 9447 9568 9579 9458
1 5 9447 9568 9579 9458 9448 9569 9580 9459
1 5 9449 9570 9581 9460 9450 9571 9582 9461
1 5 9450 9571 9582 9461 9451 9572 9583 9462
1 5 9451 9572 9583 9462 9452 9573 9584 9463
1 5 9452 9573 9584 9463 9453 9574 9585 9464
1 5 9453 9574 9585 9464 9454 9575 9586 9465
1 5 9454 9575 9586 9465 9455 9576 9587 9466
1 5 9455 9576 9587 9466 9456 9577 9588 9467
1 5 9456 9577 9588 9467 9457 9578 9589 9468
1 5 9457 9578 9589 9468 9458 9579 9590 9469
1 5 9458 9579 9590 9469 9459 9580 9591 9470
1 5 9460 9581 9592 9471 9461 9582 9593 9472
1 5 9461 9582 9593 9472 9462 9583 9594 9473
1 5 9462 9583 9594 9473 9463 9584 9595 9474
1 5 9463 9584 9595 9474 9464 9585 9596 9475
1 5 9464 9585 9596 9475 9465 9586 9597 9476
1 5 9465 9586 9597 9476 9466 9587 9598 9477
1 5 9466 9587 9598 9477 9467 9588 9599 9478
1 5 9467 9588 9599 9478 9468 9589 9600 9479
1 5 9468 9589 9600 9479 9469 9590 9601 9480
1 5 9469 9590 9601 9480 9470 9591 9602 9481
1 5 9471 9592 9603 9482 9472 9593 9604 9483
1 5 9472 9593 9604 9483 9473 9594 9605 9484
1 5 9473 9594 9605 9484 9474 9595 9606 9485
1 5 9474 9595 9606 9485 9475 9596 9607 9486
1 5 9475 9596 9607 9486 9476 9597 9608 9487
1 5 9476 9597 9608 9487 9477 9598 9609 9488
1 5 9477 9598 9609 9488 9478 9599 9610 9489
1 5 9478 9599 9610 9489 9479 9600 9611 9490
1 5 9479 9600 9611 9490 9480 9601 9612 9491
1 5 9480 9601 9612 9491 9481 9602 9613 9492
1 5 9482 9603 9614 9493 9483 9604 9615 9494
1 5 9483 9604 9615 9494 9484 9605 9616 9495
1 5 9484 9605 9616 9495 9485 9606 9617 9496
1 5 9485 9606 9617 9496 9486 9607 9618 9497
1 5 9486 9607 9618 9497 9487 9608 9619 9498
1 5 9487 9608 9619 9498 9488 9609 9620 9499
1 5 9488 9609 9620 9499 9489 9610 9621 9500
1 5 9489 9610 9621 9500 9490 9611 9622 9501
1 5 9490 9611 9622 9501 9491 9612 9623 9502
1 5 9491 9612 9623 9502 9492 9613 9624 9503
1 5 9493 9614 9625 9504 9494 9615 9626 9505
1 5 9494 9615 9626 9505 9495 9616 9627 9506
1 5 9495 9616 9627 9506 9496 9617 9628 9507
1 5 9496 9617 9628 9507 9497 9618 9629 9508
1 5 9497 9618 9629 9508 9498 9619 9630 9509
1 5 9498 9619 9630 9509 9499 9620 9631 9510
1 5 9499 9620 9631 9510 9500 9621 9632 9511
1 5 9500 9621 9632 9511 9501 9622 9633 9512
1 5 9501 9622 9633 9512 9502 9623 9634 9513
1 5 9502 9623 9634 9513 9503 9624 9635 9514
1 5 9504 9625 9636 9515 9505 9626 9637 9516
1 5 9505 9626 9637 9516 9506 9627 9638 9517
1 5 9506 9627 9638 9517 9507 9628 9639 9518
1 5 9507 9628 9639 9518 9508 9629 9640 9519
1 5 9508 9629 9640 9519 9509 9630 9641 9520
1 5 9509 9630 9641 9520 9510 9631 9642 9521
1 5 9510 9631 9642 9521 9511 9632 9643 9522
1 5 9511 9632 9643 9522 9512 9633 9644 9523
1 5 9512 9633 9644 9523 9513 9634 9645 9524
1 5 9513 9634 9645 9524 9514 9635 9646 9525
1 5 9515 9636 9647 9526 9516 9637 9648 9527
1 5 9516 9637 9648 9527 9517 9638 9649 9528
1 5 9517 9638 9649 9528 9518 9639 9650 9529
1 5 9518 9639 9650 9529 9519 9640 9651 9530
1 5 9519 9640 9651 9530 9520 9641 9652 9531
1 5 9520 9641 9652 9531 9521 9642 9653 9532
1 5 9521 9642 9653 9532 9522 9643 9654 9533
1 5 9522 9643 9654 9533 9523 9644 9655 9534
1 5 9523 9644 9655 9534 9524 9645 9656 9535
1 5 9524 9645 9656 9535 9525 9646 9657 9536
1 5 9526 9647 9658 9537 9527 9648 9659 9538
1 5 9527 9648 9659 9538 9528 9649 9660 9539
1 5 9528 9649 9660 9539 9529 9650 9661 9540
1 5 9529 9650 9661 9540 9530 9651 9662 9541
1 5 9530 9651 9662 9541 9531 9652 9663 9542
1 5 9531 9652 9663 9542 9532 9653 9664 9543
1 5 9532 9653 9664 9543 9533 9654 9665 9544
1 5 9533 9654 9665 9544 9534 9655 9666 9545
1 5 9534 9655 9666 9545 9535 9656 9667 9546
1 5 9535 9656 9667 9546 9536 9657 9668 9547
1 5 9537 9658 9669 9548 9538 9659 9670 9549
1 5 9538 9659 9670 9549 9539 9660 9671 9550
1 5 9539 9660 9671 9550 9540 9661 9672 9551
1 5 9540 9661 9672 9551 9541 9662 9673 9552
1 5 9541 9662 9673 9552 9542 9663 9674 9553
1 5 9542 9663 9674 9553 9543 9664 9675 9554
1 5 9543 9664 9675 9554 9544 9665 9676 9555
1 5 9544 9665 9676 9555 9545 9666 9677 9556
1 5 9545 9666 9677 9556 9546 9667 9678 9557
1 5 9546 9667 9678 9557 9547 9668 9679 9558
1 5 9559 9680 9691 9570 9560 9681 9692 9571
1 5 9560 9681 9692 9571 9561 9682 9693 9572
1 5 9561 9682 9693 9572 9562 9683 9694 9573
1 5 9562 9683 9694 9573 9563 9684 9695 9574
1 5 9563 9684 9695 9574 9564 9685 9696 9575
1 5 9564 9685 9696 9575 9565 9686 9697 9576
1 5 9565 9686 9697 9576 9566 9687 9698 9577
1 5 9566 9687 9698 9577 9567 9688 9699 9578
1 5 9567 9688 9699 9578 9568 9689 9700 9579
1 5 9568 9689 9700 9579 9569 9690 9701 9580
1 5 9570 9691 9702 9581 9571 9692 9703 9582
1 5 9571 9692 9703 9582 9572 9693 9704 9583
1 5 9572 9693 9704 9583 9573 9694 9705 9584
1 5 9573 9694 9705 9584 9574 9695 9706 9585
1 5 9574 9695 9706 9585 9575 9696 9707 9586
1 5 9575 9696 9707 9586 9576 9697 9708 9587
1 5 9576 9697 9708 9587 9577 9698 9709 9588
1 5 9577 9698 9709 9588 9578 9699 9710 9589
1 5 9578 9699 9710 9589 9579 9700 9711 9590
1 5 9579 9700 9711 9590 9580 9701 9712 9591
1 5 9581 9702 9713 9592 9582 9703 9714 9593
1 5 9582 9703 9714 9593 9583 9704 9715 9594
1 5 9583 9704 9715 9594 9584 9705 9716 9595
1 5 9584 9705 9716 9595 9585 9706 9717 9596
1 5 9585 9706 9717 9596 9586 9707 9718 9597
1 5 9586 9707 9718 9597 9587 9708 9719 9598
1 5 9587 9708 9719 9598 9588 9709 9720 9599
1 5 9588 9709 9720 9599 9589 9710 9721 9600
1 5 9589 9710 9721 9600 9590 9711 9722 9601
1 5 9590 9711 9722 9601 9591 9712 9723 9602
1 5 9592 9713 9724 9603 9593 9714 9725 9604
1 5 9593 9714 9725 9604 9594 9715 9726 9605
1 5 9594 9715 9726 9605 9595 9716 9727 9606
1 5 9595 9716 9727 9606 9596 9717 9728 9607
1 5 9596 9717 9728 9607 9597 9718 9729 9608
1 5 9597 9718 9729 9608 9598 9719 9730 9609
1 5 9598 9719 9730 9609 9599 9720 9731 9610
1 5 9599 9720 9731 9610 9600 9721 9732 9611
1 5 9600 9721 9732 9611 9601 9722 9733 9612
1 5 9601 9722 9733 9612 9602 9723 9734 9613
1 5 9603 9724 9735 9614 9604 9725 9736 9615
1 5 9604 9725 9736 9615 9605 9726 9737 9616
1 5 9605 9726 9737 9616 9606 9727 9738 9617
1 5 9606 9727 9738 9617 9607 9728 9739 9618
1 5 9607 9728 9739 9618 9608 9729 9740 9619
1 5 9608 9729 9740 9619 9609 9730 9741 9620
1 5 9609 9730 9741 9620 9610 9731 9742 9621
1 5 9610 9731 9742 9621 9611 9732 9743 9622
1 5 9611 9732 9743 9622 9612 9733 9744 9623
1 5 9612 9733 9744 9623 9613 9734 9745 9624
1 5 9614 9735 9746 9625 9615 9736 9747 9626
1 5 9615 9736 9747 9626 9616 9737 9748 9627
1 5 9616 9737 9748 9627 9617 9738 9749 9628
1 5 9617 9738 9749 9628 9618 9739 9750 9629
1 5 9618 9739 9750 9629 9619 9740 9751 9630
1 5 9619 9740 9751 9630 9620 9741 9752 9631
1 5 9620 9741 9752 9631 9621 9742 9753 9632
1 5 9621 9742 9753 9632 9622 9743 9754 9633
1 5 9622 9743 9754 9633 9623 9744 9755 9634
1 5 9623 9744 9755 9634 9624 9745 9756 9635
1 5 9625 9746 9757 9636 9626 9747 9758 9637
1 5 9626 9747 9758 9637 9627 9748 9759 9638
1 5 9627 9748 9759 9638 9628 9749 9760 9639
1 5 9628 9749 9760 9639 9629 9750 9761 9640
1 5 9629 9750 9761 9640 9630 9751 9762 9641
1 5 9630 9751 9762 9641 9631 9752 9763 9642
1 5 9631 9752 9763 9642 9632 9753 9764 9643
1 5 9632 9753 9764 9643 9633 9754 9765 9644
1 5 9633 9754 9765 9644 9634 9755 9766 9645
1 5 9634 9755 9766 9645 9635 9756 9767 9646
1 5 9636 9757 9768 9647 9637 9758 9769 9648
1 5 9637 9758 9769 9648 9638 9759 9770 9649
1 5 9638 9759 9770 9649 9639 9760 9771 9650
1 5 9639 9760 9771 9650 9640 9761 9772 9651
1 5 9640 9761 9772 9651 9641 9762 9773 9652
1 5 9641 9762 9773 9652 9642 9763 9774 9653
1 5 9642 9763 9774 9653 9643 9764 9775 9654
1 5 9643 9764 9775 9654 9644 9765 9776 9655
1 5 9644 9765 9776 9655 9645 9766 9777 9656
1 5 9645 9766 9777 9656 9646 9767 9778 9657
1 5 9647 9768 9779 9658 9648 9769 9780 9659
1 5 9648 9769 9780 9659 9649 9770 9781 9660
1 5 9649 9770 9781 9660 9650 9771 9782 9661
1 5 9650 9771 9782 9661 9651 9772 9783 9662
1 5 9651 9772 9783 9662 9652 9773 9784 9663
1 5 9652 9773 9784 9663 9653 9774 9785 9664
1 5 9653 9774 9785 9664 9654 9775 9786 9665
1 5 9654 9775 9786 9665 9655 9776 9787 9666
1 5 9655 9776 9787 9666 9656 9777 9788 9667
1 5 9656 9777 9788 9667 9657 9778 9789 9668
1 5 9658 9779 9790 9669 9659 9780 9791 9670
1 5 9659 9780 9791 9670 9660 9781 9792 9671
1 5 9660 9781 9792 9671 9661 9782 9793 9672
1 5 9661 9782 9793 9672 9662 9783 9794 9673
1 5 9662 9783 9794 9673 9663 9784 9795 9674
1 5 9663 9784 9795 9674 9664 9785 9796 9675
1 5 9664 9785 9796 9675 9665 9786 9797 9676
1 5 9665 9786 9797 9676 9666 9787 9798 9677
1 5 9666 9787 9798 9677 9667 9788 9799 9678
1 5 9667 9788 9799 9678 9668 9789 9800 9679
1 5 9680 9801 9812 9691 9681 9802 9813 9692
1 5 9681 9802 9813 9692 9682 9803 9814 9693
1 5 9682 9803 9814 9693 9683 9804 9815 9694
1 5 9683 9804 9815 9694 9684 9805 9816 9695
1 5 9684 9805 9816 9695 9685 9806 9817 9696
1 5 9685 9806 9817 9696 9686 9807 9818 9697
1 5 9686 9807 9818 9697 9687 9808 9819 9698
1 5 9687 9808 9819 9698 9688 9809 9820 9699
1 5 9688 9809 9820 9699 9689 9810 9821 9700
1 5 9689 9810 9821 9700 9690 9811 9822 9701
1 5 9691 9812 9823 9702 9692 9813 9824 9703
1 5 9692 9813 9824 9703 9693 9814 9825 9704
1 5 9693 9814 9825 9704 9694 9815 9826 9705
1 5 9694 9815 9826 9705 9695 9816 9827 9706
1 5 9695 9816 9827 9706 9696 9817 9828 9707
1 5 9696 9817 9828 9707 9697 9818 9829 9708
1 5 9697 9818 9829 9708 9698 9819 9830 9709
1 5 9698 9819 9830 9709 9699 9820 9831 9710
1 5 9699 9820 9831 9710 9700 9821 9832 9711
1 5 9700 9821 9832 9711 9701 9822 9833 9712
1 5 9702 9823 9834 9713 9703 9824 9835 9714
1 5 9703 9824 9835 9714 9704 9825 9836 9715
1 5 9704 9825 9836 9715 9705 9826 9837 9716
1 5 9705 9826 9837 9716 9706 9827 9838 9717
1 5 9706 9827 9838 9717 9707 9828 9839 9718
1 5 9707 9828 9839 9718 9708 9829 9840 9719
1 5 9708 9829 9840 9719 9709 9830 9841 9720
1 5 9709 9830 9841 9720 9710 9831 9842 9721
1 5 9710 9831 9842 9721 9711 9832 9843 9722
1 5 9711 9832 9843 9722 9712 9833 9844 9723
1 5 9713 9834 9845 9724 9714 9835 9846 9725
1 5 9714 9835 9846 9725 9715 9836 9847 9726
1 5 9715 9836 9847 9726 9716 9837 9848 9727
1 5 9716 9837 9848 9727 9717 9838 9849 9728
1 5 9717 9838 9849 9728 9718 9839 9850 9729
1 5 9718 9839 9850 9729 9719 9840 9851 9730
1 5 9719 9840 9851 9730 9720 9841 9852 9731
1 5 9720 9841 9852 9731 9721 9842 9853 9732
1 5 9721 9842 9853 9732 9722 9843 9854 9733
1 5 9722 9843 9854 9733 9723 9844 9855 9734
1 5 9724 9845 9856 9735 9725 9846 9857 9736
1 5 9725 9846 9857 9736 9726 9847 9858 9737
1 5 9726 9847 9858 9737 9727 9848 9859 9738
1 5 9727 9848 9859 9738 9728 9849 9860 9739
1 5 9728 9849 9860 9739 9729 9850 9861 9740
1 5 9729 9850 9861 9740 9730 9851 9862 9741
1 5 9730 9851 9862 9741 9731 9852 9863 9742
1 5 9731 9852 9863 9742 9732 9853 9864 9743
1 5 9732 9853 9864 9743 9733 9854 9865 9744
1 5 9733 9854 9865 9744 9734 9855 9866 9745
1 5 9735 9856 9867 9746 9736 9857 9868 9747
1 5 9736 9857 9868 9747 9737 9858 9869 9748
1 5 9737 9858 9869 9748 9738 9859 9870 9749
1 5 9738 9859 9870 9749 9739 9860 9871 9750
1 5 9739 9860 9871 9750 9740 9861 9872 9751
1 5 9740 9861 9872 9751 9741 9862 9873 9752
1 5 9741 9862 9873 9752 9742 9863 9874 9753
1 5 9742 9863 9874 9753 9743 9864 9875 9754
1 5 9743 9864 9875 9754 9744 9865 9876 9755
1 5 9744 9865 9876 9755 9745 9866 9877 9756
1 5 9746 9867 9878 9757 9747 9868 9879 9758
1 5 9747 9868 9879 9758 9748 9869 9880 9759
1 5 9748 9869 9880 9759 9749 9870 9881 9760
1 5 9749 9870 9881 9760 9750 9871 9882 9761
1 5 9750 9871 9882 9761 9751 9872 9883 9762
1 5 9751 9872 9883 9762 9752 9873 9884 9763
1 5 9752 9873 9884 9763 9753 9874 9885 9764
1 5 9753 9874 9885 9764 9754 9875 9886 9765
1 5 9754 9875 9886 9765 9755 9876 9887 9766
1 5 9755 9876 9887 9766 9756 9877 9888 9767
1 5 9757 9878 9889 9768 9758 9879 9890 9769
1 5 9758 9879 9890 9769 9759 9880 9891 9770
1 5 9759 9880 9891 9770 9760 9881 9892 9771
1 5 9760 9881 9892 9771 9761 9882 9893 9772
1 5 9761 9882 9893 9772 9762 9883 9894 9773
1 5 9762 9883 9894 9773 9763 9884 9895 9774
1 5 9763 9884 9895 9774 9764 9885 9896 9775
1 5 9764 9885 9896 9775 9765 9886 9897 9776
1 5 9765 9886 9897 9776 9766 9887 9898 9777
1 5 9766 9887 9898 9777 9767 9888 9899 9778
1 5 9768 9889 9900 9779 9769 9890 9901 9780
1 5 9769 9890 9901 9780 9770 9891 9902 9781
1 5 9770 9891 9902 9781 9771 9892 9903 9782
1 5 9771 9892 9903 9782 9772 9893 9904 9783
1 5 9772 9893 9904 9783 9773 9894 9905 9784
1 5 9773 9894 9905 9784 9774 9895 9906 9785
1 5 9774 9895 9906 9785 9775 9896 9907 9786
1 5 9775 9896 9907 9786 9776 9897 9908 9787
1 5 9776 9897 9908 9787 9777 9898 9909 9788
1 5 9777 9898 9909 9788 9778 9899 9910 9789
1 5 9779 9900 9911 9790 9780 9901 9912 9791
1 5 9780 9901 9912 9791 9781 9902 9913 9792
1 5 9781 9902 9913 9792 9782 9903 9914 9793
1 5 9782 9903 9914 9793 9783 9904 9915 9794
1 5 9783 9904 9915 9794 9784 9905 9916 9795
1 5 9784 9905 9916 9795 9785 9906 9917 9796
1 5 9785 9906 9917 9796 9786 9907 9918 9797
1 5 9786 9907 9918 9797 9787 9908 9919 9798
1 5 9787 9908 9919 9798 9788 9909 9920 9799
1 5 9788 9909 9920 9799 9789 9910 9921 9800
1 5 9801 9922 9933 9812 9802 9923 9934 9813
1 5 9802 9923 9934 9813 9803 9924 9935 9814
1 5 9803 9924 9935 9814 9804 9925 9936 9815
1 5 9804 9925 9936 9815 9805 9926 9937 9816
1 5 9805 9926 9937 9816 9806 9927 9938 9817
1 5 9806 9927 9938 9817 9807 9928 9939 9818
1 5 9807 9928 9939 9818 9808 9929 9940 9819
1 5 9808 9929 9940 9819 9809 9930 9941 9820
1 5 9809 9930 9941 9820 9810 9931 9942 9821
1 5 9810 9931 9942 9821 9811 9932 9943 9822
1 5 9812 9933 9944 9823 9813 9934 9945 9824
1 5 9813 9934 9945 9824 9814 9935 9946 9825
1 5 9814 9935 9946 9825 9815 9936 9947 9826
1 5 9815 9936 9947 9826 9816 9937 9948 9827
1 5 9816 9937 9948 9827 9817 9938 9949 9828
1 5 9817 9938 9949 9828 9818 9939 9950 9829
1 5 9818 9939 9950 9829 9819 9940 9951 9830
1 5 9819 9940 9951 9830 9820 9941 9952 9831
1 5 9820 9941 9952 9831 9821 9942 9953 9832
1 5 9821 9942 9953 9832 9822 9943 9954 9833
1 5 9823 9944 9955 9834 9824 9945 9956 9835
1 5 9824 9945 9956 9835 9825 9946 9957 9836
1 5 9825 9946 9957 9836 9826 9947 9958 9837
1 5 9826 9947 9958 9837 9827 9948 9959 9838
1 5 9827 9948 9959 9838 9828 9949 9960 9839
1 5 9828 9949 9960 9839 9829 9950 9961 9840
1 5 9829 9950 9961 9840 9830 9951 9962 9841
1 5 9830 9951 9962 9841 9831 9952 9963 9842
1 5 9831 9952 9963 9842 9832 9953 9964 9843
1 5 9832 9953 9964 9843 9833 9954 9965 9844
1 5 9834 9955 9966 9845 9835 9956 9967 9846
1 5 9835 9956 9967 9846 9836 9957 9968 9847
1 5 9836 9957 9968 9847 9837 9958 9969 9848
1 5 9837 9958 9969 9848 9838 9959 9970 9849
1 5 9838 9959 9970 9849 9839 9960 9971 9850
1 5 9839 9960 9971 9850 9840 9961 9972 9851
1 5 9840 9961 9972 9851 9841 9962 9973 9852
1 5 9841 9962 9973 9852 9842 9963 9974 9853
1 5 9842 9963 9974 9853 9843 9964 9975 9854
1 5 9843 9964 9975 9854 9844 9965 9976 9855
1 5 9845 9966 9977 9856 9846 9967 9978 9857
1 5 9846 9967 9978 9857 9847 9968 9979 9858
1 5 9847 9968 9979 9858 9848 9969 9980 9859
1 5 9848 9969 9980 9859 9849 9970 9981 9860
1 5 9849 9970 9981 9860 9850 9971 9982 9861
1 5 9850 9971 9982 9861 9851 9972 9983 9862
1 5 9851 9972 9983 9862 9852 9973 9984 9863
1 5 9852 9973 9984 9863 9853 9974 9985 9864
1 5 9853 9974 9985 9864 9854 9975 9986 9865
1 5 9854 9975 9986 9865 9855 9976 9987 9866
1 5 9856 9977 9988 9867 9857 9978 9989 9868
1 5 9857 9978 9989 9868 9858 9979 9990 9869
1 5 9858 9979 9990 9869 9859 9980 9991 9870
1 5 9859 9980 9991 9870 9860 9981 9992 9871
1 5 9860 9981 9992 9871 9861 9982 9993 9872
1 5 9861 9982 9993 9872 9862 9983 9994 9873
1 5 9862 9983 9994 9873 9863 9984 9995 9874
1 5 9863 9984 9995 9874 9864 9985 9996 9875
1 5 9864 9985 9996 9875 9865 9986 9997 9876
1 5 9865 9986 9997 9876 9866 9987 9998 9877
1 5 9867 9988 9999 9878 9868 9989 10000 9879
1 5 9868 9989 10000 9879 9869 9990 10001 9880
1 5 9869 9990 10001 9880 9870 9991 10002 9881
1 5 9870 9991 10002 9881 9871 9992 10003 9882
1 5 9871 9992 10003 9882 9872 9993 10004 9883
1 5 9872 9993 10004 9883 9873 9994 10005 9884
1 5 9873 9994 10005 9884 9874 9995 10006 9885
1 5 9874 9995 10006 9885 9875 9996 10007 9886
1 5 9875 9996 10007 9886 9876 9997 10008 9887
1 5 9876 9997 10008 9887 9877 9998 10009 9888
1 5 9878 9999 10010 9889 9879 10000 10011 9890
1 5 9879 10000 10011 9890 9880 10001 10012 9891
1 5 9880 10001 10012 9891 9881 10002 10013 9892
1 5 9881 10002 10013 9892 9882 10003 10014 9893
1 5 9882 10003 10014 9893 9883 10004 10015 9894
1 5 9883 10004 10015 9894 9884 10005 10016 9895
1 5 9884 10005 10016 9895 9885 10006 10017 9896
1 5 9885 10006 10017 9896 9886 10007 10018 9897
1 5 9886 10007 10018 9897 9887 10008 10019 9898
1 5 9887 10008 10019 9898 9888 10009 10020 9899
1 5 9889 10010 10021 9900 9890 10011 10022 9901
1 5 9890 10011 10022 9901 9891 10012 10023 9902
1 5 9891 10012 10023 9902 9892 10013 10024 9903
1 5 9892 10013 10024 9903 9893 10014 10025 9904
1 5 9893 10014 10025 9904 9894 10015 10026 9905
1 5 9894 10015 10026 9905 9895 10016 10027 9906
1 5 9895 10016 10027 9906 9896 10017 10028 9907
1 5 9896 10017 10028 9907 9897 10018 10029 9908
1 5 9897 10018 10029 9908 9898 10019 10030 9909
1 5 9898 10019 10030 9909 9899 10020 10031 9910
1 5 9900 10021 10032 9911 9901 10022 10033 9912
1 5 9901 10022 10033 9912 9902 10023 10034 9913
1 5 9902 10023 10034 9913 9903 10024 10035 9914
1 5 9903 10024 10035 9914 9904 10025 10036 9915
1 5 9904 10025 10036 9915 9905 10026 10037 9916
1 5 9905 10026 10037 9916 9906 10027 10038 9917
1 5 9906 10027 10038 9917 9907 10028 10039 9918
1 5 9907 10028 10039 9918 9908 10029 10040 9919
1 5 9908 10029 10040 9919 9909 10030 10041 9920
1 5 9909 10030 10041 9920 9910 10031 10042 9921
1 5 9922 10043 10054 9933 9923 10044 10055 9934
1 5 9923 10044 10055 9934 9924 10045 10056 9935
1 5 9924 10045 10056 9935 9925 10046 10057 9936
1 5 9925 10046 10057 9936 9926 10047 10058 9937
1 5 9926 10047 10058 9937 9927 10048 10059 9938
1 5 9927 10048 10059 9938 9928 10049 10060 9939
1 5 9928 10049 10060 9939 9929 10050 10061 9940
1 5 9929 10050 10061 9940 9930 10051 10062 9941
1 5 9930 10051 10062 9941 9931 10052 10063 9942
1 5 9931 10052 10063 9942 9932 10053 10064 9943
1 5 9933 10054 10065 9944 9934 10055 10066 9945
1 5 9934 10055 10066 9945 9935 10056 10067 9946
1 5 9935 10056 10067 9946 9936 10057 10068 9947
1 5 9936 10057 10068 9947 9937 10058 10069 9948
1 5 9937 10058 10069 9948 9938 10059 10070 9949
1 5 9938 10059 10070 9949 9939 10060 10071 9950
1 5 9939 10060 10071 9950 9940 10061 10072 9951
1 5 9940 10061 10072 9951 9941 10062 10073 9952
1 5 9941 10062 10073 9952 9942 10063 10074 9953
1 5 9942 10063 10074 9953 9943 10064 10075 9954
1 5 9944 10065 10076 9955 9945 10066 10077 9956
1 5 9945 10066 10077 9956 9946 10067 10078 9957
1 5 9946 10067 10078 9957 9947 10068 10079 9958
1 5 9947 10068 10079 9958 9948 10069 10080 9959
1 5 9948 10069 10080 9959 9949 10070 10081 9960
1 5 9949 10070 10081 9960 9950 10071 10082 9961
1 5 9950 10071 10082 9961 9951 10072 10083 9962
1 5 9951 10072 10083 9962 9952 10073 10084 9963
1 5 9952 10073 10084 9963 9953 10074 10085 9964
1 5 9953 10074 10085 9964 9954 10075 10086 9965
1 5 9955 10076 10087 9966 9956 10077 10088 9967
1 5 9956 10077 10088 9967 9957 10078 10089 9968
1 5 9957 10078 10089 9968 9958 10079 10090 9969
1 5 9958 10079 10090 9969 9959 10080 10091 9970
1 5 9959 10080 10091 9970 9960 10081 10092 9971
1 5 9960 10081 10092 9971 9961 10082 10093 9972
1 5 9961 10082 10093 9972 9962 10083 10094 9973
1 5 9962 10083 10094 9973 9963 10084 10095 9974
1 5 9963 10084 10095 9974 9964 10085 10096 9975
1 5 9964 10085 10096 9975 9965 10086 10097 9976
1 5 9966 10087 10098 9977 9967 10088 10099 9978
1 5 9967 10088 10099 9978 9968 10089 10100 9979
1 5 9968 10089 10100 9979 9969 10090 10101 9980
1 5 9969 10090 10101 9980 9970 10091 10102 9981
1 5 9970 10091 10102 9981 9971 10092 10103 9982
1 5 9971 10092 10103 9982 9972 10093 10104 9983
1 5 9972 10093 10104 9983 9973 10094 10105 9984
1 5 9973 10094 10105 9984 9974 10095 10106 9985
1 5 9974 10095 10106 9985 9975 10096 10107 9986
1 5 9975 10096 10107 9986 9976 10097 10108 9987
1 5 9977 10098 10109 9988 9978 10099 10110 9989
1 5 9978 10099 10110 9989 9979 10100 10111 9990
1 5 9979 10100 10111 9990 9980 10101 10112 9991
1 5 9980 10101 10112 9991 9981 10102 10113 9992
1 5 9981 10102 10113 9992 9982 10103 10114 9993
1 5 9982 10103 10114 9993 9983 10104 10115 9994
1 5 9983 10104 10115 9994 9984 10105 10116 9995
1 5 9984 10105 10116 9995 9985 10106 10117 9996
1 5 9985 10106 10117 9996 9986 10107 10118 9997
1 5 9986 10107 10118 9997 9987 10108 10119 9998
1 5 9988 10109 10120 9999 9989 10110 10121 10000
1 5 9989 10110 10121 10000 9990 10111 10122 10001
1 5 9990 10111 10122 10001 9991 10112 10123 10002
1 5 9991 10112 10123 10002 9992 10113 10124 10003
1 5 9992 10113 10124 10003 9993 10114 10125 10004
1 5 9993 10114 10125 10004 9994 10115 10126 10005
1 5 9994 10115 10126 10005 9995 10116 10127 10006
1 5 9995 10116 10127 10006 9996 10117 10128 10007
1 5 9996 10117 10128 10007 9997 10118 10129 10008
1 5 9997 10118 10129 10008 9998 10119 10130 10009
1 5 9999 10120 10131 10010 10000 10121 10132 10011
1 5 10000 10121 10132 10011 10001 10122 10133 10012
1 5 10001 10122 10133 10012 10002 10123 10134 10013
1 5 10002 10123 10134 10013 10003 10124 10135 10014
1 5 10003 10124 10135 10014 10004 10125 10136 10015
1 5 10004 10125 10136 10015 10005 10126 10137 10016
1 5 10005 10126 10137 10016 10006 10127 10138 10017
1 5 10006 10127 10138 10017 10007 10128 10139 10018
1 5 10007 10128 10139 10018 10008 10129 10140 10019
1 5 10008 10129 10140 10019 10009 10130 10141 10020
1 5 10010 10131 10142 10021 10011 10132 10143 10022
1 5 10011 10132 10143 10022 10012 10133 10144 10023
1 5 10012 10133 10144 10023 10013 10134 10145 10024
1 5 10013 10134 10145 10024 10014 10135 10146 10025
1 5 10014 10135 10146 10025 10015 10136 10147 10026
1 5 10015 10136 10147 10026 10016 10137 10148 10027
1 5 10016 10137 10148 10027 10017 10138 10149 10028
1 5 10017 10138 10149 10028 10018 10139 10150 10029
1 5 10018 10139 10150 10029 10019 10140 10151 10030
1 5 10019 10140 10151 10030 10020 10141 10152 10031
1 5 10021 10142 10153 10032 10022 10143 10154 10033
1 5 10022 10143 10154 10033 10023 10144 10155 10034
1 5 10023 10144 10155 10034 10024 10145 10156 10035
1 5 10024 10145 10156 10035 10025 10146 10157 10036
1 5 10025 10146 10157 10036 10026 10147 10158 10037
1 5 10026 10147 10158 10037 10027 10148 10159 10038
1 5 10027 10148 10159 10038 10028 10149 10160 10039
1 5 10028 10149 10160 10039 10029 10150 10161 10040
1 5 10029 10150 10161 10040 10030 10151 10162 10041
1 5 10030 10151 10162 10041 10031 10152 10163 10042
1 5 10043 10164 10175 10054 10044 10165 10176 10055
1 5 10044 10165 10176 10055 10045 10166 10177 10056
1 5 10045 10166 10177 10056 10046 10167 10178 10057
1 5 10046 10167 10178 10057 10047 10168 10179 10058
1 5 10047 10168 10179 10058 10048 10169 10180 10059
1 5 10048 10169 10180 10059 10049 10170 10181 10060
1 5 10049 10170 10181 10060 10050 10171 10182 10061
1 5 10050 10171 10182 10061 10051 10172 10183 10062
1 5 10051 10172 10183 10062 10052 10173 10184 10063
1 5 10052 10173 10184 10063 10053 10174 10185 10064
1 5 10054 10175 10186 10065 10055 10176 10187 10066
1 5 10055 10176 10187 10066 10056 10177 10188 10067
1 5 10056 10177 10188 10067 10057 10178 10189 10068
1 5 10057 10178 10189 10068 10058 10179 10190 10069
1 5 10058 10179 10190 10069 10059 10180 10191 10070
1 5 10059 10180 10191 10070 10060 10181 10192 10071
1 5 10060 10181 10192 10071 10061 10182 10193 10072
1 5 10061 10182 10193 10072 10062 10183 10194 10073
1 5 10062 10183 10194 10073 10063 10184 10195 10074
1 5 10063 10184 10195 10074 10064 10185 10196 10075
1 5 10065 10186 10197 10076 10066 10187 10198 10077
1 5 10066 10187 10198 10077 10067 10188 10199 10078
1 5 10067 10188 10199 10078 10068 10189 10200 10079
1 5 10068 10189 10200 10079 10069 10190 10201 10080
1 5 10069 10190 10201 10080 10070 10191 10202 10081
1 5 10070 10191 10202 10081 10071 10192 10203 10082
1 5 10071 10192 10203 10082 10072 10193 10204 10083
1 5 10072 10193 10204 10083 10073 10194 10205 10084
1 5 10073 10194 10205 10084 10074 10195 10206 10085
1 5 10074 10195 10206 10085 10075 10196 10207 10086
1 5 10076 10197 10208 10087 10077 10198 10209 10088
1 5 10077 10198 10209 10088 10078 10199 10210 10089
1 5 10078 10199 10210 10089 10079 10200 10211 10090
1 5 10079 10200 10211 10090 10080 10201 10212 10091
1 5 10080 10201 10212 10091 10081 10202 10213 10092
1 5 10081 10202 10213 10092 10082 10203 10214 10093
1 5 10082 10203 10214 10093 10083 10204 10215 10094
1 5 10083 10204 10215 10094 10084 10205 10216 10095
1 5 10084 10205 10216 10095 10085 10206 10217 10096
1 5 10085 10206 10217 10096 10086 10207 10218 10097
1 5 10087 10208 10219 10098 10088 10209 10220 10099
1 5 10088 10209 10220 10099 10089 10210 10221 10100
1 5 10089 10210 10221 10100 10090 10211 10222 10101
1 5 10090 10211 10222 10101 10091 10212 10223 10102
1 5 10091 10212 10223 10102 10092 10213 10224 10103
1 5 10092 10213 10224 10103 10093 10214 10225 10104
1 5 10093 10214 10225 10104 10094 10215 10226 10105
1 5 10094 10215 10226 10105 10095 10216 10227 10106
1 5 10095 10216 10227 10106 10096 10217 10228 10107
1 5 10096 10217 10228 10107 10097 10218 10229 10108
1 5 10098 10219 10230 10109 10099 10220 10231 10110
1 5 10099 10220 10231 10110 10100 10221 10232 10111
1 5 10100 10221 10232 10111 10101 10222 10233 10112
1 5 10101 10222 10233 10112 10102 10223 10234 10113
1 5 10102 10223 10234 10113 10103 10224 10235 10114
1 5 10103 10224 10235 10114 10104 10225 10236 10115
1 5 10104 10225 10236 10115 10105 10226 10237 10116
1 5 10105 10226 10237 10116 10106 10227 10238 10117
1 5 10106 10227 10238 10117 10107 10228 10239 10118
1 5 10107 10228 10239 10118 10108 10229 10240 10119
1 5 10109 10230 10241 10120 10110 10231 10242 10121
1 5 10110 10231 10242 10121 10111 10232 10243 10122
1 5 10111 10232 10243 10122 10112 10233 10244 10123
1 5 10112 10233 10244 10123 10113 10234 10245 10124
1 5 10113 10234 10245 10124 10114 10235 10246 10125
1 5 10114 10235 10246 10125 10115 10236 10247 10126
1 5 10115 10236 10247 10126 10116 10237 10248 10127
1 5 10116 10237 10248 10127 10117 10238 10249 10128
1 5 10117 10238 10249 10128 10118 10239 10250 10129
1 5 10118 10239 10250 10129 10119 10240 10251 10130
1 5 10120 10241 10252 10131 10121 10242 10253 10132
1 5 10121 10242 10253 10132 10122 10243 10254 10133
1 5 10122 10243 10254 10133 10123 10244 10255 10134
1 5 10123 10244 10255 10134 10124 10245 10256 10135
1 5 10124 10245 10256 10135 10125 10246 10257 10136
1 5 10125 10246 10257 10136 10126 10247 10258 10137
1 5 10126 10247 10258 10137 10127 10248 10259 10138
1 5 10127 10248 10259 10138 10128 10249 10260 10139
1 5 10128 10249 10260 10139 10129 10250 10261 10140
1 5 10129 10250 10261 10140 10130 10251 10262 10141
1 5 10131 10252 10263 10142 10132 10253 10264 10143
1 5 10132 10253 10264 10143 10133 10254 10265 10144
1 5 10133 10254 10265 10144 10134 10255 10266 10145
1 5 10134 10255 10266 10145 10135 10256 10267 10146
1 5 10135 10256 10267 10146 10136 10257 10268 10147
1 5 10136 10257 10268 10147 10137 10258 10269 10148
1 5 10137 10258 10269 10148 10138 10259 10270 10149
1 5 10138 10259 10270 10149 10139 10260 10271 10150
1 5 10139 10260 10271 10150 10140 10261 10272 10151
1 5 10140 10261 10272 10151 10141 10262 10273 10152
1 5 10142 10263 10274 10153 10143 10264 10275 10154
1 5 10143 10264 10275 10154 10144 10265 10276 10155
1 5 10144 10265 10276 10155 10145 10266 10277 10156
1 5 10145 10266 10277 10156 10146 10267 10278 10157
1 5 10146 10267 10278 10157 10147 10268 10279 10158
1 5 10147 10268 10279 10158 10148 10269 10280 10159
1 5 10148 10269 10280 10159 10149 10270 10281 10160
1 5 10149 10270 10281 10160 10150 10271 10282 10161
1 5 10150 10271 10282 10161 10151 10272 10283 10162
1 5 10151 10272 10283 10162 10152 10273 10284 10163
1 5 10164 10285 10296 10175 10165 10286 10297 10176
1 5 10165 10286 10297 10176 10166 10287 10298 10177
1 5 10166 10287 10298 10177 10167 10288 10299 10178
1 5 10167 10288 10299 10178 10168 10289 10300 10179
1 5 10168 10289 10300 10179 10169 10290 10301 10180
1 5 10169 10290 10301 10180 10170 10291 10302 10181
1 5 10170 10291 10302 10181 10171 10292 10303 10182
1 5 10171 10292 10303 10182 10172 10293 10304 10183
1 5 10172 10293 10304 10183 10173 10294 10305 10184
1 5 10173 10294 10305 10184 10174 10295 10306 10185
1 5 10175 10296 10307 10186 10176 10297 10308 10187
1 5 10176 10297 10308 10187 10177 10298 10309 10188
1 5 10177 10298 10309 10188 10178 10299 10310 10189
1 5 10178 10299 10310 10189 10179 10300 10311 10190
1 5 10179 10300 10311 10190 10180 10301 10312 10191
1 5 10180 10301 10312 10191 10181 10302 10313 10192
1 5 10181 10302 10313 10192 10182 10303 10314 10193
1 5 10182 10303 10314 10193 10183 10304 10315 10194
1 5 10183 10304 10315 10194 10184 10305 10316 10195
1 5 10184 10305 10316 10195 10185 10306 10317 10196
1 5 10186 10307 10318 10197 10187 10308 10319 10198
1 5 10187 10308 10319 10198 10188 10309 10320 10199
1 5 10188 10309 10320 10199 10189 10310 10321 10200
1 5 10189 10310 10321 10200 10190 10311 10322 10201
1 5 10190 10311 10322 10201 10191 10312 10323 10202
1 5 10191 10312 10323 10202 10192 10313 10324 10203
1 5 10192 10313 10324 10203 10193 10314 10325 10204
1 5 10193 10314 10325 10204 10194 10315 10326 10205
1 5 10194 10315 10326 10205 10195 10316 10327 10206
1 5 10195 10316 10327 10206 10196 10317 10328 10207
1 5 10197 10318 10329 10208 10198 10319 10330 10209
1 5 10198 10319 10330 10209 10199 10320 10331 10210
1 5 10199 10320 10331 10210 10200 10321 10332 10211
1 5 10200 10321 10332 10211 10201 10322 10333 10212
1 5 10201 10322 10333 10212 10202 10323 10334 10213
1 5 10202 10323 10334 10213 10203 10324 10335 10214
1 5 10203 10324 10335 10214 10204 10325 10336 10215
1 5 10204 10325 10336 10215 10205 10326 10337 10216
1 5 10205 10326 10337 10216 10206 10327 10338 10217
1 5 10206 10327 10338 10217 10207 10328 10339 10218
1 5 10208 10329 10340 10219 10209 10330 10341 10220
1 5 10209 10330 10341 10220 10210 10331 10342 10221
1 5 10210 10331 10342 10221 10211 10332 10343 10222
1 5 10211 10332 10343 10222 10212 10333 10344 10223
1 5 10212 10333 10344 10223 10213 10334 10345 10224
1 5 10213 10334 10345 10224 10214 10335 10346 10225
1 5 10214 10335 10346 10225 10215 10336 10347 10226
1 5 10215 10336 10347 10226 10216 10337 10348 10227
1 5 10216 10337 10348 10227 10217 10338 10349 10228
1 5 10217 10338 10349 10228 10218 10339 10350 10229
1 5 10219 10340 10351 10230 10220 10341 10352 10231
1 5 10220 10341 10352 10231 10221 10342 10353 10232
1 5 10221 10342 10353 10232 10222 10343 10354 10233
1 5 10222 10343 10354 10233 10223 10344 10355 10234
1 5 10223 10344 10355 10234 10224 10345 10356 10235
1 5 10224 10345 10356 10235 10225 10346 10357 10236
1 5 10225 10346 10357 10236 10226 10347 10358 10237
1 5 10226 10347 10358 10237 10227 10348 10359 10238
1 5 10227 10348 10359 10238 10228 10349 10360 10239
1 5 10228 10349 10360 10239 10229 10350 10361 10240
1 5 10230 10351 10362 10241 10231 10352 10363 10242
1 5 10231 10352 10363 10242 10232 10353 10364 10243
1 5 10232 10353 10364 10243 10233 10354 10365 10244
1 5 10233 10354 10365 10244 10234 10355 10366 10245
1 5 10234 10355 10366 10245 10235 10356 10367 10246
1 5 10235 10356 10367 10246 10236 10357 10368 10247
1 5 10236 10357 10368 10247 10237 10358 10369 10248
1 5 10237 10358 10369 10248 10238 10359 10370 10249
1 5 10238 10359 10370 10249 10239 10360 10371 10250
1 5 10239 10360 10371 10250 10240 10361 10372 10251
1 5 10241 10362 10373 10252 10242 10363 10374 10253
1 5 10242 10363 10374 10253 10243 10364 10375 10254
1 5 10243 10364 10375 10254 10244 10365 10376 10255
1 5 10244 10365 10376 10255 10245 10366 10377 10256
1 5 10245 10366 10377 10256 10246 10367 10378 10257
1 5 10246 10367 10378 10257 10247 10368 10379 10258
1 5 10247 10368 10379 10258 10248 10369 10380 10259
1 5 10248 10369 10380 10259 10249 10370 10381 10260
1 5 10249 10370 10381 10260 10250 10371 10382 10261
1 5 10250 10371 10382 10261 10251 10372 10383 10262
1 5 10252 10373 10384 10263 10253 10374 10385 10264
1 5 10253 10374 10385 10264 10254 10375 10386 10265
1 5 10254 10375 10386 10265 10255 10376 10387 10266
1 5 10255 10376 10387 10266 10256 10377 10388 10267
1 5 10256 10377 10388 10267 10257 10378 10389 10268
1 5 10257 10378 10389 10268 10258 10379 10390 10269
1 5 10258 10379 10390 10269 10259 10380 10391 10270
1 5 10259 10380 10391 10270 10260 10381 10392 10271
1 5 10260 10381 10392 10271 10261 10382 10393 10272
1 5 10261 10382 10393 10272 10262 10383 10394 10273
1 5 10263 10384 10395 10274 10264 10385 10396 10275
1 5 10264 10385 10396 10275 10265 10386 10397 10276
1 5 10265 10386 10397 10276 10266 10387 10398 10277
1 5 10266 10387 10398 10277 10267 10388 10399 10278
1 5 10267 10388 10399 10278 10268 10389 10400 10279
1 5 10268 10389 10400 10279 10269 10390 10401 10280
1 5 10269 10390 10401 10280 10270 10391 10402 10281
1 5 10270 10391 10402 10281 10271 10392 10403 10282
1 5 10271 10392 10403 10282 10272 10393 10404 10283
1 5 10272 10393 10404 10283 10273 10394 10405 10284
1 5 10285 10406 10417 10296 10286 10407 10418 10297
1 5 10286 10407 10418 10297 10287 10408 10419 10298
1 5 10287 10408 10419 10298 10288 10409 10420 10299
1 5 10288 10409 10420 10299 10289 10410 10421 10300
1 5 10289 10410 10421 10300 10290 10411 10422 10301
1 5 10290 10411 10422 10301 10291 10412 10423 10302
1 5 10291 10412 10423 10302 10292 10413 10424 10303
1 5 10292 10413 10424 10303 10293 10414 10425 10304
1 5 10293 10414 10425 10304 10294 10415 10426 10305
1 5 10294 10415 10426 10305 10295 10416 10427 10306
1 5 10296 10417 10428 10307 10297 10418 10429 10308
1 5 10297 10418 10429 10308 10298 10419 10430 10309
1 5 10298 10419 10430 10309 10299 10420 10431 10310
1 5 10299 10420 10431 10310 10300 10421 10432 10311
1 5 10300 10421 10432 10311 10301 10422 10433 10312
1 5 10301 10422 10433 10312 10302 10423 10434 10313
1 5 10302 10423 10434 10313 10303 10424 10435 10314
1 5 10303 10424 10435 10314 10304 10425 10436 10315
1 5 10304 10425 10436 10315 10305 10426 10437 10316
1 5 10305 10426 10437 10316 10306 10427 10438 10317
1 5 10307 10428 10439 10318 10308 10429 10440 10319
1 5 10308 10429 10440 10319 10309 10430 10441 10320
1 5 10309 10430 10441 10320 10310 10431 10442 10321
1 5 10310 10431 10442 10321 10311 10432 10443 10322
1 5 10311 10432 10443 10322 10312 10433 10444 10323
1 5 10312 10433 10444 10323 10313 10434 10445 10324
1 5 10313 10434 10445 10324 10314 10435 10446 10325
1 5 10314 10435 10446 10325 10315 10436 10447 10326
1 5 10315 10436 10447 10326 10316 10437 10448 10327
1 5 10316 10437 10448 10327 10317 10438 10449 10328
1 5 10318 10439 10450 10329 10319 10440 10451 10330
1 5 10319 10440 10451 10330 10320 10441 10452 10331
1 5 10320 10441 10452 10331 10321 10442 10453 10332
1 5 10321 10442 10453 10332 10322 10443 10454 10333
1 5 10322 10443 10454 10333 10323 10444 10455 10334
1 5 10323 10444 10455 10334 10324 10445 10456 10335
1 5 10324 10445 10456 10335 10325 10446 10457 10336
1 5 10325 10446 10457 10336 10326 10447 10458 10337
1 5 10326 10447 10458 10337 10327 10448 10459 10338
1 5 10327 10448 10459 10338 10328 10449 10460 10339
1 5 10329 10450 10461 10340 10330 10451 10462 10341
1 5 10330 10451 10462 10341 10331 10452 10463 10342
1 5 10331 10452 10463 10342 10332 10453 10464 10343
1 5 10332 10453 10464 10343 10333 10454 10465 10344
1 5 10333 10454 10465 10344 10334 10455 10466 10345
1 5 10334 10455 10466 10345 10335 10456 10467 10346
1 5 10335 10456 10467 10346 10336 10457 10468 10347
1 5 10336 10457 10468 10347 10337 10458 10469 10348
1 5 10337 10458 10469 10348 10338 10459 10470 10349
1 5 10338 10459 10470 10349 10339 10460 10471 10350
1 5 10340 10461 10472 10351 10341 10462 10473 10352
1 5 10341 10462 10473 10352 10342 10463 10474 10353
1 5 10342 10463 10474 10353 10343 10464 10475 10354
1 5 10343 10464 10475 10354 10344 10465 10476 10355
1 5 10344 10465 10476 10355 10345 10466 10477 10356
1 5 10345 10466 10477 10356 10346 10467 10478 10357
1 5 10346 10467 10478 10357 10347 10468 10479 10358
1 5 10347 10468 10479 10358 10348 10469 10480 10359
1 5 10348 10469 10480 10359 10349 10470 10481 10360
1 5 10349 10470 10481 10360 10350 10471 10482 10361
1 5 10351 10472 10483 10362 10352 10473 10484 10363
1 5 10352 10473 10484 10363 10353 10474 10485 10364
1 5 10353 10474 10485 10364 10354 10475 10486 10365
1 5 10354 10475 10486 10365 10355 10476 10487 10366
1 5 10355 10476 10487 10366 10356 10477 10488 10367
1 5 10356 10477 10488 10367 10357 10478 10489 10368
1 5 10357 10478 10489 10368 10358 10479 10490 10369
1 5 10358 10479 10490 10369 10359 10480 10491 10370
1 5 10359 10480 10491 10370 10360 10481 10492 10371
1 5 10360 10481 10492 10371 10361 10482 10493 10372
1 5 10362 10483 10494 10373 10363 10484 10495 10374
1 5 10363 10484 10495 10374 10364 10485 10496 10375
1 5 10364 10485 10496 10375 10365 10486 10497 10376
1 5 10365 10486 10497 10376 10366 10487 10498 10377
1 5 10366 10487 10498 10377 10367 10488 10499 10378
1 5 10367 10488 10499 10378 10368 10489 10500 10379
1 5 10368 10489 10500 10379 10369 10490 10501 10380
1 5 10369 10490 10501 10380 10370 10491 10502 10381
1 5 10370 10491 10502 10381 10371 10492 10503 10382
1 5 10371 10492 10503 10382 10372 10493 10504 10383
1 5 10373 10494 10505 10384 10374 10495 10506 10385
1 5 10374 10495 10506 10385 10375 10496 10507 10386
1 5 10375 10496 10507 10386 10376 10497 10508 10387
1 5 10376 10497 10508 10387 10377 10498 10509 10388
1 5 10377 10498 10509 10388 10378 10499 10510 10389
1 5 10378 10499 10510 10389 10379 10500 10511 10390
1 5 10379 10500 10511 10390 10380 10501 10512 10391
1 5 10380 10501 10512 10391 10381 10502 10513 10392
1 5 10381 10502 10513 10392 10382 10503 10514 10393
1 5 10382 10503 10514 10393 10383 10504 10515 10394
1 5 10384 10505 10516 10395 10385 10506 10517 10396
1 5 10385 10506 10517 10396 10386 10507 10518 10397
1 5 10386 10507 10518 10397 10387 10508 10519 10398
1 5 10387 10508 10519 10398 10388 10509 10520 10399
1 5 10388 10509 10520 10399 10389 10510 10521 10400
1 5 10389 10510 10521 10400 10390 10511 10522 10401
1 5 10390 10511 10522 10401 10391 10512 10523 10402
1 5 10391 10512 10523 10402 10392 10513 10524 10403
1 5 10392 10513 10524 10403 10393 10514 10525 10404
1 5 10393 10514 10525 10404 10394 10515 10526 10405
1 5 10406 10527 10538 10417 10407 10528 10539 10418
1 5 10407 10528 10539 10418 10408 10529 10540 10419
1 5 10408 10529 10540 10419 10409 10530 10541 10420
1 5 10409 10530 10541 10420 10410 10531 10542 10421
1 5 10410 10531 10542 10421 10411 10532 10543 10422
1 5 10411 10532 10543 10422 10412 10533 10544 10423
1 5 10412 10533 10544 10423 10413 10534 10545 10424
1 5 10413 10534 10545 10424 10414 10535 10546 10425
1 5 10414 10535 10546 10425 10415 10536 10547 10426
1 5 10415 10536 10547 10426 10416 10537 10548 10427
1 5 10417 10538 10549 10428 10418 10539 10550 10429
1 5 10418 10539 10550 10429 10419 10540 10551 10430
1 5 10419 10540 10551 10430 10420 10541 10552 10431
1 5 10420 10541 10552 10431 10421 10542 10553 10432
1 5 10421 10542 10553 10432 10422 10543 10554 10433
1 5 10422 10543 10554 10433 10423 10544 10555 10434
1 5 10423 10544 10555 10434 10424 10545 10556 10435
1 5 10424 10545 10556 10435 10425 10546 10557 10436
1 5 10425 10546 10557 10436 10426 10547 10558 10437
1 5 10426 10547 10558 10437 10427 10548 10559 10438
1 5 10428 10549 10560 10439 10429 10550 10561 10440
1 5 10429 10550 10561 10440 10430 10551 10562 10441
1 5 10430 10551 10562 10441 10431 10552 10563 10442
1 5 10431 10552 10563 10442 10432 10553 10564 10443
1 5 10432 10553 10564 10443 10433 10554 10565 10444
1 5 10433 10554 10565 10444 10434 10555 10566 10445
1 5 10434 10555 10566 10445 10435 10556 10567 10446
1 5 10435 10556 10567 10446 10436 10557 10568 10447
1 5 10436 10557 10568 10447 10437 10558 10569 10448
1 5 10437 10558 10569 10448 10438 10559 10570 10449
1 5 10439 10560 10571 10450 10440 10561 10572 10451
1 5 10440 10561 10572 10451 10441 10562 10573 10452
1 5 10441 10562 10573 10452 10442 10563 10574 10453
1 5 10442 10563 10574 10453 10443 10564 10575 10454
1 5 10443 10564 10575 10454 10444 10565 10576 10455
1 5 10444 10565 10576 10455 10445 10566 10577 10456
1 5 10445 10566 10577 10456 10446 10567 10578 10457
1 5 10446 10567 10578 10457 10447 10568 10579 10458
1 5 10447 10568 10579 10458 10448 10569 10580 10459
1 5 10448 10569 10580 10459 10449 10570 10581 10460
1 5 10450 10571 10582 10461 10451 10572 10583 10462
1 5 10451 10572 10583 10462 10452 10573 10584 10463
1 5 10452 10573 10584 10463 10453 10574 10585 10464
1 5 10453 10574 10585 10464 10454 10575 10586 10465
1 5 10454 10575 10586 10465 10455 10576 10587 10466
1 5 10455 10576 10587 10466 10456 10577 10588 10467
1 5 10456 10577 10588 10467 10457 10578 10589 10468
1 5 10457 10578 10589 10468 10458 10579 10590 10469
1 5 10458 10579 10590 10469 10459 10580 10591 10470
1 5 10459 10580 10591 10470 10460 10581 10592 10471
1 5 10461 10582 10593 10472 10462 10583 10594 10473
1 5 10462 10583 10594 10473 10463 10584 10595 10474
1 5 10463 10584 10595 10474 10464 10585 10596 10475
1 5 10464 10585 10596 10475 10465 10586 10597 10476
1 5 10465 10586 10597 10476 10466 10587 10598 10477
1 5 10466 10587 10598 10477 10467 10588 10599 10478
1 5 10467 10588 10599 10478 10468 10589 10600 10479
1 5 10468 10589 10600 10479 10469 10590 10601 10480
1 5 10469 10590 10601 10480 10470 10591 10602 10481
1 5 10470 10591 10602 10481 10471 10592 10603 10482
1 5 10472 10593 10604 10483 10473 10594 10605 10484
1 5 10473 10594 10605 10484 10474 10595 10606 10485
1 5 10474 10595 10606 10485 10475 10596 10607 10486
1 5 10475 10596 10607 10486 10476 10597 10608 10487
1 5 10476 10597 10608 10487 10477 10598 10609 10488
1 5 10477 10598 10609 10488 10478 10599 10610 10489
1 5 10478 10599 10610 10489 10479 10600 10611 10490
1 5 10479 10600 10611 10490 10480 10601 10612 10491
1 5 10480 10601 10612 10491 10481 10602 10613 10492
1 5 10481 10602 10613 10492 10482 10603 10614 10493
1 5 10483 10604 10615 10494 10484 10605 10616 10495
1 5 10484 10605 10616 10495 10485 10606 10617 10496
1 5 10485 10606 10617 10496 10486 10607 10618 10497
1 5 10486 10607 10618 10497 10487 10608 10619 10498
1 5 10487 10608 10619 10498 10488 10609 10620 10499
1 5 10488 10609 10620 10499 10489 10610 10621 10500
1 5 10489 10610 10621 10500 10490 10611 10622 10501
1 5 10490 10611 10622 10501 10491 10612 10623 10502
1 5 10491 10612 10623 10502 10492 10613 10624 10503
1 5 10492 10613 10624 10503 10493 10614 10625 10504
1 5 10494 10615 10626 10505 10495 10616 10627 10506
1 5 10495 10616 10627 10506 10496 10617 10628 10507
1 5 10496 10617 10628 10507 10497 10618 10629 10508
1 5 10497 10618 10629 10508 10498 10619 10630 10509
1 5 10498 10619 10630 10509 10499 10620 10631 10510
1 5 10499 10620 10631 10510 10500 10621 10632 10511
1 5 10500 10621 10632 10511 10501 10622 10633 10512
1 5 10501 10622 10633 10512 10502 10623 10634 10513
1 5 10502 10623 10634 10513 10503 10624 10635 10514
1 5 10503 10624 10635 10514 10504 10625 10636 10515
1 5 10505 10626 10637 10516 10506 10627 10638 10517
1 5 10506 10627 10638 10517 10507 10628 10639 10518
1 5 10507 10628 10639 10518 10508 10629 10640 10519
1 5 10508 10629 10640 10519 10509 10630 10641 10520
1 5 10509 10630 10641 10520 10510 10631 10642 10521
1 5 10510 10631 10642 10521 10511 10632 10643 10522
1 5 10511 10632 10643 10522 10512 10633 10644 10523
1 5 10512 10633 10644 10523 10513 10634 10645 10524
1 5 10513 10634 10645 10524 10514 10635 10646 10525
1 5 10514 10635 10646 10525 10515 10636 10647 10526
1 5 10527 10648 10659 10538 10528 10649 10660 10539
1 5 10528 10649 10660 10539 10529 10650 10661 10540
1 5 10529 10650 10661 10540 10530 10651 10662 10541
1 5 10530 10651 10662 10541 10531 10652 10663 10542
1 5 10531 10652 10663 10542 10532 10653 10664 10543
1 5 10532 10653 10664 10543 10533 10654 10665 10544
1 5 10533 10654 10665 10544 10534 10655 10666 10545
1 5 10534 10655 10666 10545 10535 10656 10667 10546
1 5 10535 10656 10667 10546 10536 10657 10668 10547
1 5 10536 10657 10668 10547 10537 10658 10669 10548
1 5 10538 10659 10670 10549 10539 10660 10671 10550
1 5 10539 10660 10671 10550 10540 10661 10672 10551
1 5 10540 10661 10672 10551 10541 10662 10673 10552
1 5 10541 10662 10673 10552 10542 10663 10674 10553
1 5 10542 10663 10674 10553 10543 10664 10675 10554
1 5 10543 10664 10675 10554 10544 10665 10676 10555
1 5 10544 10665 10676 10555 10545 10666 10677 10556
1 5 10545 10666 10677 10556 10546 10667 10678 10557
1 5 10546 10667 10678 10557 10547 10668 10679 10558
1 5 10547 10668 10679 10558 10548 10669 10680 10559
1 5 10549 10670 10681 10560 10550 10671 10682 10561
1 5 10550 10671 10682 10561 10551 10672 10683 10562
1 5 10551 10672 10683 10562 10552 10673 10684 10563
1 5 10552 10673 10684 10563 10553 10674 10685 10564
1 5 10553 10674 10685 10564 10554 10675 10686 10565
1 5 10554 10675 10686 10565 10555 10676 10687 10566
1 5 10555 10676 10687 10566 10556 10677 10688 10567
1 5 10556 10677 10688 10567 10557 10678 10689 10568
1 5 10557 10678 10689 10568 10558 10679 10690 10569
1 5 10558 10679 10690 10569 10559 10680 10691 10570
1 5 10560 10681 10692 10571 10561 10682 10693 10572
1 5 10561 10682 10693 10572 10562 10683 10694 10573
1 5 10562 10683 10694 10573 10563 10684 10695 10574
1 5 10563 10684 10695 10574 10564 10685 10696 10575
1 5 10564 10685 10696 10575 10565 10686 10697 10576
1 5 10565 10686 10697 10576 10566 10687 10698 10577
1 5 10566 10687 10698 10577 10567 10688 10699 10578
1 5 10567 10688 10699 10578 10568 10689 10700 10579
1 5 10568 10689 10700 10579 10569 10690 10701 10580
1 5 10569 10690 10701 10580 10570 10691 10702 10581
1 5 10571 10692 10703 10582 10572 10693 10704 10583
1 5 10572 10693 10704 10583 10573 10694 10705 10584
1 5 10573 10694 10705 10584 10574 10695 10706 10585
1 5 10574 10695 10706 10585 10575 10696 10707 10586
1 5 10575 10696 10707 10586 10576 10697 10708 10587
1 5 10576 10697 10708 10587 10577 10698 10709 10588
1 5 10577 10698 10709 10588 10578 10699 10710 10589
1 5 10578 10699 10710 10589 10579 10700 10711 10590
1 5 10579 10700 10711 10590 10580 10701 10712 10591
1 5 10580 10701 10712 10591 10581 10702 10713 10592
1 5 10582 10703 10714 10593 10583 10704 10715 10594
1 5 10583 10704 10715 10594 10584 10705 10716 10595
1 5 10584 10705 10716 10595 10585 10706 10717 10596
1 5 10585 10706 10717 10596 10586 10707 10718 10597
1 5 10586 10707 10718 10597 10587 10708 10719 10598
1 5 10587 10708 10719 10598 10588 10709 10720 10599
1 5 10588 10709 10720 10599 10589 10710 10721 10600
1 5 10589 10710 10721 10600 10590 10711 10722 10601
1 5 10590 10711 10722 10601 10591 10712 10723 10602
1 5 10591 10712 10723 10602 10592 10713 10724 10603
1 5 10593 10714 10725 10604 10594 10715 10726 10605
1 5 10594 10715 10726 10605 10595 10716 10727 10606
1 5 10595 10716 10727 10606 10596 10717 10728 10607
1 5 10596 10717 10728 10607 10597 10718 10729 10608
1 5 10597 10718 10729 10608 10598 10719 10730 10609
1 5 10598 10719 10730 10609 10599 10720 10731 10610
1 5 10599 10720 10731 10610 10600 10721 10732 10611
1 5 10600 10721 10732 10611 10601 10722 10733 10612
1 5 10601 10722 10733 10612 10602 10723 10734 10613
1 5 10602 10723 10734 10613 10603 10724 10735 10614
1 5 10604 10725 10736 10615 10605 10726 10737 10616
1 5 10605 10726 10737 10616 10606 10727 10738 10617
1 5 10606 10727 10738 10617 10607 10728 10739 10618
1 5 10607 10728 10739 10618 10608 10729 10740 10619
1 5 10608 10729 10740 10619 10609 10730 10741 10620
1 5 10609 10730 10741 10620 10610 10731 10742 10621
1 5 10610 10731 10742 10621 10611 10732 10743 10622
1 5 10611 10732 10743 10622 10612 10733 10744 10623
1 5 10612 10733 10744 10623 10613 10734 10745 10624
1 5 10613 10734 10745 10624 10614 10735 10746 10625
1 5 10615 10736 10747 10626 10616 10737 10748 10627
1 5 10616 10737 10748 10627 10617 10738 10749 10628
1 5 10617 10738 10749 10628 10618 10739 10750 10629
1 5 10618 10739 10750 10629 10619 10740 10751 10630
1 5 10619 10740 10751 10630 10620 10741 10752 10631
1 5 10620 10741 10752 10631 10621 10742 10753 10632
1 5 10621 10742 10753 10632 10622 10743 10754 10633
1 5 10622 10743 10754 10633 10623 10744 10755 10634
1 5 10623 10744 10755 10634 10624 10745 10756 10635
1 5 10624 10745 10756 10635 10625 10746 10757 10636
1 5 10626 10747 10758 10637 10627 10748 10759 10638
1 5 10627 10748 10759 10638 10628 10749 10760 10639
1 5 10628 10749 10760 10639 10629 10750 10761 10640
1 5 10629 10750 10761 10640 10630 10751 10762 10641
1 5 10630 10751 10762 10641 10631 10752 10763 10642
1 5 10631 10752 10763 10642 10632 10753 10764 10643
1 5 10632 10753 10764 10643 10633 10754 10765 10644
1 5 10633 10754 10765 10644 10634 10755 10766 10645
1 5 10634 10755 10766 10645 10635 10756 10767 10646
1 5 10635 10756 10767 10646 10636 10757 10768 10647
1 5 10648 10769 10780 10659 10649 10770 10781 10660
1 5 10649 10770 10781 10660 10650 10771 10782 10661
1 5 10650 10771 10782 10661 10651 10772 10783 10662
1 5 10651 10772 10783 10662 10652 10773 10784 10663
1 5 10652 10773 10784 10663 10653 10774 10785 10664
1 5 10653 10774 10785 10664 10654 10775 10786 10665
1 5 10654 10775 10786 10665 10655 10776 10787 10666
1 5 10655 10776 10787 10666 10656 10777 10788 10667
1 5 10656 10777 10788 10667 10657 10778 10789 10668
1 5 10657 10778 10789 10668 10658 10779 10790 10669
1 5 10659 10780 10791 10670 10660 10781 10792 10671
1 5 10660 10781 10792 10671 10661 10782 10793 10672
1 5 10661 10782 10793 10672 10662 10783 10794 10673
1 5 10662 10783 10794 10673 10663 10784 10795 10674
1 5 10663 10784 10795 10674 10664 10785 10796 10675
1 5 10664 10785 10796 10675 10665 10786 10797 10676
1 5 10665 10786 10797 10676 10666 10787 10798 10677
1 5 10666 10787 10798 10677 10667 10788 10799 10678
1 5 10667 10788 10799 10678 10668 10789 10800 10679
1 5 10668 10789 10800 10679 10669 10790 10801 10680
1 5 10670 10791 10802 10681 10671 10792 10803 10682
1 5 10671 10792 10803 10682 10672 10793 10804 10683
1 5 10672 10793 10804 10683 10673 10794 10805 10684
1 5 10673 10794 10805 10684 10674 10795 10806 10685
1 5 10674 10795 10806 10685 10675 10796 10807 10686
1 5 10675 10796 10807 10686 10676 10797 10808 10687
1 5 10676 10797 10808 10687 10677 10798 10809 10688
1 5 10677 10798 10809 10688 10678 10799 10810 10689
1 5 10678 10799 10810 10689 10679 10800 10811 10690
1 5 10679 10800 10811 10690 10680 10801 10812 10691
1 5 10681 10802 10813 10692 10682 10803 10814 10693
1 5 10682 10803 10814 10693 10683 10804 10815 10694
1 5 10683 10804 10815 10694 10684 10805 10816 10695
1 5 10684 10805 10816 10695 10685 10806 10817 10696
1 5 10685 10806 10817 10696 10686 10807 10818 10697
1 5 10686 10807 10818 10697 10687 10808 10819 10698
1 5 10687 10808 10819 10698 10688 10809 10820 10699
1 5 10688 10809 10820 10699 10689 10810 10821 10700
1 5 10689 10810 10821 10700 10690 10811 10822 10701
1 5 10690 10811 10822 10701 10691 10812 10823 10702
1 5 10692 10813 10824 10703 10693 10814 10825 10704
1 5 10693 10814 10825 10704 10694 10815 10826 10705
1 5 10694 10815 10826 10705 10695 10816 10827 10706
1 5 10695 10816 10827 10706 10696 10817 10828 10707
1 5 10696 10817 10828 10707 10697 10818 10829 10708
1 5 10697 10818 10829 10708 10698 10819 10830 10709
1 5 10698 10819 10830 10709 10699 10820 10831 10710
1 5 10699 10820 10831 10710 10700 10821 10832 10711
1 5 10700 10821 10832 10711 10701 10822 10833 10712
1 5 10701 10822 10833 10712 10702 10823 10834 10713
1 5 10703 10824 10835 10714 10704 10825 10836 10715
1 5 10704 10825 10836 10715 10705 10826 10837 10716
1 5 10705 10826 10837 10716 10706 10827 10838 10717
1 5 10706 10827 10838 10717 10707 10828 10839 10718
1 5 10707 10828 10839 10718 10708 10829 10840 10719
1 5 10708 10829 10840 10719 10709 10830 10841 10720
1 5 10709 10830 10841 10720 10710 10831 10842 10721
1 5 10710 10831 10842 10721 10711 10832 10843 10722
1 5 10711 10832 10843 10722 10712 10833 10844 10723
1 5 10712 10833 10844 10723 10713 10834 10845 10724
1 5 10714 10835 10846 10725 10715 10836 10847 10726
1 5 10715 10836 10847 10726 10716 10837 10848 10727
1 5 10716 10837 10848 10727 10717 10838 10849 10728
1 5 10717 10838 10849 10728 10718 10839 10850 10729
1 5 10718 10839 10850 10729 10719 10840 10851 10730
1 5 10719 10840 10851 10730 10720 10841 10852 10731
1 5 10720 10841 10852 10731 10721 10842 10853 10732
1 5 10721 10842 10853 10732 10722 10843 10854 10733
1 5 10722 10843 10854 10733 10723 10844 10855 10734
1 5 10723 10844 10855 10734 10724 10845 10856 10735
1 5 10725 10846 10857 10736 10726 10847 10858 10737
1 5 10726 10847 10858 10737 10727 10848 10859 10738
1 5 10727 10848 10859 10738 10728 10849 10860 10739
1 5 10728 10849 10860 10739 10729 10850 10861 10740
1 5 10729 10850 10861 10740 10730 10851 10862 10741
1 5 10730 10851 10862 10741 10731 10852 10863 10742
1 5 10731 10852 10863 10742 10732 10853 10864 10743
1 5 10732 10853 10864 10743 10733 10854 10865 10744
1 5 10733 10854 10865 10744 10734 10855 10866 10745
1 5 10734 10855 10866 10745 10735 10856 10867 10746
1 5 10736 10857 10868 10747 10737 10858 10869 10748
1 5 10737 10858 10869 10748 10738 10859 10870 10749
1 5 10738 10859 10870 10749 10739 10860 10871 10750
1 5 10739 10860 10871 10750 10740 10861 10872 10751
1 5 10740 10861 10872 10751 10741 10862 10873 10752
1 5 10741 10862 10873 10752 10742 10863 10874 10753
1 5 10742 10863 10874 10753 10743 10864 10875 10754
1 5 10743 10864 10875 10754 10744 10865 10876 10755
1 5 10744 10865 10876 10755 10745 10866 10877 10756
1 5 10745 10866 10877 10756 10746 10867 10878 10757
1 5 10747 10868 10879 10758 10748 10869 10880 10759
1 5 10748 10869 10880 10759 10749 10870 10881 10760
1 5 10749 10870 10881 10760 10750 10871 10882 10761
1 5 10750 10871 10882 10761 10751 10872 10883 10762
1 5 10751 10872 10883 10762 10752 10873 10884 10763
1 5 10752 10873 10884 10763 10753 10874 10885 10764
1 5 10753 10874 10885 10764 10754 10875 10886 10765
1 5 10754 10875 10886 10765 10755 10876 10887 10766
1 5 10755 10876 10887 10766 10756 10877 10888 10767
1 5 10756 10877 10888 10767 10757 10878 10889 10768
1 5 10769 10890 10901 10780 10770 10891 10902 10781
1 5 10770 10891 10902 10781 10771 10892 10903 10782
1 5 10771 10892 10903 10782 10772 10893 10904 10783
1 5 10772 10893 10904 10783 10773 10894 10905 10784
1 5 10773 10894 10905 10784 10774 10895 10906 10785
1 5 10774 10895 10906 10785 10775 10896 10907 10786
1 5 10775 10896 10907 10786 10776 10897 10908 10787
1 5 10776 10897 10908 10787 10777 10898 10909 10788
1 5 10777 10898 10909 10788 10778 10899 10910 10789
1 5 10778 10899 10910 10789 10779 10900 10911 10790
1 5 10780 10901 10912 10791 10781 10902 10913 10792
1 5 10781 10902 10913 10792 10782 10903 10914 10793
1 5 10782 10903 10914 10793 10783 10904 10915 10794
1 5 10783 10904 10915 10794 10784 10905 10916 10795
1 5 10784 10905 10916 10795 10785 10906 10917 10796
1 5 10785 10906 10917 10796 10786 10907 10918 10797
1 5 10786 10907 10918 10797 10787 10908 10919 10798
1 5 10787 10908 10919 10798 10788 10909 10920 10799
1 5 10788 10909 10920 10799 10789 10910 10921 10800
1 5 10789 10910 10921 10800 10790 10911 10922 10801
1 5 10791 10912 10923 10802 10792 10913 10924 10803
1 5 10792 10913 10924 10803 10793 10914 10925 10804
1 5 10793 10914 10925 10804 10794 10915 10926 10805
1 5 10794 10915 10926 10805 10795 10916 10927 10806
1 5 10795 10916 10927 10806 10796 10917 10928 10807
1 5 10796 10917 10928 10807 10797 10918 10929 10808
1 5 10797 10918 10929 10808 10798 10919 10930 10809
1 5 10798 10919 10930 10809 10799 10920 10931 10810
1 5 10799 10920 10931 10810 10800 10921 10932 10811
1 5 10800 10921 10932 10811 10801 10922 10933 10812
1 5 10802 10923 10934 10813 10803 10924 10935 10814
1 5 10803 10924 10935 10814 10804 10925 10936 10815
1 5 10804 10925 10936 10815 10805 10926 10937 10816
1 5 10805 10926 10937 10816 10806 10927 10938 10817
1 5 10806 10927 10938 10817 10807 10928 10939 10818
1 5 10807 10928 10939 10818 10808 10929 10940 10819
1 5 10808 10929 10940 10819 10809 10930 10941 10820
1 5 10809 10930 10941 10820 10810 10931 10942 10821
1 5 10810 10931 10942 10821 10811 10932 10943 10822
1 5 10811 10932 10943 10822 10812 10933 10944 10823
1 5 10813 10934 10945 10824 10814 10935 10946 10825
1 5 10814 10935 10946 10825 10815 10936 10947 10826
1 5 10815 10936 10947 10826 10816 10937 10948 10827
1 5 10816 10937 10948 10827 10817 10938 10949 10828
1 5 10817 10938 10949 10828 10818 10939 10950 10829
1 5 10818 10939 10950 10829 10819 10940 10951 10830
1 5 10819 10940 10951 10830 10820 10941 10952 10831
1 5 10820 10941 10952 10831 10821 10942 10953 10832
1 5 10821 10942 10953 10832 10822 10943 10954 10833
1 5 10822 10943 10954 10833 10823 10944 10955 10834
1 5 10824 10945 10956 10835 10825 10946 10957 10836
1 5 10825 10946 10957 10836 10826 10947 10958 10837
1 5 10826 10947 10958 10837 10827 10948 10959 10838
1 5 10827 10948 10959 10838 10828 10949 10960 10839
1 5 10828 10949 10960 10839 10829 10950 10961 10840
1 5 10829 10950 10961 10840 10830 10951 10962 10841
1 5 10830 10951 10962 10841 10831 10952 10963 10842
1 5 10831 10952 10963 10842 10832 10953 10964 10843
1 5 10832 10953 10964 10843 10833 10954 10965 10844
1 5 10833 10954 10965 10844 10834 10955 10966 10845
1 5 10835 10956 10967 10846 10836 10957 10968 10847
1 5 10836 10957 10968 10847 10837 10958 10969 10848
1 5 10837 10958 10969 10848 10838 10959 10970 10849
1 5 10838 10959 10970 10849 10839 10960 10971 10850
1 5 10839 10960 10971 10850 10840 10961 10972 10851
1 5 10840 10961 10972 10851 10841 10962 10973 10852
1 5 10841 10962 10973 10852 10842 10963 10974 10853
1 5 10842 10963 10974 10853 10843 10964 10975 10854
1 5 10843 10964 10975 10854 10844 10965 10976 10855
1 5 10844 10965 10976 10855 10845 10966 10977 10856
1 5 10846 10967 10978 10857 10847 10968 10979 10858
1 5 10847 10968 10979 10858 10848 10969 10980 10859
1 5 10848 10969 10980 10859 10849 10970 10981 10860
1 5 10849 10970 10981 10860 10850 10971 10982 10861
1 5 10850 10971 10982 10861 10851 10972 10983 10862
1 5 10851 10972 10983 10862 10852 10973 10984 10863
1 5 10852 10973 10984 10863 10853 10974 10985 10864
1 5 10853 10974 10985 10864 10854 10975 10986 10865
1 5 10854 10975 10986 10865 10855 10976 10987 10866
1 5 10855 10976 10987 10866 10856 10977 10988 10867
1 5 10857 10978 10989 10868 10858 10979 10990 10869
1 5 10858 10979 10990 10869 10859 10980 10991 10870
1 5 10859 10980 10991 10870 10860 10981 10992 10871
1 5 10860 10981 10992 10871 10861 10982 10993 10872
1 5 10861 10982 10993 10872 10862 10983 10994 10873
1 5 10862 10983 10994 10873 10863 10984 10995 10874
1 5 10863 10984 10995 10874 10864 10985 10996 10875
1 5 10864 10985 10996 10875 10865 10986 10997 10876
1 5 10865 10986 10997 10876 10866 10987 10998 10877
1 5 10866 10987 10998 10877 10867 10988 10999 10878
1 5 10868 10989 11000 10879 10869 10990 11001 10880
1 5 10869 10990 11001 10880 10870 10991 11002 10881
1 5 10870 10991 11002 10881 10871 10992 11003 10882
1 5 10871 10992 11003 10882 10872 10993 11004 10883
1 5 10872 10993 11004 10883 10873 10994 11005 10884
1 5 10873 10994 11005 10884 10874 10995 11006 10885
1 5 10874 10995 11006 10885 10875 10996 11007 10886
1 5 10875 10996 11007 10886 10876 10997 11008 10887
1 5 10876 10997 11008 10887 10877 10998 11009 10888
1 5 10877 10998 11009 10888 10878 10999 11010 10889
1 5 10890 11011 11022 10901 10891 11012 11023 10902
1 5 10891 11012 11023 10902 10892 11013 11024 10903
1 5 10892 11013 11024 10903 10893 11014 11025 10904
1 5 10893 11014 11025 10904 10894 11015 11026 10905
1 5 10894 11015 11026 10905 10895 11016 11027 10906
1 5 10895 11016 11027 10906 10896 11017 11028 10907
1 5 10896 11017 11028 10907 10897 11018 11029 10908
1 5 10897 11018 11029 10908 10898 11019 11030 10909
1 5 10898 11019 11030 10909 10899 11020 11031 10910
1 5 10899 11020 11031 10910 10900 11021 11032 10911
1 5 10901 11022 11033 10912 10902 11023 11034 10913
1 5 10902 11023 11034 10913 10903 11024 11035 10914
1 5 10903 11024 11035 10914 10904 11025 11036 10915
1 5 10904 11025 11036 10915 10905 11026 11037 10916
1 5 10905 11026 11037 10916 10906 11027 11038 10917
1 5 10906 11027 11038 10917 10907 11028 11039 10918
1 5 10907 11028 11039 10918 10908 11029 11040 10919
1 5 10908 11029 11040 10919 10909 11030 11041 10920
1 5 10909 11030 11041 10920 10910 11031 11042 10921
1 5 10910 11031 11042 10921 10911 11032 11043 10922
1 5 10912 11033 11044 10923 10913 11034 11045 10924
1 5 10913 11034 11045 10924 10914 11035 11046 10925
1 5 10914 11035 11046 10925 10915 11036 11047 10926
1 5 10915 11036 11047 10926 10916 11037 11048 10927
1 5 10916 11037 11048 10927 10917 11038 11049 10928
1 5 10917 11038 11049 10928 10918 11039 11050 10929
1 5 10918 11039 11050 10929 10919 11040 11051 10930
1 5 10919 11040 11051 10930 10920 11041 11052 10931
1 5 10920 11041 11052 10931 10921 11042 11053 10932
1 5 10921 11042 11053 10932 10922 11043 11054 10933
1 5 10923 11044 11055 10934 10924 11045 11056 10935
1 5 10924 11045 11056 10935 10925 11046 11057 10936
1 5 10925 11046 11057 10936 10926 11047 11058 10937
1 5 10926 11047 11058 10937 10927 11048 11059 10938
1 5 10927 11048 11059 10938 10928 11049 11060 10939
1 5 10928 11049 11060 10939 10929 11050 11061 10940
1 5 10929 11050 11061 10940 10930 11051 11062 10941
1 5 10930 11051 11062 10941 10931 11052 11063 10942
1 5 10931 11052 11063 10942 10932 11053 11064 10943
1 5 10932 11053 11064 10943 10933 11054 11065 10944
1 5 10934 11055 11066 10945 10935 11056 11067 10946
1 5 10935 11056 11067 10946 10936 11057 11068 10947
1 5 10936 11057 11068 10947 10937 11058 11069 10948
1 5 10937 11058 11069 10948 10938 11059 11070 10949
1 5 10938 11059 11070 10949 10939 11060 11071 10950
1 5 10939 11060 11071 10950 10940 11061 11072 10951
1 5 10940 11061 11072 10951 10941 11062 11073 10952
1 5 10941 11062 11073 10952 10942 11063 11074 10953
1 5 10942 11063 11074 10953 10943 11064 11075 10954
1 5 10943 11064 11075 10954 10944 11065 11076 10955
1 5 10945 11066 11077 10956 10946 11067 11078 10957
1 5 10946 11067 11078 10957 10947 11068 11079 10958
1 5 10947 11068 11079 10958 10948 11069 11080 10959
1 5 10948 11069 11080 10959 10949 11070 11081 10960
1 5 10949 11070 11081 10960 10950 11071 11082 10961
1 5 10950 11071 11082 10961 10951 11072 11083 10962
1 5 10951 11072 11083 10962 10952 11073 11084 10963
1 5 10952 11073 11084 10963 10953 11074 11085 10964
1 5 10953 11074 11085 10964 10954 11075 11086 10965
1 5 10954 11075 11086 10965 10955 11076 11087 10966
1 5 10956 11077 11088 10967 10957 11078 11089 10968
1 5 10957 11078 11089 10968 10958 11079 11090 10969
1 5 10958 11079 11090 10969 10959 11080 11091 10970
1 5 10959 11080 11091 10970 10960 11081 11092 10971
1 5 10960 11081 11092 10971 10961 11082 11093 10972
1 5 10961 11082 11093 10972 10962 11083 11094 10973
1 5 10962 11083 11094 10973 10963 11084 11095 10974
1 5 10963 11084 11095 10974 10964 11085 11096 10975
1 5 10964 11085 11096 10975 10965 11086 11097 10976
1 5 10965 11086 11097 10976 10966 11087 11098 10977
1 5 10967 11088 11099 10978 10968 11089 11100 10979
1 5 10968 11089 11100 10979 10969 11090 11101 10980
1 5 10969 11090 11101 10980 10970 11091 11102 10981
1 5 10970 11091 11102 10981 10971 11092 11103 10982
1 5 10971 11092 11103 10982 10972 11093 11104 10983
1 5 10972 11093 11104 10983 10973 11094 11105 10984
1 5 10973 11094 11105 10984 10974 11095 11106 10985
1 5 10974 11095 11106 10985 10975 11096 11107 10986
1 5 10975 11096 11107 10986 10976 11097 11108 10987
1 5 10976 11097 11108 10987 10977 11098 11109 10988
1 5 10978 11099 11110 10989 10979 11100 11111 10990
1 5 10979 11100 11111 10990 10980 11101 11112 10991
1 5 10980 11101 11112 10991 10981 11102 11113 10992
1 5 10981 11102 11113 10992 10982 11103 11114 10993
1 5 10982 11103 11114 10993 10983 11104 11115 10994
1 5 10983 11104 11115 10994 10984 11105 11116 10995
1 5 10984 11105 11116 10995 10985 11106 11117 10996
1 5 10985 11106 11117 10996 10986 11107 11118 10997
1 5 10986 11107 11118 10997 10987 11108 11119 10998
1 5 10987 11108 11119 10998 10988 11109 11120 10999
1 5 10989 11110 11121 11000 10990 11111 11122 11001
1 5 10990 11111 11122 11001 10991 11112 11123 11002
1 5 10991 11112 11123 11002 10992 11113 11124 11003
1 5 10992 11113 11124 11003 10993 11114 11125 11004
1 5 10993 11114 11125 11004 10994 11115 11126 11005
1 5 10994 11115 11126 11005 10995 11116 11127 11006
1 5 10995 11116 11127 11006 10996 11117 11128 11007
1 5 10996 11117 11128 11007 10997 11118 11129 11008
1 5 10997 11118 11129 11008 10998 11119 11130 11009
1 5 10998 11119 11130 11009 10999 11120 11131 11010
1 5 11011 11132 11143 11022 11012 11133 11144 11023
1 5 11012 11133 11144 11023 11013 11134 11145 11024
1 5 11013 11134 11145 11024 11014 11135 11146 11025
1 5 11014 11135 11146 11025 11015 11136 11147 11026
1 5 11015 11136 11147 11026 11016 11137 11148 11027
1 5 11016 11137 11148 11027 11017 11138 11149 11028
1 5 11017 11138 11149 11028 11018 11139 11150 11029
1 5 11018 11139 11150 11029 11019 11140 11151 11030
1 5 11019 11140 11151 11030 11020 11141 11152 11031
1 5 11020 11141 11152 11031 11021 11142 11153 11032
1 5 11022 11143 11154 11033 11023 11144 11155 11034
1 5 11023 11144 11155 11034 11024 11145 11156 11035
1 5 11024 11145 11156 11035 11025 11146 11157 11036
1 5 11025 11146 11157 11036 11026 11147 11158 11037
1 5 11026 11147 11158 11037 11027 11148 11159 11038
1 5 11027 11148 11159 11038 11028 11149 11160 11039
1 5 11028 11149 11160 11039 11029 11150 11161 11040
1 5 11029 11150 11161 11040 11030 11151 11162 11041
1 5 11030 11151 11162 11041 11031 11152 11163 11042
1 5 11031 11152 11163 11042 11032 11153 11164 11043
1 5 11033 11154 11165 11044 11034 11155 11166 11045
1 5 11034 11155 11166 11045 11035 11156 11167 11046
1 5 11035 11156 11167 11046 11036 11157 11168 11047
1 5 11036 11157 11168 11047 11037 11158 11169 11048
1 5 11037 11158 11169 11048 11038 11159 11170 11049
1 5 11038 11159 11170 11049 11039 11160 11171 11050
1 5 11039 11160 11171 11050 11040 11161 11172 11051
1 5 11040 11161 11172 11051 11041 11162 11173 11052
1 5 11041 11162 11173 11052 11042 11163 11174 11053
1 5 11042 11163 11174 11053 11043 11164 11175 11054
1 5 11044 11165 11176 11055 11045 11166 11177 11056
1 5 11045 11166 11177 11056 11046 11167 11178 11057
1 5 11046 11167 11178 11057 11047 11168 11179 11058
1 5 11047 11168 11179 11058 11048 11169 11180 11059
1 5 11048 11169 11180 11059 11049 11170 11181 11060
1 5 11049 11170 11181 11060 11050 11171 11182 11061
1 5 11050 11171 11182 11061 11051 11172 11183 11062
1 5 11051 11172 11183 11062 11052 11173 11184 11063
1 5 11052 11173 11184 11063 11053 11174 11185 11064
1 5 11053 11174 11185 11064 11054 11175 11186 11065
1 5 11055 11176 11187 11066 11056 11177 11188 11067
1 5 11056 11177 11188 11067 11057 11178 11189 11068
1 5 11057 11178 11189 11068 11058 11179 11190 11069
1 5 11058 11179 11190 11069 11059 11180 11191 11070
1 5 11059 11180 11191 11070 11060 11181 11192 11071
1 5 11060 11181 11192 11071 11061 11182 11193 11072
1 5 11061 11182 11193 11072 11062 11183 11194 11073
1 5 11062 11183 11194 11073 11063 11184 11195 11074
1 5 11063 11184 11195 11074 11064 11185 11196 11075
1 5 11064 11185 11196 11075 11065 11186 11197 11076
1 5 11066 11187 11198 11077 11067 11188 11199 11078
1 5 11067 11188 11199 11078 11068 11189 11200 11079
1 5 11068 11189 11200 11079 11069 11190 11201 11080
1 5 11069 11190 11201 11080 11070 11191 11202 11081
1 5 11070 11191 11202 11081 11071 11192 11203 11082
1 5 11071 11192 11203 11082 11072 11193 11204 11083
1 5 11072 11193 11204 11083 11073 11194 11205 11084
1 5 11073 11194 11205 11084 11074 11195 11206 11085
1 5 11074 11195 11206 11085 11075 11196 11207 11086
1 5 11075 11196 11207 11086 11076 11197 11208 11087
1 5 11077 11198 11209 11088 11078 11199 11210 11089
1 5 11078 11199 11210 11089 11079 11200 11211 11090
1 5 11079 11200 11211 11090 11080 11201 11212 11091
1 5 11080 11201 11212 11091 11081 11202 11213 11092
1 5 11081 11202 11213 11092 11082 11203 11214 11093
1 5 11082 11203 11214 11093 11083 11204 11215 11094
1 5 11083 11204 11215 11094 11084 11205 11216 11095
1 5 11084 11205 11216 11095 11085 11206 11217 11096
1 5 11085 11206 11217 11096 11086 11207 11218 11097
1 5 11086 11207 11218 11097 11087 11208 11219 11098
1 5 11088 11209 11220 11099 11089 11210 11221 11100
1 5 11089 11210 11221 11100 11090 11211 11222 11101
1 5 11090 11211 11222 11101 11091 11212 11223 11102
1 5 11091 11212 11223 11102 11092 11213 11224 11103
1 5 11092 11213 11224 11103 11093 11214 11225 11104
1 5 11093 11214 11225 11104 11094 11215 11226 11105
1 5 11094 11215 11226 11105 11095 11216 11227 11106
1 5 11095 11216 11227 11106 11096 11217 11228 11107
1 5 11096 11217 11228 11107 11097 11218 11229 11108
1 5 11097 11218 11229 11108 11098 11219 11230 11109
1 5 11099 11220 11231 11110 11100 11221 11232 11111
1 5 11100 11221 11232 11111 11101 11222 11233 11112
1 5 11101 11222 11233 11112 11102 11223 11234 11113
1 5 11102 11223 11234 11113 11103 11224 11235 11114
1 5 11103 11224 11235 11114 11104 11225 11236 11115
1 5 11104 11225 11236 11115 11105 11226 11237 11116
1 5 11105 11226 11237 11116 11106 11227 11238 11117
1 5 11106 11227 11238 11117 11107 11228 11239 11118
1 5 11107 11228 11239 11118 11108 11229 11240 11119
1 5 11108 11229 11240 11119 11109 11230 11241 11120
1 5 11110 11231 11242 11121 11111 11232 11243 11122
1 5 11111 11232 11243 11122 11112 11233 11244 11123
1 5 11112 11233 11244 11123 11113 11234 11245 11124
1 5 11113 11234 11245 11124 11114 11235 11246 11125
1 5 11114 11235 11246 11125 11115 11236 11247 11126
1 5 11115 11236 11247 11126 11116 11237 11248 11127
1 5 11116 11237 11248 11127 11117 11238 11249 11128
1 5 11117 11238 11249 11128 11118 11239 11250 11129
1 5 11118 11239 11250 11129 11119 11240 11251 11130
1 5 11119 11240 11251 11130 11120 11241 11252 11131
1 5 11132 11253 11264 11143 11133 11254 11265 11144
1 5 11133 11254 11265 11144 11134 11255 11266 11145
1 5 11134 11255 11266 11145 11135 11256 11267 11146
1 5 11135 11256 11267 11146 11136 11257 11268 11147
1 5 11136 11257 11268 11147 11137 11258 11269 11148
1 5 11137 11258 11269 11148 11138 11259 11270 11149
1 5 11138 11259 11270 11149 11139 11260 11271 11150
1 5 11139 11260 11271 11150 11140 11261 11272 11151
1 5 11140 11261 11272 11151 11141 11262 11273 11152
1 5 11141 11262 11273 11152 11142 11263 11274 11153
1 5 11143 11264 11275 11154 11144 11265 11276 11155
1 5 11144 11265 11276 11155 11145 11266 11277 11156
1 5 11145 11266 11277 11156 11146 11267 11278 11157
1 5 11146 11267 11278 11157 11147 11268 11279 11158
1 5 11147 11268 11279 11158 11148 11269 11280 11159
1 5 11148 11269 11280 11159 11149 11270 11281 11160
1 5 11149 11270 11281 11160 11150 11271 11282 11161
1 5 11150 11271 11282 11161 11151 11272 11283 11162
1 5 11151 11272 11283 11162 11152 11273 11284 11163
1 5 11152 11273 11284 11163 11153 11274 11285 11164
1 5 11154 11275 11286 11165 11155 11276 11287 11166
1 5 11155 11276 11287 11166 11156 11277 11288 11167
1 5 11156 11277 11288 11167 11157 11278 11289 11168
1 5 11157 11278 11289 11168 11158 11279 11290 11169
1 5 11158 11279 11290 11169 11159 11280 11291 11170
1 5 11159 11280 11291 11170 11160 11281 11292 11171
1 5 11160 11281 11292 11171 11161 11282 11293 11172
1 5 11161 11282 11293 11172 11162 11283 11294 11173
1 5 11162 11283 11294 11173 11163 11284 11295 11174
1 5 11163 11284 11295 11174 11164 11285 11296 11175
1 5 11165 11286 11297 11176 11166 11287 11298 11177
1 5 11166 11287 11298 11177 11167 11288 11299 11178
1 5 11167 11288 11299 11178 11168 11289 11300 11179
1 5 11168 11289 11300 11179 11169 11290 11301 11180
1 5 11169 11290 11301 11180 11170 11291 11302 11181
1 5 11170 11291 11302 11181 11171 11292 11303 11182
1 5 11171 11292 11303 11182 11172 11293 11304 11183
1 5 11172 11293 11304 11183 11173 11294 11305 11184
1 5 11173 11294 11305 11184 11174 11295 11306 11185
1 5 11174 11295 11306 11185 11175 11296 11307 11186
1 5 11176 11297 11308 11187 11177 11298 11309 11188
1 5 11177 11298 11309 11188 11178 11299 11310 11189
1 5 11178 11299 11310 11189 11179 11300 11311 11190
1 5 11179 11300 11311 11190 11180 11301 11312 11191
1 5 11180 11301 11312 11191 11181 11302 11313 11192
1 5 11181 11302 11313 11192 11182 11303 11314 11193
1 5 11182 11303 11314 11193 11183 11304 11315 11194
1 5 11183 11304 11315 11194 11184 11305 11316 11195
1 5 11184 11305 11316 11195 11185 11306 11317 11196
1 5 11185 11306 11317 11196 11186 11307 11318 11197
1 5 11187 11308 11319 11198 11188 11309 11320 11199
1 5 11188 11309 11320 11199 11189 11310 11321 11200
1 5 11189 11310 11321 11200 11190 11311 11322 11201
1 5 11190 11311 11322 11201 11191 11312 11323 11202
1 5 11191 11312 11323 11202 11192 11313 11324 11203
1 5 11192 11313 11324 11203 11193 11314 11325 11204
1 5 11193 11314 11325 11204 11194 11315 11326 11205
1 5 11194 11315 11326 11205 11195 11316 11327 11206
1 5 11195 11316 11327 11206 11196 11317 11328 11207
1 5 11196 11317 11328 11207 11197 11318 11329 11208
1 5 11198 11319 11330 11209 11199 11320 11331 11210
1 5 11199 11320 11331 11210 11200 11321 11332 11211
1 5 11200 11321 11332 11211 11201 11322 11333 11212
1 5 11201 11322 11333 11212 11202 11323 11334 11213
1 5 11202 11323 11334 11213 11203 11324 11335 11214
1 5 11203 11324 11335 11214 11204 11325 11336 11215
1 5 11204 11325 11336 11215 11205 11326 11337 11216
1 5 11205 11326 11337 11216 11206 11327 11338 11217
1 5 11206 11327 11338 11217 11207 11328 11339 11218
1 5 11207 11328 11339 11218 11208 11329 11340 11219
1 5 11209 11330 11341 11220 11210 11331 11342 11221
1 5 11210 11331 11342 11221 11211 11332 11343 11222
1 5 11211 11332 11343 11222 11212 11333 11344 11223
1 5 11212 11333 11344 11223 11213 11334 11345 11224
1 5 11213 11334 11345 11224 11214 11335 11346 11225
1 5 11214 11335 11346 11225 11215 11336 11347 11226
1 5 11215 11336 11347 11226 11216 11337 11348 11227
1 5 11216 11337 11348 11227 11217 11338 11349 11228
1 5 11217 11338 11349 11228 11218 11339 11350 11229
1 5 11218 11339 11350 11229 11219 11340 11351 11230
1 5 11220 11341 11352 11231 11221 11342 11353 11232
1 5 11221 11342 11353 11232 11222 11343 11354 11233
1 5 11222 11343 11354 11233 11223 11344 11355 11234
1 5 11223 11344 11355 11234 11224 11345 11356 11235
1 5 11224 11345 11356 11235 11225 11346 11357 11236
1 5 11225 11346 11357 11236 11226 11347 11358 11237
1 5 11226 11347 11358 11237 11227 11348 11359 11238
1 5 11227 11348 11359 11238 11228 11349 11360 11239
1 5 11228 11349 11360 11239 11229 11350 11361 11240
1 5 11229 11350 11361 11240 11230 11351 11362 11241
1 5 11231 11352 11363 11242 11232 11353 11364 11243
1 5 11232 11353 11364 11243 11233 11354 11365 11244
1 5 11233 11354 11365 11244 11234 11355 11366 11245
1 5 11234 11355 11366 11245 11235 11356 11367 11246
1 5 11235 11356 11367 11246 11236 11357 11368 11247
1 5 11236 11357 11368 11247 11237 11358 11369 11248
1 5 11237 11358 11369 11248 11238 11359 11370 11249
1 5 11238 11359 11370 11249 11239 11360 11371 11250
1 5 11239 11360 11371 11250 11240 11361 11372 11251
1 5 11240 11361 11372 11251 11241 11362 11373 11252
1 5 11253 11374 11385 11264 11254 11375 11386 11265
1 5 11254 11375 11386 11265 11255 11376 11387 11266
1 5 11255 11376 11387 11266 11256 11377 11388 11267
1 5 11256 11377 11388 11267 11257 11378 11389 11268
1 5 11257 11378 11389 11268 11258 11379 11390 11269
1 5 11258 11379 11390 11269 11259 11380 11391 11270
1 5 11259 11380 11391 11270 11260 11381 11392 11271
1 5 11260 11381 11392 11271 11261 11382 11393 11272
1 5 11261 11382 11393 11272 11262 11383 11394 11273
1 5 11262 11383 11394 11273 11263 11384 11395 11274
1 5 11264 11385 11396 11275 11265 11386 11397 11276
1 5 11265 11386 11397 11276 11266 11387 11398 11277
1 5 11266 11387 11398 11277 11267 11388 11399 11278
1 5 11267 11388 11399 11278 11268 11389 11400 11279
1 5 11268 11389 11400 11279 11269 11390 11401 11280
1 5 11269 11390 11401 11280 11270 11391 11402 11281
1 5 11270 11391 11402 11281 11271 11392 11403 11282
1 5 11271 11392 11403 11282 11272 11393 11404 11283
1 5 11272 11393 11404 11283 11273 11394 11405 11284
1 5 11273 11394 11405 11284 11274 11395 11406 11285
1 5 11275 11396 11407 11286 11276 11397 11408 11287
1 5 11276 11397 11408 11287 11277 11398 11409 11288
1 5 11277 11398 11409 11288 11278 11399 11410 11289
1 5 11278 11399 11410 11289 11279 11400 11411 11290
1 5 11279 11400 11411 11290 11280 11401 11412 11291
1 5 11280 11401 11412 11291 11281 11402 11413 11292
1 5 11281 11402 11413 11292 11282 11403 11414 11293
1 5 11282 11403 11414 11293 11283 11404 11415 11294
1 5 11283 11404 11415 11294 11284 11405 11416 11295
1 5 11284 11405 11416 11295 11285 11406 11417 11296
1 5 11286 11407 11418 11297 11287 11408 11419 11298
1 5 11287 11408 11419 11298 11288 11409 11420 11299
1 5 11288 11409 11420 11299 11289 11410 11421 11300
1 5 11289 11410 11421 11300 11290 11411 11422 11301
1 5 11290 11411 11422 11301 11291 11412 11423 11302
1 5 11291 11412 11423 11302 11292 11413 11424 11303
1 5 11292 11413 11424 11303 11293 11414 11425 11304
1 5 11293 11414 11425 11304 11294 11415 11426 11305
1 5 11294 11415 11426 11305 11295 11416 11427 11306
1 5 11295 11416 11427 11306 11296 11417 11428 11307
1 5 11297 11418 11429 11308 11298 11419 11430 11309
1 5 11298 11419 11430 11309 11299 11420 11431 11310
1 5 11299 11420 11431 11310 11300 11421 11432 11311
1 5 11300 11421 11432 11311 11301 11422 11433 11312
1 5 11301 11422 11433 11312 11302 11423 11434 11313
1 5 11302 11423 11434 11313 11303 11424 11435 11314
1 5 11303 11424 11435 11314 11304 11425 11436 11315
1 5 11304 11425 11436 11315 11305 11426 11437 11316
1 5 11305 11426 11437 11316 11306 11427 11438 11317
1 5 11306 11427 11438 11317 11307 11428 11439 11318
1 5 11308 11429 11440 11319 11309 11430 11441 11320
1 5 11309 11430 11441 11320 11310 11431 11442 11321
1 5 11310 11431 11442 11321 11311 11432 11443 11322
1 5 11311 11432 11443 11322 11312 11433 11444 11323
1 5 11312 11433 11444 11323 11313 11434 11445 11324
1 5 11313 11434 11445 11324 11314 11435 11446 11325
1 5 11314 11435 11446 11325 11315 11436 11447 11326
1 5 11315 11436 11447 11326 11316 11437 11448 11327
1 5 11316 11437 11448 11327 11317 11438 11449 11328
1 5 11317 11438 11449 11328 11318 11439 11450 11329
1 5 11319 11440 11451 11330 11320 11441 11452 11331
1 5 11320 11441 11452 11331 11321 11442 11453 11332
1 5 11321 11442 11453 11332 11322 11443 11454 11333
1 5 11322 11443 11454 11333 11323 11444 11455 11334
1 5 11323 11444 11455 11334 11324 11445 11456 11335
1 5 11324 11445 11456 11335 11325 11446 11457 11336
1 5 11325 11446 11457 11336 11326 11447 11458 11337
1 5 11326 11447 11458 11337 11327 11448 11459 11338
1 5 11327 11448 11459 11338 11328 11449 11460 11339
1 5 11328 11449 11460 11339 11329 11450 11461 11340
1 5 11330 11451 11462 11341 11331 11452 11463 11342
1 5 11331 11452 11463 11342 11332 11453 11464 11343
1 5 11332 11453 11464 11343 11333 11454 11465 11344
1 5 11333 11454 11465 11344 11334 11455 11466 11345
1 5 11334 11455 11466 11345 11335 11456 11467 11346
1 5 11335 11456 11467 11346 11336 11457 11468 11347
1 5 11336 11457 11468 11347 11337 11458 11469 11348
1 5 11337 11458 11469 11348 11338 11459 11470 11349
1 5 11338 11459 11470 11349 11339 11460 11471 11350
1 5 11339 11460 11471 11350 11340 11461 11472 11351
1 5 11341 11462 11473 11352 11342 11463 11474 11353
1 5 11342 11463 11474 11353 11343 11464 11475 11354
1 5 11343 11464 11475 11354 11344 11465 11476 11355
1 5 11344 11465 11476 11355 11345 11466 11477 11356
1 5 11345 11466 11477 11356 11346 11467 11478 11357
1 5 11346 11467 11478 11357 11347 11468 11479 11358
1 5 11347 11468 11479 11358 11348 11469 11480 11359
1 5 11348 11469 11480 11359 11349 11470 11481 11360
1 5 11349 11470 11481 11360 11350 11471 11482 11361
1 5 11350 11471 11482 11361 11351 11472 11483 11362
1 5 11352 11473 11484 11363 11353 11474 11485 11364
1 5 11353 11474 11485 11364 11354 11475 11486 11365
1 5 11354 11475 11486 11365 11355 11476 11487 11366
1 5 11355 11476 11487 11366 11356 11477 11488 11367
1 5 11356 11477 11488 11367 11357 11478 11489 11368
1 5 11357 11478 11489 11368 11358 11479 11490 11369
1 5 11358 11479 11490 11369 11359 11480 11491 11370
1 5 11359 11480 11491 11370 11360 11481 11492 11371
1 5 11360 11481 11492 11371 11361 11482 11493 11372
1 5 11361 11482 11493 11372 11362 11483 11494 11373
1 5 11374 11495 11506 11385 11375 11496 11507 11386
1 5 11375 11496 11507 11386 11376 11497 11508 11387
1 5 11376 11497 11508 11387 11377 11498 11509 11388
1 5 11377 11498 11509 11388 11378 11499 11510 11389
1 5 11378 11499 11510 11389 11379 11500 11511 11390
1 5 11379 11500 11511 11390 11380 11501 11512 11391
1 5 11380 11501 11512 11391 11381 11502 11513 11392
1 5 11381 11502 11513 11392 11382 11503 11514 11393
1 5 11382 11503 11514 11393 11383 11504 11515 11394
1 5 11383 11504 11515 11394 11384 11505 11516 11395
1 5 11385 11506 11517 11396 11386 11507 11518 11397
1 5 11386 11507 11518 11397 11387 11508 11519 11398
1 5 11387 11508 11519 11398 11388 11509 11520 11399
1 5 11388 11509 11520 11399 11389 11510 11521 11400
1 5 11389 11510 11521 11400 11390 11511 11522 11401
1 5 11390 11511 11522 11401 11391 11512 11523 11402
1 5 11391 11512 11523 11402 11392 11513 11524 11403
1 5 11392 11513 11524 11403 11393 11514 11525 11404
1 5 11393 11514 11525 11404 11394 11515 11526 11405
1 5 11394 11515 11526 11405 11395 11516 11527 11406
1 5 11396 11517 11528 11407 11397 11518 11529 11408
1 5 11397 11518 11529 11408 11398 11519 11530 11409
1 5 11398 11519 11530 11409 11399 11520 11531 11410
1 5 11399 11520 11531 11410 11400 11521 11532 11411
1 5 11400 11521 11532 11411 11401 11522 11533 11412
1 5 11401 11522 11533 11412 11402 11523 11534 11413
1 5 11402 11523 11534 11413 11403 11524 11535 11414
1 5 11403 11524 11535 11414 11404 11525 11536 11415
1 5 11404 11525 11536 11415 11405 11526 11537 11416
1 5 11405 11526 11537 11416 11406 11527 11538 11417
1 5 11407 11528 11539 11418 11408 11529 11540 11419
1 5 11408 11529 11540 11419 11409 11530 11541 11420
1 5 11409 11530 11541 11420 11410 11531 11542 11421
1 5 11410 11531 11542 11421 11411 11532 11543 11422
1 5 11411 11532 11543 11422 11412 11533 11544 11423
1 5 11412 11533 11544 11423 11413 11534 11545 11424
1 5 11413 11534 11545 11424 11414 11535 11546 11425
1 5 11414 11535 11546 11425 11415 11536 11547 11426
1 5 11415 11536 11547 11426 11416 11537 11548 11427
1 5 11416 11537 11548 11427 11417 11538 11549 11428
1 5 11418 11539 11550 11429 11419 11540 11551 11430
1 5 11419 11540 11551 11430 11420 11541 11552 11431
1 5 11420 11541 11552 11431 11421 11542 11553 11432
1 5 11421 11542 11553 11432 11422 11543 11554 11433
1 5 11422 11543 11554 11433 11423 11544 11555 11434
1 5 11423 11544 11555 11434 11424 11545 11556 11435
1 5 11424 11545 11556 11435 11425 11546 11557 11436
1 5 11425 11546 11557 11436 11426 11547 11558 11437
1 5 11426 11547 11558 11437 11427 11548 11559 11438
1 5 11427 11548 11559 11438 11428 11549 11560 11439
1 5 11429 11550 11561 11440 11430 11551 11562 11441
1 5 11430 11551 11562 11441 11431 11552 11563 11442
1 5 11431 11552 11563 11442 11432 11553 11564 11443
1 5 11432 11553 11564 11443 11433 11554 11565 11444
1 5 11433 11554 11565 11444 11434 11555 11566 11445
1 5 11434 11555 11566 11445 11435 11556 11567 11446
1 5 11435 11556 11567 11446 11436 11557 11568 11447
1 5 11436 11557 11568 11447 11437 11558 11569 11448
1 5 11437 11558 11569 11448 11438 11559 11570 11449
1 5 11438 11559 11570 11449 11439 11560 11571 11450
1 5 11440 11561 11572 11451 11441 11562 11573 11452
1 5 11441 11562 11573 11452 11442 11563 11574 11453
1 5 11442 11563 11574 11453 11443 11564 11575 11454
1 5 11443 11564 11575 11454 11444 11565 11576 11455
1 5 11444 11565 11576 11455 11445 11566 11577 11456
1 5 11445 11566 11577 11456 11446 11567 11578 11457
1 5 11446 11567 11578 11457 11447 11568 11579 11458
1 5 11447 11568 11579 11458 11448 11569 11580 11459
1 5 11448 11569 11580 11459 11449 11570 11581 11460
1 5 11449 11570 11581 11460 11450 11571 11582 11461
1 5 11451 11572 11583 11462 11452 11573 11584 11463
1 5 11452 11573 11584 11463 11453 11574 11585 11464
1 5 11453 11574 11585 11464 11454 11575 11586 11465
1 5 11454 11575 11586 11465 11455 11576 11587 11466
1 5 11455 11576 11587 11466 11456 11577 11588 11467
1 5 11456 11577 11588 11467 11457 11578 11589 11468
1 5 11457 11578 11589 11468 11458 11579 11590 11469
1 5 11458 11579 11590 11469 11459 11580 11591 11470
1 5 11459 11580 11591 11470 11460 11581 11592 11471
1 5 11460 11581 11592 11471 11461 11582 11593 11472
1 5 11462 11583 11594 11473 11463 11584 11595 11474
1 5 11463 11584 11595 11474 11464 11585 11596 11475
1 5 11464 11585 11596 11475 11465 11586 11597 11476
1 5 11465 11586 11597 11476 11466 11587 11598 11477
1 5 11466 11587 11598 11477 11467 11588 11599 11478
1 5 11467 11588 11599 11478 11468 11589 11600 11479
1 5 11468 11589 11600 11479 11469 11590 11601 11480
1 5 11469 11590 11601 11480 11470 11591 11602 11481
1 5 11470 11591 11602 11481 11471 11592 11603 11482
1 5 11471 11592 11603 11482 11472 11593 11604 11483
1 5 11473 11594 11605 11484 11474 11595 11606 11485
1 5 11474 11595 11606 11485 11475 11596 11607 11486
1 5 11475 11596 11607 11486 11476 11597 11608 11487
1 5 11476 11597 11608 11487 11477 11598 11609 11488
1 5 11477 11598 11609 11488 11478 11599 11610 11489
1 5 11478 11599 11610 11489 11479 11600 11611 11490
1 5 11479 11600 11611 11490 11480 11601 11612 11491
1 5 11480 11601 11612 11491 11481 11602 11613 11492
1 5 11481 11602 11613 11492 11482 11603 11614 11493
1 5 11482 11603 11614 11493 11483 11604 11615 11494
1 5 11495 11616 11627 11506 11496 11617 11628 11507
1 5 11496 11617 11628 11507 11497 11618 11629 11508
1 5 11497 11618 11629 11508 11498 11619 11630 11509
1 5 11498 11619 11630 11509 11499 11620 11631 11510
1 5 11499 11620 11631 11510 11500 11621 11632 11511
1 5 11500 11621 11632 11511 11501 11622 11633 11512
1 5 11501 11622 11633 11512 11502 11623 11634 11513
1 5 11502 11623 11634 11513 11503 11624 11635 11514
1 5 11503 11624 11635 11514 11504 11625 11636 11515
1 5 11504 11625 11636 11515 11505 11626 11637 11516
1 5 11506 11627 11638 11517 11507 11628 11639 11518
1 5 11507 11628 11639 11518 11508 11629 11640 11519
1 5 11508 11629 11640 11519 11509 11630 11641 11520
1 5 11509 11630 11641 11520 11510 11631 11642 11521
1 5 11510 11631 11642 11521 11511 11632 11643 11522
1 5 11511 11632 11643 11522 11512 11633 11644 11523
1 5 11512 11633 11644 11523 11513 11634 11645 11524
1 5 11513 11634 11645 11524 11514 11635 11646 11525
1 5 11514 11635 11646 11525 11515 11636 11647 11526
1 5 11515 11636 11647 11526 11516 11637 11648 11527
1 5 11517 11638 11649 11528 11518 11639 11650 11529
1 5 11518 11639 11650 11529 11519 11640 11651 11530
1 5 11519 11640 11651 11530 11520 11641 11652 11531
1 5 11520 11641 11652 11531 11521 11642 11653 11532
1 5 11521 11642 11653 11532 11522 11643 11654 11533
1 5 11522 11643 11654 11533 11523 11644 11655 11534
1 5 11523 11644 11655 11534 11524 11645 11656 11535
1 5 11524 11645 11656 11535 11525 11646 11657 11536
1 5 11525 11646 11657 11536 11526 11647 11658 11537
1 5 11526 11647 11658 11537 11527 11648 11659 11538
1 5 11528 11649 11660 11539 11529 11650 11661 11540
1 5 11529 11650 11661 11540 11530 11651 11662 11541
1 5 11530 11651 11662 11541 11531 11652 11663 11542
1 5 11531 11652 11663 11542 11532 11653 11664 11543
1 5 11532 11653 11664 11543 11533 11654 11665 11544
1 5 11533 11654 11665 11544 11534 11655 11666 11545
1 5 11534 11655 11666 11545 11535 11656 11667 11546
1 5 11535 11656 11667 11546 11536 11657 11668 11547
1 5 11536 11657 11668 11547 11537 11658 11669 11548
1 5 11537 11658 11669 11548 11538 11659 11670 11549
1 5 11539 11660 11671 11550 11540 11661 11672 11551
1 5 11540 11661 11672 11551 11541 11662 11673 11552
1 5 11541 11662 11673 11552 11542 11663 11674 11553
1 5 11542 11663 11674 11553 11543 11664 11675 11554
1 5 11543 11664 11675 11554 11544 11665 11676 11555
1 5 11544 11665 11676 11555 11545 11666 11677 11556
1 5 11545 11666 11677 11556 11546 11667 11678 11557
1 5 11546 11667 11678 11557 11547 11668 11679 11558
1 5 11547 11668 11679 11558 11548 11669 11680 11559
1 5 11548 11669 11680 11559 11549 11670 11681 11560
1 5 11550 11671 11682 11561 11551 11672 11683 11562
1 5 11551 11672 11683 11562 11552 11673 11684 11563
1 5 11552 11673 11684 11563 11553 11674 11685 11564
1 5 11553 11674 11685 11564 11554 11675 11686 11565
1 5 11554 11675 11686 11565 11555 11676 11687 11566
1 5 11555 11676 11687 11566 11556 11677 11688 11567
1 5 11556 11677 11688 11567 11557 11678 11689 11568
1 5 11557 11678 11689 11568 11558 11679 11690 11569
1 5 11558 11679 11690 11569 11559 11680 11691 11570
1 5 11559 11680 11691 11570 11560 11681 11692 11571
1 5 11561 11682 11693 11572 11562 11683 11694 11573
1 5 11562 11683 11694 11573 11563 11684 11695 11574
1 5 11563 11684 11695 11574 11564 11685 11696 11575
1 5 11564 11685 11696 11575 11565 11686 11697 11576
1 5 11565 11686 11697 11576 11566 11687 11698 11577
1 5 11566 11687 11698 11577 11567 11688 11699 11578
1 5 11567 11688 11699 11578 11568 11689 11700 11579
1 5 11568 11689 11700 11579 11569 11690 11701 11580
1 5 11569 11690 11701 11580 11570 11691 11702 11581
1 5 11570 11691 11702 11581 11571 11692 11703 11582
1 5 11572 11693 11704 11583 11573 11694 11705 11584
1 5 11573 11694 11705 11584 11574 11695 11706 11585
1 5 11574 11695 11706 11585 11575 11696 11707 11586
1 5 11575 11696 11707 11586 11576 11697 11708 11587
1 5 11576 11697 11708 11587 11577 11698 11709 11588
1 5 11577 11698 11709 11588 11578 11699 11710 11589
1 5 11578 11699 11710 11589 11579 11700 11711 11590
1 5 11579 11700 11711 11590 11580 11701 11712 11591
1 5 11580 11701 11712 11591 11581 11702 11713 11592
1 5 11581 11702 11713 11592 11582 11703 11714 11593
1 5 11583 11704 11715 11594 11584 11705 11716 11595
1 5 11584 11705 11716 11595 11585 11706 11717 11596
1 5 11585 11706 11717 11596 11586 11707 11718 11597
1 5 11586 11707 11718 11597 11587 11708 11719 11598
1 5 11587 11708 11719 11598 11588 11709 11720 11599
1 5 11588 11709 11720 11599 11589 11710 11721 11600
1 5 11589 11710 11721 11600 11590 11711 11722 11601
1 5 11590 11711 11722 11601 11591 11712 11723 11602
1 5 11591 11712 11723 11602 11592 11713 11724 11603
1 5 11592 11713 11724 11603 11593 11714 11725 11604
1 5 11594 11715 11726 11605 11595 11716 11727 11606
1 5 11595 11716 11727 11606 11596 11717 11728 11607
1 5 11596 11717 11728 11607 11597 11718 11729 11608
1 5 11597 11718 11729 11608 11598 11719 11730 11609
1 5 11598 11719 11730 11609 11599 11720 11731 11610
1 5 11599 11720 11731 11610 11600 11721 11732 11611
1 5 11600 11721 11732 11611 11601 11722 11733 11612
1 5 11601 11722 11733 11612 11602 11723 11734 11613
1 5 11602 11723 11734 11613 11603 11724 11735 11614
1 5 11603 11724 11735 11614 11604 11725 11736 11615
1 5 11616 11737 11748 11627 11617 11738 11749 11628
1 5 11617 11738 11749 11628 11618 11739 11750 11629
1 5 11618 11739 11750 11629 11619 11740 11751 11630
1 5 11619 11740 11751 11630 11620 11741 11752 11631
1 5 11620 11741 11752 11631 11621 11742 11753 11632
1 5 11621 11742 11753 11632 11622 11743 11754 11633
1 5 11622 11743 11754 11633 11623 11744 11755 11634
1 5 11623 11744 11755 11634 11624 11745 11756 11635
1 5 11624 11745 11756 11635 11625 11746 11757 11636
1 5 11625 11746 11757 11636 11626 11747 11758 11637
1 5 11627 11748 11759 11638 11628 11749 11760 11639
1 5 11628 11749 11760 11639 11629 11750 11761 11640
1 5 11629 11750 11761 11640 11630 11751 11762 11641
1 5 11630 11751 11762 11641 11631 11752 11763 11642
1 5 11631 11752 11763 11642 11632 11753 11764 11643
1 5 11632 11753 11764 11643 11633 11754 11765 11644
1 5 11633 11754 11765 11644 11634 11755 11766 11645
1 5 11634 11755 11766 11645 11635 11756 11767 11646
1 5 11635 11756 11767 11646 11636 11757 11768 11647
1 5 11636 11757 11768 11647 11637 11758 11769 11648
1 5 11638 11759 11770 11649 11639 11760 11771 11650
1 5 11639 11760 11771 11650 11640 11761 11772 11651
1 5 11640 11761 11772 11651 11641 11762 11773 11652
1 5 11641 11762 11773 11652 11642 11763 11774 11653
1 5 11642 11763 11774 11653 11643 11764 11775 11654
1 5 11643 11764 11775 11654 11644 11765 11776 11655
1 5 11644 11765 11776 11655 11645 11766 11777 11656
1 5 11645 11766 11777 11656 11646 11767 11778 11657
1 5 11646 11767 11778 11657 11647 11768 11779 11658
1 5 11647 11768 11779 11658 11648 11769 11780 11659
1 5 11649 11770 11781 11660 11650 11771 11782 11661
1 5 11650 11771 11782 11661 11651 11772 11783 11662
1 5 11651 11772 11783 11662 11652 11773 11784 11663
1 5 11652 11773 11784 11663 11653 11774 11785 11664
1 5 11653 11774 11785 11664 11654 11775 11786 11665
1 5 11654 11775 11786 11665 11655 11776 11787 11666
1 5 11655 11776 11787 11666 11656 11777 11788 11667
1 5 11656 11777 11788 11667 11657 11778 11789 11668
1 5 11657 11778 11789 11668 11658 11779 11790 11669
1 5 11658 11779 11790 11669 11659 11780 11791 11670
1 5 11660 11781 11792 11671 11661 11782 11793 11672
1 5 11661 11782 11793 11672 11662 11783 11794 11673
1 5 11662 11783 11794 11673 11663 11784 11795 11674
1 5 11663 11784 11795 11674 11664 11785 11796 11675
1 5 11664 11785 11796 11675 11665 11786 11797 11676
1 5 11665 11786 11797 11676 11666 11787 11798 11677
1 5 11666 11787 11798 11677 11667 11788 11799 11678
1 5 11667 11788 11799 11678 11668 11789 11800 11679
1 5 11668 11789 11800 11679 11669 11790 11801 11680
1 5 11669 11790 11801 11680 11670 11791 11802 11681
1 5 11671 11792 11803 11682 11672 11793 11804 11683
1 5 11672 11793 11804 11683 11673 11794 11805 11684
1 5 11673 11794 11805 11684 11674 11795 11806 11685
1 5 11674 11795 11806 11685 11675 11796 11807 11686
1 5 11675 11796 11807 11686 11676 11797 11808 11687
1 5 11676 11797 11808 11687 11677 11798 11809 11688
1 5 11677 11798 11809 11688 11678 11799 11810 11689
1 5 11678 11799 11810 11689 11679 11800 11811 11690
1 5 11679 11800 11811 11690 11680 11801 11812 11691
1 5 11680 11801 11812 11691 11681 11802 11813 11692
1 5 11682 11803 11814 11693 11683 11804 11815 11694
1 5 11683 11804 11815 11694 11684 11805 11816 11695
1 5 11684 11805 11816 11695 11685 11806 11817 11696
1 5 11685 11806 11817 11696 11686 11807 11818 11697
1 5 11686 11807 11818 11697 11687 11808 11819 11698
1 5 11687 11808 11819 11698 11688 11809 11820 11699
1 5 11688 11809 11820 11699 11689 11810 11821 11700
1 5 11689 11810 11821 11700 11690 11811 11822 11701
1 5 11690 11811 11822 11701 11691 11812 11823 11702
1 5 11691 11812 11823 11702 11692 11813 11824 11703
1 5 11693 11814 11825 11704 11694 11815 11826 11705
1 5 11694 11815 11826 11705 11695 11816 11827 11706
1 5 11695 11816 11827 11706 11696 11817 11828 11707
1 5 11696 11817 11828 11707 11697 11818 11829 11708
1 5 11697 11818 11829 11708 11698 11819 11830 11709
1 5 11698 11819 11830 11709 11699 11820 11831 11710
1 5 11699 11820 11831 11710 11700 11821 11832 11711
1 5 11700 11821 11832 11711 11701 11822 11833 11712
1 5 11701 11822 11833 11712 11702 11823 11834 11713
1 5 11702 11823 11834 11713 11703 11824 11835 11714
1 5 11704 11825 11836 11715 11705 11826 11837 11716
1 5 11705 11826 11837 11716 11706 11827 11838 11717
1 5 11706 11827 11838 11717 11707 11828 11839 11718
1 5 11707 11828 11839 11718 11708 11829 11840 11719
1 5 11708 11829 11840 11719 11709 11830 11841 11720
1 5 11709 11830 11841 11720 11710 11831 11842 11721
1 5 11710 11831 11842 11721 11711 11832 11843 11722
1 5 11711 11832 11843 11722 11712 11833 11844 11723
1 5 11712 11833 11844 11723 11713 11834 11845 11724
1 5 11713 11834 11845 11724 11714 11835 11846 11725
1 5 11715 11836 11847 11726 11716 11837 11848 11727
1 5 11716 11837 11848 11727 11717 11838 11849 11728
1 5 11717 11838 11849 11728 11718 11839 11850 11729
1 5 11718 11839 11850 11729 11719 11840 11851 11730
1 5 11719 11840 11851 11730 11720 11841 11852 11731
1 5 11720 11841 11852 11731 11721 11842 11853 11732
1 5 11721 11842 11853 11732 11722 11843 11854 11733
1 5 11722 11843 11854 11733 11723 11844 11855 11734
1 5 11723 11844 11855 11734 11724 11845 11856 11735
1 5 11724 11845 11856 11735 11725 11846 11857 11736
1 5 11737 11858 11869 11748 11738 11859 11870 11749
1 5 11738 11859 11870 11749 11739 11860 11871 11750
1 5 11739 11860 11871 11750 11740 11861 11872 11751
1 5 11740 11861 11872 11751 11741 11862 11873 11752
1 5 11741 11862 11873 11752 11742 11863 11874 11753
1 5 11742 11863 11874 11753 11743 11864 11875 11754
1 5 11743 11864 11875 11754 11744 11865 11876 11755
1 5 11744 11865 11876 11755 11745 11866 11877 11756
1 5 11745 11866 11877 11756 11746 11867 11878 11757
1 5 11746 11867 11878 11757 11747 11868 11879 11758
1 5 11748 11869 11880 11759 11749 11870 11881 11760
1 5 11749 11870 11881 11760 11750 11871 11882 11761
1 5 11750 11871 11882 11761 11751 11872 11883 11762
1 5 11751 11872 11883 11762 11752 11873 11884 11763
1 5 11752 11873 11884 11763 11753 11874 11885 11764
1 5 11753 11874 11885 11764 11754 11875 11886 11765
1 5 11754 11875 11886 11765 11755 11876 11887 11766
1 5 11755 11876 11887 11766 11756 11877 11888 11767
1 5 11756 11877 11888 11767 11757 11878 11889 11768
1 5 11757 11878 11889 11768 11758 11879 11890 11769
1 5 11759 11880 11891 11770 11760 11881 11892 11771
1 5 11760 11881 11892 11771 11761 11882 11893 11772
1 5 11761 11882 11893 11772 11762 11883 11894 11773
1 5 11762 11883 11894 11773 11763 11884 11895 11774
1 5 11763 11884 11895 11774 11764 11885 11896 11775
1 5 11764 11885 11896 11775 11765 11886 11897 11776
1 5 11765 11886 11897 11776 11766 11887 11898 11777
1 5 11766 11887 11898 11777 11767 11888 11899 11778
1 5 11767 11888 11899 11778 11768 11889 11900 11779
1 5 11768 11889 11900 11779 11769 11890 11901 11780
1 5 11770 11891 11902 11781 11771 11892 11903 11782
1 5 11771 11892 11903 11782 11772 11893 11904 11783
1 5 11772 11893 11904 11783 11773 11894 11905 11784
1 5 11773 11894 11905 11784 11774 11895 11906 11785
1 5 11774 11895 11906 11785 11775 11896 11907 11786
1 5 11775 11896 11907 11786 11776 11897 11908 11787
1 5 11776 11897 11908 11787 11777 11898 11909 11788
1 5 11777 11898 11909 11788 11778 11899 11910 11789
1 5 11778 11899 11910 11789 11779 11900 11911 11790
1 5 11779 11900 11911 11790 11780 11901 11912 11791
1 5 11781 11902 11913 11792 11782 11903 11914 11793
1 5 11782 11903 11914 11793 11783 11904 11915 11794
1 5 11783 11904 11915 11794 11784 11905 11916 11795
1 5 11784 11905 11916 11795 11785 11906 11917 11796
1 5 11785 11906 11917 11796 11786 11907 11918 11797
1 5 11786 11907 11918 11797 11787 11908 11919 11798
1 5 11787 11908 11919 11798 11788 11909 11920 11799
1 5 11788 11909 11920 11799 11789 11910 11921 11800
1 5 11789 11910 11921 11800 11790 11911 11922 11801
1 5 11790 11911 11922 11801 11791 11912 11923 11802
1 5 11792 11913 11924 11803 11793 11914 11925 11804
1 5 11793 11914 11925 11804 11794 11915 11926 11805
1 5 11794 11915 11926 11805 11795 11916 11927 11806
1 5 11795 11916 11927 11806 11796 11917 11928 11807
1 5 11796 11917 11928 11807 11797 11918 11929 11808
1 5 11797 11918 11929 11808 11798 11919 11930 11809
1 5 11798 11919 11930 11809 11799 11920 11931 11810
1 5 11799 11920 11931 11810 11800 11921 11932 11811
1 5 11800 11921 11932 11811 11801 11922 11933 11812
1 5 11801 11922 11933 11812 11802 11923 11934 11813
1 5 11803 11924 11935 11814 11804 11925 11936 11815
1 5 11804 11925 11936 11815 11805 11926 11937 11816
1 5 11805 11926 11937 11816 11806 11927 11938 11817
1 5 11806 11927 11938 11817 11807 11928 11939 11818
1 5 11807 11928 11939 11818 11808 11929 11940 11819
1 5 11808 11929 11940 11819 11809 11930 11941 11820
1 5 11809 11930 11941 11820 11810 11931 11942 11821
1 5 11810 11931 11942 11821 11811 11932 11943 11822
1 5 11811 11932 11943 11822 11812 11933 11944 11823
1 5 11812 11933 11944 11823 11813 11934 11945 11824
1 5 11814 11935 11946 11825 11815 11936 11947 11826
1 5 11815 11936 11947 11826 11816 11937 11948 11827
1 5 11816 11937 11948 11827 11817 11938 11949 11828
1 5 11817 11938 11949 11828 11818 11939 11950 11829
1 5 11818 11939 11950 11829 11819 11940 11951 11830
1 5 11819 11940 11951 11830 11820 11941 11952 11831
1 5 11820 11941 11952 11831 11821 11942 11953 11832
1 5 11821 11942 11953 11832 11822 11943 11954 11833
1 5 11822 11943 11954 11833 11823 11944 11955 11834
1 5 11823 11944 11955 11834 11824 11945 11956 11835
1 5 11825 11946 11957 11836 11826 11947 11958 11837
1 5 11826 11947 11958 11837 11827 11948 11959 11838
1 5 11827 11948 11959 11838 11828 11949 11960 11839
1 5 11828 11949 11960 11839 11829 11950 11961 11840
1 5 11829 11950 11961 11840 11830 11951 11962 11841
1 5 11830 11951 11962 11841 11831 11952 11963 11842
1 5 11831 11952 11963 11842 11832 11953 11964 11843
1 5 11832 11953 11964 11843 11833 11954 11965 11844
1 5 11833 11954 11965 11844 11834 11955 11966 11845
1 5 11834 11955 11966 11845 11835 11956 11967 11846
1 5 11836 11957 11968 11847 11837 11958 11969 11848
1 5 11837 11958 11969 11848 11838 11959 11970 11849
1 5 11838 11959 11970 11849 11839 11960 11971 11850
1 5 11839 11960 11971 11850 11840 11961 11972 11851
1 5 11840 11961 11972 11851 11841 11962 11973 11852
1 5 11841 11962 11973 11852 11842 11963 11974 11853
1 5 11842 11963 11974 11853 11843 11964 11975 11854
1 5 11843 11964 11975 11854 11844 11965 11976 11855
1 5 11844 11965 11976 11855 11845 11966 11977 11856
1 5 11845 11966 11977 11856 11846 11967 11978 11857
1 5 11858 11979 11990 11869 11859 11980 11991 11870
1 5 11859 11980 11991 11870 11860 11981 11992 11871
1 5 11860 11981 11992 11871 11861 11982 11993 11872
1 5 11861 11982 11993 11872 11862 11983 11994 11873
1 5 11862 11983 11994 11873 11863 11984 11995 11874
1 5 11863 11984 11995 11874 11864 11985 11996 11875
1 5 11864 11985 11996 11875 11865 11986 11997 11876
1 5 11865 11986 11997 11876 11866 11987 11998 11877
1 5 11866 11987 11998 11877 11867 11988 11999 11878
1 5 11867 11988 11999 11878 11868 11989 12000 11879
1 5 11869 11990 12001 11880 11870 11991 12002 11881
1 5 11870 11991 12002 11881 11871 11992 12003 11882
1 5 11871 11992 12003 11882 11872 11993 12004 11883
1 5 11872 11993 12004 11883 11873 11994 12005 11884
1 5 11873 11994 12005 11884 11874 11995 12006 11885
1 5 11874 11995 12006 11885 11875 11996 12007 11886
1 5 11875 11996 12007 11886 11876 11997 12008 11887
1 5 11876 11997 12008 11887 11877 11998 12009 11888
1 5 11877 11998 12009 11888 11878 11999 12010 11889
1 5 11878 11999 12010 11889 11879 12000 12011 11890
1 5 11880 12001 12012 11891 11881 12002 12013 11892
1 5 11881 12002 12013 11892 11882 12003 12014 11893
1 5 11882 12003 12014 11893 11883 12004 12015 11894
1 5 11883 12004 12015 11894 11884 12005 12016 11895
1 5 11884 12005 12016 11895 11885 12006 12017 11896
1 5 11885 12006 12017 11896 11886 12007 12018 11897
1 5 11886 12007 12018 11897 11887 12008 12019 11898
1 5 11887 12008 12019 11898 11888 12009 12020 11899
1 5 11888 12009 12020 11899 11889 12010 12021 11900
1 5 11889 12010 12021 11900 11890 12011 12022 11901
1 5 11891 12012 12023 11902 11892 12013 12024 11903
1 5 11892 12013 12024 11903 11893 12014 12025 11904
1 5 11893 12014 12025 11904 11894 12015 12026 11905
1 5 11894 12015 12026 11905 11895 12016 12027 11906
1 5 11895 12016 12027 11906 11896 12017 12028 11907
1 5 11896 12017 12028 11907 11897 12018 12029 11908
1 5 11897 12018 12029 11908 11898 12019 12030 11909
1 5 11898 12019 12030 11909 11899 12020 12031 11910
1 5 11899 12020 12031 11910 11900 12021 12032 11911
1 5 11900 12021 12032 11911 11901 12022 12033 11912
1 5 11902 12023 12034 11913 11903 12024 12035 11914
1 5 11903 12024 12035 11914 11904 12025 12036 11915
1 5 11904 12025 12036 11915 11905 12026 12037 11916
1 5 11905 12026 12037 11916 11906 12027 12038 11917
1 5 11906 12027 12038 11917 11907 12028 12039 11918
1 5 11907 12028 12039 11918 11908 12029 12040 11919
1 5 11908 12029 12040 11919 11909 12030 12041 11920
1 5 11909 12030 12041 11920 11910 12031 12042 11921
1 5 11910 12031 12042 11921 11911 12032 12043 11922
1 5 11911 12032 12043 11922 11912 12033 12044 11923
1 5 11913 12034 12045 11924 11914 12035 12046 11925
1 5 11914 12035 12046 11925 11915 12036 12047 11926
1 5 11915 12036 12047 11926 11916 12037 12048 11927
1 5 11916 12037 12048 11927 11917 12038 12049 11928
1 5 11917 12038 12049 11928 11918 12039 12050 11929
1 5 11918 12039 12050 11929 11919 12040 12051 11930
1 5 11919 12040 12051 11930 11920 12041 12052 11931
1 5 11920 12041 12052 11931 11921 12042 12053 11932
1 5 11921 12042 12053 11932 11922 12043 12054 11933
1 5 11922 12043 12054 11933 11923 12044 12055 11934
1 5 11924 12045 12056 11935 11925 12046 12057 11936
1 5 11925 12046 12057 11936 11926 12047 12058 11937
1 5 11926 12047 12058 11937 11927 12048 12059 11938
1 5 11927 12048 12059 11938 11928 12049 12060 11939
1 5 11928 12049 12060 11939 11929 12050 12061 11940
1 5 11929 12050 12061 11940 11930 12051 12062 11941
1 5 11930 12051 12062 11941 11931 12052 12063 11942
1 5 11931 12052 12063 11942 11932 12053 12064 11943
1 5 11932 12053 12064 11943 11933 12054 12065 11944
1 5 11933 12054 12065 11944 11934 12055 12066 11945
1 5 11935 12056 12067 11946 11936 12057 12068 11947
1 5 11936 12057 12068 11947 11937 12058 12069 11948
1 5 11937 12058 12069 11948 11938 12059 12070 11949
1 5 11938 12059 12070 11949 11939 12060 12071 11950
1 5 11939 12060 12071 11950 11940 12061 12072 11951
1 5 11940 12061 12072 11951 11941 12062 12073 11952
1 5 11941 12062 12073 11952 11942 12063 12074 11953
1 5 11942 12063 12074 11953 11943 12064 12075 11954
1 5 11943 12064 12075 11954 11944 12065 12076 11955
1 5 11944 12065 12076 11955 11945 12066 12077 11956
1 5 11946 12067 12078 11957 11947 12068 12079 11958
1 5 11947 12068 12079 11958 11948 12069 12080 11959
1 5 11948 12069 12080 11959 11949 12070 12081 11960
1 5 11949 12070 12081 11960 11950 12071 12082 11961
1 5 11950 12071 12082 11961 11951 12072 12083 11962
1 5 11951 12072 12083 11962 11952 12073 12084 11963
1 5 11952 12073 12084 11963 11953 12074 12085 11964
1 5 11953 12074 12085 11964 11954 12075 12086 11965
1 5 11954 12075 12086 11965 11955 12076 12087 11966
1 5 11955 12076 12087 11966 11956 12077 12088 11967
1 5 11957 12078 12089 11968 11958 12079 12090 11969
1 5 11958 12079 12090 11969 11959 12080 12091 11970
1 5 11959 12080 12091 11970 11960 12081 12092 11971
1 5 11960 12081 12092 11971 11961 12082 12093 11972
1 5 11961 12082 12093 11972 11962 12083 12094 11973
1 5 11962 12083 12094 11973 11963 12084 12095 11974
1 5 11963 12084 12095 11974 11964 12085 12096 11975
1 5 11964 12085 12096 11975 11965 12086 12097 11976
1 5 11965 12086 12097 11976 11966 12087 12098 11977
1 5 11966 12087 12098 11977 11967 12088 12099 11978
1 5 11979 12100 12111 11990 11980 12101 12112 11991
1 5 11980 12101 12112 11991 11981 12102 12113 11992
1 5 11981 12102 12113 11992 11982 12103 12114 11993
1 5 11982 12103 12114 11993 11983 12104 12115 11994
1 5 11983 12104 12115 11994 11984 12105 12116 11995
1 5 11984 12105 12116 11995 11985 12106 12117 11996
1 5 11985 12106 12117 11996 11986 12107 12118 11997
1 5 11986 12107 12118 11997 11987 12108 12119 11998
1 5 11987 12108 12119 11998 11988 12109 12120 11999
1 5 11988 12109 12120 11999 11989 12110 12121 12000
1 5 11990 12111 12122 12001 11991 12112 12123 12002
1 5 11991 12112 12123 12002 11992 12113 12124 12003
1 5 11992 12113 12124 12003 11993 12114 12125 12004
1 5 11993 12114 12125 12004 11994 12115 12126 12005
1 5 11994 12115 12126 12005 11995 12116 12127 12006
1 5 11995 12116 12127 12006 11996 12117 12128 12007
1 5 11996 12117 12128 12007 11997 12118 12129 12008
1 5 11997 12118 12129 12008 11998 12119 12130 12009
1 5 11998 12119 12130 12009 11999 12120 12131 12010
1 5 11999 12120 12131 12010 12000 12121 12132 12011
1 5 12001 12122 12133 12012 12002 12123 12134 12013
1 5 12002 12123 12134 12013 12003 12124 12135 12014
1 5 12003 12124 12135 12014 12004 12125 12136 12015
1 5 12004 12125 12136 12015 12005 12126 12137 12016
1 5 12005 12126 12137 12016 12006 12127 12138 12017
1 5 12006 12127 12138 12017 12007 12128 12139 12018
1 5 12007 12128 12139 12018 12008 12129 12140 12019
1 5 12008 12129 12140 12019 12009 12130 12141 12020
1 5 12009 12130 12141 12020 12010 12131 12142 12021
1 5 12010 12131 12142 12021 12011 12132 12143 12022
1 5 12012 12133 12144 12023 12013 12134 12145 12024
1 5 12013 12134 12145 12024 12014 12135 12146 12025
1 5 12014 12135 12146 12025 12015 12136 12147 12026
1 5 12015 12136 12147 12026 12016 12137 12148 12027
1 5 12016 12137 12148 12027 12017 12138 12149 12028
1 5 12017 12138 12149 12028 12018 12139 12150 12029
1 5 12018 12139 12150 12029 12019 12140 12151 12030
1 5 12019 12140 12151 12030 12020 12141 12152 12031
1 5 12020 12141 12152 12031 12021 12142 12153 12032
1 5 12021 12142 12153 12032 12022 12143 12154 12033
1 5 12023 12144 12155 12034 12024 12145 12156 12035
1 5 12024 12145 12156 12035 12025 12146 12157 12036
1 5 12025 12146 12157 12036 12026 12147 12158 12037
1 5 12026 12147 12158 12037 12027 12148 12159 12038
1 5 12027 12148 12159 12038 12028 12149 12160 12039
1 5 12028 12149 12160 12039 12029 12150 12161 12040
1 5 12029 12150 12161 12040 12030 12151 12162 12041
1 5 12030 12151 12162 12041 12031 12152 12163 12042
1 5 12031 12152 12163 12042 12032 12153 12164 12043
1 5 12032 12153 12164 12043 12033 12154 12165 12044
1 5 12034 12155 12166 12045 12035 12156 12167 12046
1 5 12035 12156 12167 12046 12036 12157 12168 12047
1 5 12036 12157 12168 12047 12037 12158 12169 12048
1 5 12037 12158 12169 12048 12038 12159 12170 12049
1 5 12038 12159 12170 12049 12039 12160 12171 12050
1 5 12039 12160 12171 12050 12040 12161 12172 12051
1 5 12040 12161 12172 12051 12041 12162 12173 12052
1 5 12041 12162 12173 12052 12042 12163 12174 12053
1 5 12042 12163 12174 12053 12043 12164 12175 12054
1 5 12043 12164 12175 12054 12044 12165 12176 12055
1 5 12045 12166 12177 12056 12046 12167 12178 12057
1 5 12046 12167 12178 12057 12047 12168 12179 12058
1 5 12047 12168 12179 12058 12048 12169 12180 12059
1 5 12048 12169 12180 12059 12049 12170 12181 12060
1 5 12049 12170 12181 12060 12050 12171 12182 12061
1 5 12050 12171 12182 12061 12051 12172 12183 12062
1 5 12051 12172 12183 12062 12052 12173 12184 12063
1 5 12052 12173 12184 12063 12053 12174 12185 12064
1 5 12053 12174 12185 12064 12054 12175 12186 12065
1 5 12054 12175 12186 12065 12055 12176 12187 12066
1 5 12056 12177 12188 12067 12057 12178 12189 12068
1 5 12057 12178 12189 12068 12058 12179 12190 12069
1 5 12058 12179 12190 12069 12059 12180 12191 12070
1 5 12059 12180 12191 12070 12060 12181 12192 12071
1 5 12060 12181 12192 12071 12061 12182 12193 12072
1 5 12061 12182 12193 12072 12062 12183 12194 12073
1 5 12062 12183 12194 12073 12063 12184 12195 12074
1 5 12063 12184 12195 12074 12064 12185 12196 12075
1 5 12064 12185 12196 12075 12065 12186 12197 12076
1 5 12065 12186 12197 12076 12066 12187 12198 12077
1 5 12067 12188 12199 12078 12068 12189 12200 12079
1 5 12068 12189 12200 12079 12069 12190 12201 12080
1 5 12069 12190 12201 12080 12070 12191 12202 12081
1 5 12070 12191 12202 12081 12071 12192 12203 12082
1 5 12071 12192 12203 12082 12072 12193 12204 12083
1 5 12072 12193 12204 12083 12073 12194 12205 12084
1 5 12073 12194 12205 12084 12074 12195 12206 12085
1 5 12074 12195 12206 12085 12075 12196 12207 12086
1 5 12075 12196 12207 12086 12076 12197 12208 12087
1 5 12076 12197 12208 12087 12077 12198 12209 12088
1 5 12078 12199 12210 12089 12079 12200 12211 12090
1 5 12079 12200 12211 12090 12080 12201 12212 12091
1 5 12080 12201 12212 12091 12081 12202 12213 12092
1 5 12081 12202 12213 12092 12082 12203 12214 12093
1 5 12082 12203 12214 12093 12083 12204 12215 12094
1 5 12083 12204 12215 12094 12084 12205 12216 12095
1 5 12084 12205 12216 12095 12085 12206 12217 12096
1 5 12085 12206 12217 12096 12086 12207 12218 12097
1 5 12086 12207 12218 12097 12087 12208 12219 12098
1 5 12087 12208 12219 12098 12088 12209 12220 12099

boundary
4200
1 3 11 12 1 0
1 3 12 13 2 1
1 3 13 14 3 2
1 3 14 15 4 3
1 3 15 16 5 4
1 3 16 17 6 5
1 3 17 18 7 6
1 3 18 19 8 7
1 3 19 20 9 8
1 3 20 21 10 9
1 3 22 23 12 11
1 3 23 24 13 12
1 3 24 25 14 13
1 3 25 26 15 14
1 3 26 27 16 15
1 3 27 28 17 16
1 3 28 29 18 17
1 3 29 30 19 18
1 3 30 31 20 19
1 3 31 32 21 20
1 3 33 34 23 22
1 3 34 35 24 23
1 3 35 36 25 24
1 3 36 37 26 25
1 3 37 38 27 26
1 3 38 39 28 27
1 3 39 40 29 28
1 3 40 41 30 29
1 3 41 42 31 30
1 3 42 43 32 31
1 3 44 45 34 33
1 3 45 46 35 34
1 3 46 47 36 35
1 3 47 48 37 36
1 3 48 49 38 37
1 3 49 50 39 38
1 3 50 51 40 39
1 3 51 52 41 40
1 3 52 53 42 41
1 3 53 54 43 42
1 3 55 56 45 44
1 3 56 57 46 45
1 3 57 58 47 46
1 3 58 59 48 47
1 3 59 60 49 48
1 3 60 61 50 49
1 3 61 62 51 50
1 3 62 63 52 51
1 3 63 64 53 52
1 3 64 65 54 53
1 3 66 67 56 55
1 3 67 68 57 56
1 3 68 69 58 57
1 3 69 70 59 58
1 3 70 71 60 59
1 3 71 72 61 60
1 3 72 73 62 61
1 3 73 74 63 62
1 3 74 75 64 63
1 3 75 76 65 64
1 3 77 78 67 66
1 3 78 79 68 67
1 3 79 80 69 68
1 3 80 81 70 69
1 3 81 82 71 70
1 3 82 83 72 71
1 3 83 84 73 72
1 3 84 85 74 73
1 3 85 86 75 74
1 3 86 87 76 75
1 3 88 89 78 77
1 3 89 90 79 78
1 3 90 91 80 79
1 3 91 92 81 80
1 3 92 93 82 81
1 3 93 94 83 82
1 3 94 95 84 83
1 3 95 96 85 84
1 3 96 97 86 85
1 3 97 98 87 86
1 3 99 100 89 88
1 3 100 101 90 89
1 3 101 102 91 90
1 3 102 103 92 91
1 3 103 104 93 92
1 3 104 105 94 93
1 3 105 106 95 94
1 3 106 107 96 95
1 3 107 108 97 96
1 3 108 109 98 97
1 3 110 111 100 99
1 3 111 112 101 100
1 3 112 113 102 101
1 3 113 114 103 102
1 3 114 115 104 103
1 3 115 116 105 104
1 3 116 117 106 105
1 3 117 118 107 106
1 3 118 119 108 107
1 3 119 120 109 108
2 3 12100 12101 12112 12111
2 3 12101 12102 12113 12112
2 3 12102 12103 12114 12113
2 3 12103 12104 12115 12114
2 3 12104 12105 12116 12115
2 3 12105 12106 12117 12116
2 3 12106 12107 12118 12117
2 3 12107 12108 12119 12118
2 3 12108 12109 12120 12119
2 3 12109 12110 12121 12120
2 3 12111 12112 12123 12122
2 3 12112 12113 12124 12123
2 3 12113 12114 12125 12124
2 3 12114 12115 12126 12125
2 3 12115 12116 12127 12126
2 3 12116 12117 12128 12127
2 3 12117 12118 12129 12128
2 3 12118 12119 12130 12129
2 3 12119 12120 12131 12130
2 3 12120 12121 12132 12131
2 3 12122 12123 12134 12133
2 3 12123 12124 12135 12134
2 3 12124 12125 12136 12135
2 3 12125 12126 12137 12136
2 3 12126 12127 12138 12137
2 3 12127 12128 12139 12138
2 3 12128 12129 12140 12139
2 3 12129 12130 12141 12140
2 3 12130 12131 12142 12141
2 3 12131 12132 12143 12142
2 3 12133 12134 12145 12144
2 3 12134 12135 12146 12145
2 3 12135 12136 12147 12146
2 3 12136 12137 12148 12147
2 3 12137 12138 12149 12148
2 3 12138 12139 12150 12149
2 3 12139 12140 12151 12150
2 3 12140 12141 12152 12151
2 3 12141 12142 12153 12152
2 3 12142 12143 12154 12153
2 3 12144 12145 12156 12155
2 3 12145 12146 12157 12156
2 3 12146 12147 12158 12157
2 3 12147 12148 12159 12158
2 3 12148 12149 12160 12159
2 3 12149 12150 12161 12160
2 3 12150 12151 12162 12161
2 3 12151 12152 12163 12162
2 3 12152 12153 12164 12163
2 3 12153 12154 12165 12164
2 3 12155 12156 12167 12166
2 3 12156 12157 12168 12167
2 3 12157 12158 12169 12168
2 3 12158 12159 12170 12169
2 3 12159 12160 12171 12170
2 3 12160 12161 12172 12171
2 3 12161 12162 12173 12172
2 3 12162 12163 12174 12173
2 3 12163 12164 12175 12174
2 3 12164 12165 12176 12175
2 3 12166 12167 12178 12177
2 3 12167 12168 12179 12178
2 3 12168 12169 12180 12179
2 3 12169 12170 12181 12180
2 3 12170 12171 12182 12181
2 3 12171 12172 12183 12182
2 3 12172 12173 12184 12183
2 3 12173 12174 12185 12184
2 3 12174 12175 12186 12185
2 3 12175 12176 12187 12186
2 3 12177 12178 12189 12188
2 3 12178 12179 12190 12189
2 3 12179 12180 12191 12190
2 3 12180 12181 12192 12191
2 3 12181 12182 12193 12192
2 3 12182 12183 12194 12193
2 3 12183 12184 12195 12194
2 3 12184 12185 12196 12195
2 3 12185 12186 12197 12196
2 3 12186 12187 12198 12197
2 3 12188 12189 12200 12199
2 3 12189 12190 12201 12200
2 3 12190 12191 12202 12201
2 3 12191 12192 12203 12202
2 3 12192 12193 12204 12203
2 3 12193 12194 12205 12204
2 3 12194 12195 12206 12205
2 3 12195 12196 12207 12206
2 3 12196 12197 12208 12207
2 3 12197 12198 12209 12208
2 3 12199 12200 12211 12210
2 3 12200 12201 12212 12211
2 3 12201 12202 12213 12212
2 3 12202 12203 12214 12213
2 3 12203 12204 12215 12214
2 3 12204 12205 12216 12215
2 3 12205 12206 12217 12216
2 3 12206 12207 12218 12217
2 3 12207 12208 12219 12218
2 3 12208 12209 12220 12219
3 3 0 1 122 121
3 3 1 2 123 122
3 3 2 3 124 123
3 3 3 4 125 124
3 3 4 5 126 125
3 3 5 6 127 126
3 3 6 7 128 127
3 3 7 8 129 128
3 3 8 9 130 129
3 3 9 10 131 130
3 3 121 122 243 242
3 3 122 123 244 243
3 3 123 124 245 244
3 3 124 125 246 245
3 3 125 126 247 246
3 3 126 127 248 247
3 3 127 128 249 248
3 3 128 129 250 249
3 3 129 130 251 250
3 3 130 131 252 251
3 3 242 243 364 363
3 3 243 244 365 364
3 3 244 245 366 365
3 3 245 246 367 366
3 3 246 247 368 367
3 3 247 248 369 368
3 3 248 249 370 369
3 3 249 250 371 370
3 3 250 251 372 371
3 3 251 252 373 372
3 3 363 364 485 484
3 3 364 365 486 485
3 3 365 366 487 486
3 3 366 367 488 487
3 3 367 368 489 488
3 3 368 369 490 489
3 3 369 370 491 490
3 3 370 371 492 491
3 3 371 372 493 492
3 3 372 373 494 493
3 3 484 485 606 605
3 3 485 486 607 606
3 3 486 487 608 607
3 3 487 488 609 608
3 3 488 489 610 609
3 3 489 490 611 610
3 3 490 491 612 611
3 3 491 492 613 612
3 3 492 493 614 613
3 3 493 494 615 614
3 3 605 606 727 726
3 3 606 607 728 727
3 3 607 608 729 728
3 3 608 609 730 729
3 3 609 610 731 730
3 3 610 611 732 731
3 3 611 612 733 732
3 3 612 613 734 733
3 3 613 614 735 734
3 3 614 615 736 735
3 3 726 727 848 847
3 3 727 728 849 848
3 3 728 729 850 849
3 3 729 730 851 850
3 3 730 731 852 851
3 3 731 732 853 852
3 3 732 733 854 853
3 3 733 734 855 854
3 3 734 735 856 855
3 3 735 736 857 856
3 3 847 848 969 968
3 3 848 849 970 969
3 3 849 850 971 970
3 3 850 851 972 971
3 3 851 852 973 972
3 3 852 853 974 973
3 3 853 854 975 974
3 3 854 855 976 975
3 3 855 856 977 976
3 3 856 857 978 977
3 3 968 969 1090 1089
3 3 969 970 1091 1090
3 3 970 971 1092 1091
3 3 971 972 1093 1092
3 3 972 973 1094 1093
3 3 973 974 1095 1094
3 3 974 975 1096 1095
3 3 975 976 1097 1096
3 3 976 977 1098 1097
3 3 977 978 1099 1098
3 3 1089 1090 1211 1210
3 3 1090 1091 1212 1211
3 3 1091 1092 1213 1212
3 3 1092 1093 1214 1213
3 3 1093 1094 1215 1214
3 3 1094 1095 1216 1215
3 3 1095 1096 1217 1216
3 3 1096 1097 1218 1217
3 3 1097 1098 1219 1218
3 3 1098 1099 1220 1219
3 3 1210 1211 1332 1331
3 3 1211 1212 1333 1332
3 3 1212 1213 1334 1333
3 3 1213 1214 1335 1334
3 3 1214 1215 1336 1335
3 3 1215 1216 1337 1336
3 3 1216 1217 1338 1337
3 3 1217 1218 1339 1338
3 3 1218 1219 1340 1339
3 3 1219 1220 1341 1340
3 3 1331 1332 1453 1452
3 3 1332 1333 1454 1453
3 3 1333 1334 1455 1454
3 3 1334 1335 1456 1455
3 3 1335 1336 1457 1456
3 3 1336 1337 1458 1457
3 3 1337 1338 1459 1458
3 3 1338 1339 1460 1459
3 3 1339 1340 1461 1460
3 3 1340 1341 1462 1461
3 3 1452 1453 1574 1573
3 3 1453 1454 1575 1574
3 3 1454 1455 1576 1575
3 3 1455 1456 1577 1576
3 3 1456 1457 1578 1577
3 3 1457 1458 1579 1578
3 3 1458 1459 1580 1579
3 3 1459 1460 1581 1580
3 3 1460 1461 1582 1581
3 3 1461 1462 1583 1582
3 3 1573 1574 1695 1694
3 3 1574 1575 1696 1695
3 3 1575 1576 1697 1696
3 3 1576 1577 1698 1697
3 3 1577 1578 1699 1698
3 3 1578 1579 1700 1699
3 3 1579 1580 1701 1700
3 3 1580 1581 1702 1701
3 3 1581 1582 1703 1702
3 3 1582 1583 1704 1703
3 3 1694 1695 1816 1815
3 3 1695 1696 1817 1816
3 3 1696 1697 1818 1817
3 3 1697 1698 1819 1818
3 3 1698 1699 1820 1819
3 3 1699 1700 1821 1820
3 3 1700 1701 1822 1821
3 3 1701 1702 1823 1822
3 3 1702 1703 1824 1823
3 3 1703 1704 1825 1824
3 3 1815 1816 1937 1936
3 3 1816 1817 1938 1937
3 3 1817 1818 1939 1938
3 3 1818 1819 1940 1939
3 3 1819 1820 1941 1940
3 3 1820 1821 1942 1941
3 3 1821 1822 1943 1942
3 3 1822 1823 1944 1943
3 3 1823 1824 1945 1944
3 3 1824 1825 1946 1945
3 3 1936 1937 2058 2057
3 3 1937 1938 2059 2058
3 3 1938 1939 2060 2059
3 3 1939 1940 2061 2060
3 3 1940 1941 2062 2061
3 3 1941 1942 2063 2062
3 3 1942 1943 2064 2063
3 3 1943 1944 2065 2064
3 3 1944 1945 2066 2065
3 3 1945 1946 2067 2066
3 3 2057 2058 2179 2178
3 3 2058 2059 2180 2179
3 3 2059 2060 2181 2180
3 3 2060 2061 2182 2181
3 3 2061 2062 2183 2182
3 3 2062 2063 2184 2183
3 3 2063 2064 2185 2184
3 3 2064 2065 2186 2185
3 3 2065 2066 2187 2186
3 3 2066 2067 2188 2187
3 3 2178 2179 2300 2299
3 3 2179 2180 2301 2300
3 3 2180 2181 2302 2301
3 3 2181 2182 2303 2302
3 3 2182 2183 2304 2303
3 3 2183 2184 2305 2304
3 3 2184 2185 2306 2305
3 3 2185 2186 2307 2306
3 3 2186 2187 2308 2307
3 3 2187 2188 2309 2308
3 3 2299 2300 2421 2420
3 3 2300 2301 2422 2421
3 3 2301 2302 2423 2422
3 3 2302 2303 2424 2423
3 3 2303 2304 2425 2424
3 3 2304 2305 2426 2425
3 3 2305 2306 2427 2426
3 3 2306 2307 2428 2427
3 3 2307 2308 2429 2428
3 3 2308 2309 2430 2429
3 3 2420 2421 2542 2541
3 3 2421 2422 2543 2542
3 3 2422 2423 2544 2543
3 3 2423 2424 2545 2544
3 3 2424 2425 2546 2545
3 3 2425 2426 2547 2546
3 3 2426 2427 2548 2547
3 3 2427 2428 2549 2548
3 3 2428 2429 2550 2549
3 3 2429 2430 2551 2550
3 3 2541 2542 2663 2662
3 3 2542 2543 2664 2663
3 3 2543 2544 2665 2664
3 3 2544 2545 2666 2665
3 3 2545 2546 2667 2666
3 3 2546 2547 2668 2667
3 3 2547 2548 2669 2668
3 3 2548 2549 2670 2669
3 3 2549 2550 2671 2670
3 3 2550 2551 2672 2671
3 3 2662 2663 2784 2783
3 3 2663 2664 2785 2784
3 3 2664 2665 2786 2785
3 3 2665 2666 2787 2786
3 3 2666 2667 2788 2787
3 3 2667 2668 2789 2788
3 3 2668 2669 2790 2789
3 3 2669 2670 2791 2790
3 3 2670 2671 2792 2791
3 3 2671 2672 2793 2792
3 3 2783 2784 2905 2904
3 3 2784 2785 2906 2905
3 3 2785 2786 2907 2906
3 3 2786 2787 2908 2907
3 3 2787 2788 2909 2908
3 3 2788 2789 2910 2909
3 3 2789 2790 2911 2910
3 3 2790 2791 2912 2911
3 3 2791 2792 2913 2912
3 3 2792 2793 2914 2913
3 3 2904 2905 3026 3025
3 3 2905 2906 3027 3026
3 3 2906 2907 3028 3027
3 3 2907 2908 3029 3028
3 3 2908 2909 3030 3029
3 3 2909 2910 3031 3030
3 3 2910 2911 3032 3031
3 3 2911 2912 3033 3032
3 3 2912 2913 3034 3033
3 3 2913 2914 3035 3034
3 3 3025 3026 3147 3146
3 3 3026 3027 3148 3147
3 3 3027 3028 3149 3148
3 3 3028 3029 3150 3149
3 3 3029 3030 3151 3150
3 3 3030 3031 3152 3151
3 3 3031 3032 3153 3152
3 3 3032 3033 3154 3153
3 3 3033 3034 3155 3154
3 3 3034 3035 3156 3155
3 3 3146 3147 3268 3267
3 3 3147 3148 3269 3268
3 3 3148 3149 3270 3269
3 3 3149 3150 3271 3270
3 3 3150 3151 3272 3271
3 3 3151 3152 3273 3272
3 3 3152 3153 3274 3273
3 3 3153 3154 3275 3274
3 3 3154 3155 3276 3275
3 3 3155 3156 3277 3276
3 3 3267 3268 3389 3388
3 3 3268 3269 3390 3389
3 3 3269 3270 3391 3390
3 3 3270 3271 3392 3391
3 3 3271 3272 3393 3392
3 3 3272 3273 3394 3393
3 3 3273 3274 3395 3394
3 3 3274 3275 3396 3395
3 3 3275 3276 3397 3396
3 3 3276 3277 3398 3397
3 3 3388 3389 3510 3509
3 3 3389 3390 3511 3510
3 3 3390 3391 3512 3511
3 3 3391 3392 3513 3512
3 3 3392 3393 3514 3513
3 3 3393 3394 3515 3514
3 3 3394 3395 3516 3515
3 3 3395 3396 3517 3516
3 3 3396 3397 3518 3517
3 3 3397 3398 3519 3518
3 3 3509 3510 3631 3630
3 3 3510 3511 3632 3631
3 3 3511 3512 3633 3632
3 3 3512 3513 3634 3633
3 3 3513 3514 3635 3634
3 3 3514 3515 3636 3635
3 3 3515 3516 3637 3636
3 3 3516 3517 3638 3637
3 3 3517 3518 3639 3638
3 3 3518 3519 3640 3639
3 3 3630 3631 3752 3751
3 3 3631 3632 3753 3752
3 3 3632 3633 3754 3753
3 3 3633 3634 3755 3754
3 3 3634 3635 3756 3755
3 3 3635 3636 3757 3756
3 3 3636 3637 3758 3757
3 3 3637 3638 3759 3758
3 3 3638 3639 3760 3759
3 3 3639 3640 3761 3760
3 3 3751 3752 3873 3872
3 3 3752 3753 3874 3873
3 3 3753 3754 3875 3874
3 3 3754 3755 3876 3875
3 3 3755 3756 3877 3876
3 3 3756 3757 3878 3877
3 3 3757 3758 3879 3878
3 3 3758 3759 3880 3879
3 3 3759 3760 3881 3880
3 3 3760 3761 3882 3881
3 3 3872 3873 3994 3993
3 3 3873 3874 3995 3994
3 3 3874 3875 3996 3995
3 3 3875 3876 3997 3996
3 3 3876 3877 3998 3997
3 3 3877 3878 3999 3998
3 3 3878 3879 4000 3999
3 3 3879 3880 4001 4000
3 3 3880 3881 4002 4001
3 3 3881 3882 4003 4002
3 3 3993 3994 4115 4114
3 3 3994 3995 4116 4115
3 3 3995 3996 4117 4116
3 3 3996 3997 4118 4117
3 3 3997 3998 4119 4118
3 3 3998 3999 4120 4119
3 3 3999 4000 4121 4120
3 3 4000 4001 4122 4121
3 3 4001 4002 4123 4122
3 3 4002 4003 4124 4123
3 3 4114 4115 4236 4235
3 3 4115 4116 4237 4236
3 3 4116 4117 4238 4237
3 3 4117 4118 4239 4238
3 3 4118 4119 4240 4239
3 3 4119 4120 4241 4240
3 3 4120 4121 4242 4241
3 3 4121 4122 4243 4242
3 3 4122 4123 4244 4243
3 3 4123 4124 4245 4244
3 3 4235 4236 4357 4356
3 3 4236 4237 4358 4357
3 3 4237 4238 4359 4358
3 3 4238 4239 4360 4359
3 3 4239 4240 4361 4360
3 3 4240 4241 4362 4361
3 3 4241 4242 4363 4362
3 3 4242 4243 4364 4363
3 3 4243 4244 4365 4364
3 3 4244 4245 4366 4365
3 3 4356 4357 4478 4477
3 3 4357 4358 4479 4478
3 3 4358 4359 4480 4479
3 3 4359 4360 4481 4480
3 3 4360 4361 4482 4481
3 3 4361 4362 4483 4482
3 3 4362 4363 4484 4483
3 3 4363 4364 4485 4484
3 3 4364 4365 4486 4485
3 3 4365 4366 4487 4486
3 3 4477 4478 4599 4598
3 3 4478 4479 4600 4599
3 3 4479 4480 4601 4600
3 3 4480 4481 4602 4601
3 3 4481 4482 4603 4602
3 3 4482 4483 4604 4603
3 3 4483 4484 4605 4604
3 3 4484 4485 4606 4605
3 3 4485 4486 4607 4606
3 3 4486 4487 4608 4607
3 3 4598 4599 4720 4719
3 3 4599 4600 4721 4720
3 3 4600 4601 4722 4721
3 3 4601 4602 4723 4722
3 3 4602 4603 4724 4723
3 3 4603 4604 4725 4724
3 3 4604 4605 4726 4725
3 3 4605 4606 4727 4726
3 3 4606 4607 4728 4727
3 3 4607 4608 4729 4728
3 3 4719 4720 4841 4840
3 3 4720 4721 4842 4841
3 3 4721 4722 4843 4842
3 3 4722 4723 4844 4843
3 3 4723 4724 4845 4844
3 3 4724 4725 4846 4845
3 3 4725 4726 4847 4846
3 3 4726 4727 4848 4847
3 3 4727 4728 4849 4848
3 3 4728 4729 4850 4849
3 3 4840 4841 4962 4961
3 3 4841 4842 4963 4962
3 3 4842 4843 4964 4963
3 3 4843 4844 4965 4964
3 3 4844 4845 4966 4965
3 3 4845 4846 4967 4966
3 3 4846 4847 4968 4967
3 3 4847 4848 4969 4968
3 3 4848 4849 4970 4969
3 3 4849 4850 4971 4970
3 3 4961 4962 5083 5082
3 3 4962 4963 5084 5083
3 3 4963 4964 5085 5084
3 3 4964 4965 5086 5085
3 3 4965 4966 5087 5086
3 3 4966 4967 5088 5087
3 3 4967 4968 5089 5088
3 3 4968 4969 5090 5089
3 3 4969 4970 5091 5090
3 3 4970 4971 5092 5091
3 3 5082 5083 5204 5203
3 3 5083 5084 5205 5204
3 3 5084 5085 5206 5205
3 3 5085 5086 5207 5206
3 3 5086 5087 5208 5207
3 3 5087 5088 5209 5208
3 3 5088 5089 5210 5209
3 3 5089 5090 5211 5210
3 3 5090 5091 5212 5211
3 3 5091 5092 5213 5212
3 3 5203 5204 5325 5324
3 3 5204 5205 5326 5325
3 3 5205 5206 5327 5326
3 3 5206 5207 5328 5327
3 3 5207 5208 5329 5328
3 3 5208 5209 5330 5329
3 3 5209 5210 5331 5330
3 3 5210 5211 5332 5331
3 3 5211 5212 5333 5332
3 3 5212 5213 5334 5333
3 3 5324 5325 5446 5445
3 3 5325 5326 5447 5446
3 3 5326 5327 5448 5447
3 3 5327 5328 5449 5448
3 3 5328 5329 5450 5449
3 3 5329 5330 5451 5450
3 3 5330 5331 5452 5451
3 3 5331 5332 5453 5452
3 3 5332 5333 5454 5453
3 3 5333 5334 5455 5454
3 3 5445 5446 5567 5566
3 3 5446 5447 5568 5567
3 3 5447 5448 5569 5568
3 3 5448 5449 5570 5569
3 3 5449 5450 5571 5570
3 3 5450 5451 5572 5571
3 3 5451 5452 5573 5572
3 3 5452 5453 5574 5573
3 3 5453 5454 5575 5574
3 3 5454 5455 5576 5575
3 3 5566 5567 5688 5687
3 3 5567 5568 5689 5688
3 3 5568 5569 5690 5689
3 3 5569 5570 5691 5690
3 3 5570 5571 5692 5691
3 3 5571 5572 5693 5692
3 3 5572 5573 5694 5693
3 3 5573 5574 5695 5694
3 3 5574 5575 5696 5695
3 3 5575 5576 5697 5696
3 3 5687 5688 5809 5808
3 3 5688 5689 5810 5809
3 3 5689 5690 5811 5810
3 3 5690 5691 5812 5811
3 3 5691 5692 5813 5812
3 3 5692 5693 5814 5813
3 3 5693 5694 5815 5814
3 3 5694 5695 5816 5815
3 3 5695 5696 5817 5816
3 3 5696 5697 5818 5817
3 3 5808 5809 5930 5929
3 3 5809 5810 5931 5930
3 3 5810 5811 5932 5931
3 3 5811 5812 5933 5932
3 3 5812 5813 5934 5933
3 3 5813 5814 5935 5934
3 3 5814 5815 5936 5935
3 3 5815 5816 5937 5936
3 3 5816 5817 5938 5937
3 3 5817 5818 5939 5938
3 3 5929 5930 6051 6050
3 3 5930 5931 6052 6051
3 3 5931 5932 6053 6052
3 3 5932 5933 6054 6053
3 3 5933 5934 6055 6054
3 3 5934 5935 6056 6055
3 3 5935 5936 6057 6056
3 3 5936 5937 6058 6057
3 3 5937 5938 6059 6058
3 3 5938 5939 6060 6059
3 3 6050 6051 6172 6171
3 3 6051 6052 6173 6172
3 3 6052 6053 6174 6173
3 3 6053 6054 6175 6174
3 3 6054 6055 6176 6175
3 3 6055 6056 6177 6176
3 3 6056 6057 6178 6177
3 3 6057 6058 6179 6178
3 3 6058 6059 6180 6179
3 3 6059 6060 6181 6180
3 3 6171 6172 6293 6292
3 3 6172 6173 6294 6293
3 3 6173 6174 6295 6294
3 3 6174 6175 6296 6295
3 3 6175 6176 6297 6296
3 3 6176 6177 6298 6297
3 3 6177 6178 6299 6298
3 3 6178 6179 6300 6299
3 3 6179 6180 6301 6300
3 3 6180 6181 6302 6301
3 3 6292 6293 6414 6413
3 3 6293 6294 6415 6414
3 3 6294 6295 6416 6415
3 3 6295 6296 6417 6416
3 3 6296 6297 6418 6417
3 3 6297 6298 6419 6418
3 3 6298 6299 6420 6419
3 3 6299 6300 6421 6420
3 3 6300 6301 6422 6421
3 3 6301 6302 6423 6422
3 3 6413 6414 6535 6534
3 3 6414 6415 6536 6535
3 3 6415 6416 6537 6536
3 3 6416 6417 6538 6537
3 3 6417 6418 6539 6538
3 3 6418 6419 6540 6539
3 3 6419 6420 6541 6540
3 3 6420 6421 6542 6541
3 3 6421 6422 6543 6542
3 3 6422 6423 6544 6543
3 3 6534 6535 6656 6655
3 3 6535 6536 6657 6656
3 3 6536 6537 6658 6657
3 3 6537 6538 6659 6658
3 3 6538 6539 6660 6659
3 3 6539 6540 6661 6660
3 3 6540 6541 6662 6661
3 3 6541 6542 6663 6662
3 3 6542 6543 6664 6663
3 3 6543 6544 6665 6664
3 3 6655 6656 6777 6776
3 3 6656 6657 6778 6777
3 3 6657 6658 6779 6778
3 3 6658 6659 6780 6779
3 3 6659 6660 6781 6780
3 3 6660 6661 6782 6781
3 3 6661 6662 6783 6782
3 3 6662 6663 6784 6783
3 3 6663 6664 6785 6784
3 3 6664 6665 6786 6785
3 3 6776 6777 6898 6897
3 3 6777 6778 6899 6898
3 3 6778 6779 6900 6899
3 3 6779 6780 6901 6900
3 3 6780 6781 6902 6901
3 3 6781 6782 6903 6902
3 3 6782 6783 6904 6903
3 3 6783 6784 6905 6904
3 3 6784 6785 6906 6905
3 3 6785 6786 6907 6906
3 3 6897 6898 7019 7018
3 3 6898 6899 7020 7019
3 3 6899 6900 7021 7020
3 3 6900 6901 7022 7021
3 3 6901 6902 7023 7022
3 3 6902 6903 7024 7023
3 3 6903 6904 7025 7024
3 3 6904 6905 7026 7025
3 3 6905 6906 7027 7026
3 3 6906 6907 7028 7027
3 3 7018 7019 7140 7139
3 3 7019 7020 7141 7140
3 3 7020 7021 7142 7141
3 3 7021 7022 7143 7142
3 3 7022 7023 7144 7143
3 3 7023 7024 7145 7144
3 3 7024 7025 7146 7145
3 3 7025 7026 7147 7146
3 3 7026 7027 7148 7147
3 3 7027 7028 7149 7148
3 3 7139 7140 7261 7260
3 3 7140 7141 7262 7261
3 3 7141 7142 7263 7262
3 3 7142 7143 7264 7263
3 3 7143 7144 7265 7264
3 3 7144 7145 7266 7265
3 3 7145 7146 7267 7266
3 3 7146 7147 7268 7267
3 3 7147 7148 7269 7268
3 3 7148 7149 7270 7269
3 3 7260 7261 7382 7381
3 3 7261 7262 7383 7382
3 3 7262 7263 7384 7383
3 3 7263 7264 7385 7384
3 3 7264 7265 7386 7385
3 3 7265 7266 7387 7386
3 3 7266 7267 7388 7387
3 3 7267 7268 7389 7388
3 3 7268 7269 7390 7389
3 3 7269 7270 7391 7390
3 3 7381 7382 7503 7502
3 3 7382 7383 7504 7503
3 3 7383 7384 7505 7504
3 3 7384 7385 7506 7505
3 3 7385 7386 7507 7506
3 3 7386 7387 7508 7507
3 3 7387 7388 7509 7508
3 3 7388 7389 7510 7509
3 3 7389 7390 7511 7510
3 3 7390 7391 7512 7511
3 3 7502 7503 7624 7623
3 3 7503 7504 7625 7624
3 3 7504 7505 7626 7625
3 3 7505 7506 7627 7626
3 3 7506 7507 7628 7627
3 3 7507 7508 7629 7628
3 3 7508 7509 7630 7629
3 3 7509 7510 7631 7630
3 3 7510 7511 7632 7631
3 3 7511 7512 7633 7632
3 3 7623 7624 7745 7744
3 3 7624 7625 7746 7745
3 3 7625 7626 7747 7746
3 3 7626 7627 7748 7747
3 3 7627 7628 7749 7748
3 3 7628 7629 7750 7749
3 3 7629 7630 7751 7750
3 3 7630 7631 7752 7751
3 3 7631 7632 7753 7752
3 3 7632 7633 7754 7753
3 3 7744 7745 7866 7865
3 3 7745 7746 7867 7866
3 3 7746 7747 7868 7867
3 3 7747 7748 7869 7868
3 3 7748 7749 7870 7869
3 3 7749 7750 7871 7870
3 3 7750 7751 7872 7871
3 3 7751 7752 7873 7872
3 3 7752 7753 7874 7873
3 3 7753 7754 7875 7874
3 3 7865 7866 7987 7986
3 3 7866 7867 7988 7987
3 3 7867 7868 7989 7988
3 3 7868 7869 7990 7989
3 3 7869 7870 7991 7990
3 3 7870 7871 7992 7991
3 3 7871 7872 7993 7992
3 3 7872 7873 7994 7993
3 3 7873 7874 7995 7994
3 3 7874 7875 7996 7995
3 3 7986 7987 8108 8107
3 3 7987 7988 8109 8108
3 3 7988 7989 8110 8109
3 3 7989 7990 8111 8110
3 3 7990 7991 8112 8111
3 3 7991 7992 8113 8112
3 3 7992 7993 8114 8113
3 3 7993 7994 8115 8114
3 3 7994 7995 8116 8115
3 3 7995 7996 8117 8116
3 3 8107 8108 8229 8228
3 3 8108 8109 8230 8229
3 3 8109 8110 8231 8230
3 3 8110 8111 8232 8231
3 3 8111 8112 8233 8232
3 3 8112 8113 8234 8233
3 3 8113 8114 8235 8234
3 3 8114 8115 8236 8235
3 3 8115 8116 8237 8236
3 3 8116 8117 8238 8237
3 3 8228 8229 8350 8349
3 3 8229 8230 8351 8350
3 3 8230 8231 8352 8351
3 3 8231 8232 8353 8352
3 3 8232 8233 8354 8353
3 3 8233 8234 8355 8354
3 3 8234 8235 8356 8355
3 3 8235 8236 8357 8356
3 3 8236 8237 8358 8357
3 3 8237 8238 8359 8358
3 3 8349 8350 8471 8470
3 3 8350 8351 8472 8471
3 3 8351 8352 8473 8472
3 3 8352 8353 8474 8473
3 3 8353 8354 8475 8474
3 3 8354 8355 8476 8475
3 3 8355 8356 8477 8476
3 3 8356 8357 8478 8477
3 3 8357 8358 8479 8478
3 3 8358 8359 8480 8479
3 3 8470 8471 8592 8591
3 3 8471 8472 8593 8592
3 3 8472 8473 8594 8593
3 3 8473 8474 8595 8594
3 3 8474 8475 8596 8595
3 3 8475 8476 8597 8596
3 3 8476 8477 8598 8597
3 3 8477 8478 8599 8598
3 3 8478 8479 8600 8599
3 3 8479 8480 8601 8600
3 3 8591 8592 8713 8712
3 3 8592 8593 8714 8713
3 3 8593 8594 8715 8714
3 3 8594 8595 8716 8715
3 3 8595 8596 8717 8716
3 3 8596 8597 8718 8717
3 3 8597 8598 8719 8718
3 3 8598 8599 8720 8719
3 3 8599 8600 8721 8720
3 3 8600 8601 8722 8721
3 3 8712 8713 8834 8833
3 3 8713 8714 8835 8834
3 3 8714 8715 8836 8835
3 3 8715 8716 8837 8836
3 3 8716 8717 8838 8837
3 3 8717 8718 8839 8838
3 3 8718 8719 8840 8839
3 3 8719 8720 8841 8840
3 3 8720 8721 8842 8841
3 3 8721 8722 8843 8842
3 3 8833 8834 8955 8954
3 3 8834 8835 8956 8955
3 3 8835 8836 8957 8956
3 3 8836 8837 8958 8957
3 3 8837 8838 8959 8958
3 3 8838 8839 8960 8959
3 3 8839 8840 8961 8960
3 3 8840 8841 8962 8961
3 3 8841 8842 8963 8962
3 3 8842 8843 8964 8963
3 3 8954 8955 9076 9075
3 3 8955 8956 9077 9076
3 3 8956 8957 9078 9077
3 3 8957 8958 9079 9078
3 3 8958 8959 9080 9079
3 3 8959 8960 9081 9080
3 3 8960 8961 9082 9081
3 3 8961 8962 9083 9082
3 3 8962 8963 9084 9083
3 3 8963 8964 9085 9084
3 3 9075 9076 9197 9196
3 3 9076 9077 9198 9197
3 3 9077 9078 9199 9198
3 3 9078 9079 9200 9199
3 3 9079 9080 9201 9200
3 3 9080 9081 9202 9201
3 3 9081 9082 9203 9202
3 3 9082 9083 9204 9203
3 3 9083 9084 9205 9204
3 3 9084 9085 9206 9205
3 3 9196 9197 9318 9317
3 3 9197 9198 9319 9318
3 3 9198 9199 9320 9319
3 3 9199 9200 9321 9320
3 3 9200 9201 9322 9321
3 3 9201 9202 9323 9322
3 3 9202 9203 9324 9323
3 3 9203 9204 9325 9324
3 3 9204 9205 9326 9325
3 3 9205 9206 9327 9326
3 3 9317 9318 9439 9438
3 3 9318 9319 9440 9439
3 3 9319 9320 9441 9440
3 3 9320 9321 9442 9441
3 3 9321 9322 9443 9442
3 3 9322 9323 9444 9443
3 3 9323 9324 9445 9444
3 3 9324 9325 9446 9445
3 3 9325 9326 9447 9446
3 3 9326 9327 9448 9447
3 3 9438 9439 9560 9559
3 3 9439 9440 9561 9560
3 3 9440 9441 9562 9561
3 3 9441 9442 9563 9562
3 3 9442 9443 9564 9563
3 3 9443 9444 9565 9564
3 3 9444 9445 9566 9565
3 3 9445 9446 9567 9566
3 3 9446 9447 9568 9567
3 3 9447 9448 9569 9568
3 3 9559 9560 9681 9680
3 3 9560 9561 9682 9681
3 3 9561 9562 9683 9682
3 3 9562 9563 9684 9683
3 3 9563 9564 9685 9684
3 3 9564 9565 9686 9685
3 3 9565 9566 9687 9686
3 3 9566 9567 9688 9687
3 3 9567 9568 9689 9688
3 3 9568 9569 9690 9689
3 3 9680 9681 9802 9801
3 3 9681 9682 9803 9802
3 3 9682 9683 9804 9803
3 3 9683 9684 9805 9804
3 3 9684 9685 9806 9805
3 3 9685 9686 9807 9806
3 3 9686 9687 9808 9807
3 3 9687 9688 9809 9808
3 3 9688 9689 9810 9809
3 3 9689 9690 9811 9810
3 3 9801 9802 9923 9922
3 3 9802 9803 9924 9923
3 3 9803 9804 9925 9924
3 3 9804 9805 9926 9925
3 3 9805 9806 9927 9926
3 3 9806 9807 9928 9927
3 3 9807 9808 9929 9928
3 3 9808 9809 9930 9929
3 3 9809 9810 9931 9930
3 3 9810 9811 9932 9931
3 3 9922 9923 10044 10043
3 3 9923 9924 10045 10044
3 3 9924 9925 10046 10045
3 3 9925 9926 10047 10046
3 3 9926 9927 10048 10047
3 3 9927 9928 10049 10048
3 3 9928 9929 10050 10049
3 3 9929 9930 10051 10050
3 3 9930 9931 10052 10051
3 3 9931 9932 10053 10052
3 3 10043 10044 10165 10164
3 3 10044 10045 10166 10165
3 3 10045 10046 10167 10166
3 3 10046 10047 10168 10167
3 3 10047 10048 10169 10168
3 3 10048 10049 10170 10169
3 3 10049 10050 10171 10170
3 3 10050 10051 10172 10171
3 3 10051 10052 10173 10172
3 3 10052 10053 10174 10173
3 3 10164 10165 10286 10285
3 3 10165 10166 10287 10286
3 3 10166 10167 10288 10287
3 3 10167 10168 10289 10288
3 3 10168 10169 10290 10289
3 3 10169 10170 10291 10290
3 3 10170 10171 10292 10291
3 3 10171 10172 10293 10292
3 3 10172 10173 10294 10293
3 3 10173 10174 10295 10294
3 3 10285 10286 10407 10406
3 3 10286 10287 10408 10407
3 3 10287 10288 10409 10408
3 3 10288 10289 10410 10409
3 3 10289 10290 10411 10410
3 3 10290 10291 10412 10411
3 3 10291 10292 10413 10412
3 3 10292 10293 10414 10413
3 3 10293 10294 10415 10414
3 3 10294 10295 10416 10415
3 3 10406 10407 10528 10527
3 3 10407 10408 10529 10528
3 3 10408 10409 10530 10529
3 3 10409 10410 10531 10530
3 3 10410 10411 10532 10531
3 3 10411 10412 10533 10532
3 3 10412 10413 10534 10533
3 3 10413 10414 10535 10534
3 3 10414 10415 10536 10535
3 3 10415 10416 10537 10536
3 3 10527 10528 10649 10648
3 3 10528 10529 10650 10649
3 3 10529 10530 10651 10650
3 3 10530 10531 10652 10651
3 3 10531 10532 10653 10652
3 3 10532 10533 10654 10653
3 3 10533 10534 10655 10654
3 3 10534 10535 10656 10655
3 3 10535 10536 10657 10656
3 3 10536 10537 10658 10657
3 3 10648 10649 10770 10769
3 3 10649 10650 10771 10770
3 3 10650 10651 10772 10771
3 3 10651 10652 10773 10772
3 3 10652 10653 10774 10773
3 3 10653 10654 10775 10774
3 3 10654 10655 10776 10775
3 3 10655 10656 10777 10776
3 3 10656 10657 10778 10777
3 3 10657 10658 10779 10778
3 3 10769 10770 10891 10890
3 3 10770 10771 10892 10891
3 3 10771 10772 10893 10892
3 3 10772 10773 10894 10893
3 3 10773 10774 10895 10894
3 3 10774 10775 10896 10895
3 3 10775 10776 10897 10896
3 3 10776 10777 10898 10897
3 3 10777 10778 10899 10898
3 3 10778 10779 10900 10899
3 3 10890 10891 11012 11011
3 3 10891 10892 11013 11012
3 3 10892 10893 11014 11013
3 3 10893 10894 11015 11014
3 3 10894 10895 11016 11015
3 3 10895 10896 11017 11016
3 3 10896 10897 11018 11017
3 3 10897 10898 11019 11018
3 3 10898 10899 11020 11019
3 3 10899 10900 11021 11020
3 3 11011 11012 11133 11132
3 3 11012 11013 11134 11133
3 3 11013 11014 11135 11134
3 3 11014 11015 11136 11135
3 3 11015 11016 11137 11136
3 3 11016 11017 11138 11137
3 3 11017 11018 11139 11138
3 3 11018 11019 11140 11139
3 3 11019 11020 11141 11140
3 3 11020 11021 11142 11141
3 3 11132 11133 11254 11253
3 3 11133 11134 11255 11254
3 3 11134 11135 11256 11255
3 3 11135 11136 11257 11256
3 3 11136 11137 11258 11257
3 3 11137 11138 11259 11258
3 3 11138 11139 11260 11259
3 3 11139 11140 11261 11260
3 3 11140 11141 11262 11261
3 3 11141 11142 11263 11262
3 3 11253 11254 11375 11374
3 3 11254 11255 11376 11375
3 3 11255 11256 11377 11376
3 3 11256 11257 11378 11377
3 3 11257 11258 11379 11378
3 3 11258 11259 11380 11379
3 3 11259 11260 11381 11380
3 3 11260 11261 11382 11381
3 3 11261 11262 11383 11382
3 3 11262 11263 11384 11383
3 3 11374 11375 11496 11495
3 3 11375 11376 11497 11496
3 3 11376 11377 11498 11497
3 3 11377 11378 11499 11498
3 3 11378 11379 11500 11499
3 3 11379 11380 11501 11500
3 3 11380 11381 11502 11501
3 3 11381 11382 11503 11502
3 3 11382 11383 11504 11503
3 3 11383 11384 11505 11504
3 3 11495 11496 11617 11616
3 3 11496 11497 11618 11617
3 3 11497 11498 11619 11618
3 3 11498 11499 11620 11619
3 3 11499 11500 11621 11620
3 3 11500 11501 11622 11621
3 3 11501 11502 11623 11622
3 3 11502 11503 11624 11623
3 3 11503 11504 11625 11624
3 3 11504 11505 11626 11625
3 3 11616 11617 11738 11737
3 3 11617 11618 11739 11738
3 3 11618 11619 11740 11739
3 3 11619 11620 11741 11740
3 3 11620 11621 11742 11741
3 3 11621 11622 11743 11742
3 3 11622 11623 11744 11743
3 3 11623 11624 11745 11744
3 3 11624 11625 11746 11745
3 3 11625 11626 11747 11746
3 3 11737 11738 11859 11858
3 3 11738 11739 11860 11859
3 3 11739 11740 11861 11860
3 3 11740 11741 11862 11861
3 3 11741 11742 11863 11862
3 3 11742 11743 11864 11863
3 3 11743 11744 11865 11864
3 3 11744 11745 11866 11865
3 3 11745 11746 11867 11866
3 3 11746 11747 11868 11867
3 3 11858 11859 11980 11979
3 3 11859 11860 11981 11980
3 3 11860 11861 11982 11981
3 3 11861 11862 11983 11982
3 3 11862 11863 11984 11983
3 3 11863 11864 11985 11984
3 3 11864 11865 11986 11985
3 3 11865 11866 11987 11986
3 3 11866 11867 11988 11987
3 3 11867 11868 11989 11988
3 3 11979 11980 12101 12100
3 3 11980 11981 12102 12101
3 3 11981 11982 12103 12102
3 3 11982 11983 12104 12103
3 3 11983 11984 12105 12104
3 3 11984 11985 12106 12105
3 3 11985 11986 12107 12106
3 3 11986 11987 12108 12107
3 3 11987 11988 12109 12108
3 3 11988 11989 12110 12109
4 3 231 232 111 110
4 3 232 233 112 111
4 3 233 234 113 112
4 3 234 235 114 113
4 3 235 236 115 114
4 3 236 237 116 115
4 3 237 238 117 116
4 3 238 239 118 117
4 3 239 240 119 118
4 3 240 241 120 119
4 3 352 353 232 231
4 3 353 354 233 232
4 3 354 355 234 233
4 3 355 356 235 234
4 3 356 357 236 235
4 3 357 358 237 236
4 3 358 359 238 237
4 3 359 360 239 238
4 3 360 361 240 239
4 3 361 362 241 240
4 3 473 474 353 352
4 3 474 475 354 353
4 3 475 476 355 354
4 3 476 477 356 355
4 3 477 478 357 356
4 3 478 479 358 357
4 3 479 480 359 358
4 3 480 481 360 359
4 3 481 482 361 360
4 3 482 483 362 361
4 3 594 595 474 473
4 3 595 596 475 474
4 3 596 597 476 475
4 3 597 598 477 476
4 3 598 599 478 477
4 3 599 600 479 478
4 3 600 601 480 479
4 3 601 602 481 480
4 3 602 603 482 481
4 3 603 604 483 482
4 3 715 716 595 594
4 3 716 717 596 595
4 3 717 718 597 596
4 3 718 719 598 597
4 3 719 720 599 598
4 3 720 721 600 599
4 3 721 722 601 600
4 3 722 723 602 601
4 3 723 724 603 602
4 3 724 725 604 603
4 3 836 837 716 715
4 3 837 838 717 716
4 3 838 839 718 717
4 3 839 840 719 718
4 3 840 841 720 719
4 3 841 842 721 720
4 3 842 843 722 721
4 3 843 844 723 722
4 3 844 845 724 723
4 3 845 846 725 724
4 3 957 958 837 836
4 3 958 959 838 837
4 3 959 960 839 838
4 3 960 961 840 839
4 3 961 962 841 840
4 3 962 963 842 841
4 3 963 964 843 842
4 3 964 965 844 843
4 3 965 966 845 844
4 3 966 967 846 845
4 3 1078 1079 958 957
4 3 1079 1080 959 958
4 3 1080 1081 960 959
4 3 1081 1082 961 960
4 3 1082 1083 962 961
4 3 1083 1084 963 962
4 3 1084 1085 964 963
4 3 1085 1086 965 964
4 3 1086 1087 966 965
4 3 1087 1088 967 966
4 3 1199 1200 1079 1078
4 3 1200 1201 1080 1079
4 3 1201 1202 1081 1080
4 3 1202 1203 1082 1081
4 3 1203 1204 1083 1082
4 3 1204 1205 1084 1083
4 3 1205 1206 1085 1084
4 3 1206 1207 1086 1085
4 3 1207 1208 1087 1086
4 3 1208 1209 1088 1087
4 3 1320 1321 1200 1199
4 3 1321 1322 1201 1200
4 3 1322 1323 1202 1201
4 3 1323 1324 1203 1202
4 3 1324 1325 1204 1203
4 3 1325 1326 1205 1204
4 3 1326 1327 1206 1205
4 3 1327 1328 1207 1206
4 3 1328 1329 1208 1207
4 3 1329 1330 1209 1208
4 3 1441 1442 1321 1320
4 3 1442 1443 1322 1321
4 3 1443 1444 1323 1322
4 3 1444 1445 1324 1323
4 3 1445 1446 1325 1324
4 3 1446 1447 1326 1325
4 3 1447 1448 1327 1326
4 3 1448 1449 1328 1327
4 3 1449 1450 1329 1328
4 3 1450 1451 1330 1329
4 3 1562 1563 1442 1441
4 3 1563 1564 1443 1442
4 3 1564 1565 1444 1443
4 3 1565 1566 1445 1444
4 3 1566 1567 1446 1445
4 3 1567 1568 1447 1446
4 3 1568 1569 1448 1447
4 3 1569 1570 1449 1448
4 3 1570 1571 1450 1449
4 3 1571 1572 1451 1450
4 3 1683 1684 1563 1562
4 3 1684 1685 1564 1563
4 3 1685 1686 1565 1564
4 3 1686 1687 1566 1565
4 3 1687 1688 1567 1566
4 3 1688 1689 1568 1567
4 3 1689 1690 1569 1568
4 3 1690 1691 1570 1569
4 3 1691 1692 1571 1570
4 3 1692 1693 1572 1571
4 3 1804 1805 1684 1683
4 3 1805 1806 1685 1684
4 3 1806 1807 1686 1685
4 3 1807 1808 1687 1686
4 3 1808 1809 1688 1687
4 3 1809 1810 1689 1688
4 3 1810 1811 1690 1689
4 3 1811 1812 1691 1690
4 3 1812 1813 1692 1691
4 3 1813 1814 1693 1692
4 3 1925 1926 1805 1804
4 3 1926 1927 1806 1805
4 3 1927 1928 1807 1806
4 3 1928 1929 1808 1807
4 3 1929 1930 1809 1808
4 3 1930 1931 1810 1809
4 3 1931 1932 1811 1810
4 3 1932 1933 1812 1811
4 3 1933 1934 1813 1812
4 3 1934 1935 1814 1813
4 3 2046 2047 1926 1925
4 3 2047 2048 1927 1926
4 3 2048 2049 1928 1927
4 3 2049 2050 1929 1928
4 3 2050 2051 1930 1929
4 3 2051 2052 1931 1930
4 3 2052 2053 1932 1931
4 3 2053 2054 1933 1932
4 3 2054 2055 1934 1933
4 3 2055 2056 1935 1934
4 3 2167 2168 2047 2046
4 3 2168 2169 2048 2047
4 3 2169 2170 2049 2048
4 3 2170 2171 2050 2049
4 3 2171 2172 2051 2050
4 3 2172 2173 2052 2051
4 3 2173 2174 2053 2052
4 3 2174 2175 2054 2053
4 3 2175 2176 2055 2054
4 3 2176 2177 2056 2055
4 3 2288 2289 2168 2167
4 3 2289 2290 2169 2168
4 3 2290 2291 2170 2169
4 3 2291 2292 2171 2170
4 3 2292 2293 2172 2171
4 3 2293 2294 2173 2172
4 3 2294 2295 2174 2173
4 3 2295 2296 2175 2174
4 3 2296 2297 2176 2175
4 3 2297 2298 2177 2176
4 3 2409 2410 2289 2288
4 3 2410 2411 2290 2289
4 3 2411 2412 2291 2290
4 3 2412 2413 2292 2291
4 3 2413 2414 2293 2292
4 3 2414 2415 2294 2293
4 3 2415 2416 2295 2294
4 3 2416 2417 2296 2295
4 3 2417 2418 2297 2296
4 3 2418 2419 2298 2297
4 3 2530 2531 2410 2409
4 3 2531 2532 2411 2410
4 3 2532 2533 2412 2411
4 3 2533 2534 2413 2412
4 3 2534 2535 2414 2413
4 3 2535 2536 2415 2414
4 3 2536 2537 2416 2415
4 3 2537 2538 2417 2416
4 3 2538 2539 2418 2417
4 3 2539 2540 2419 2418
4 3 2651 2652 2531 2530
4 3 2652 2653 2532 2531
4 3 2653 2654 2533 2532
4 3 2654 2655 2534 2533
4 3 2655 2656 2535 2534
4 3 2656 2657 2536 2535
4 3 2657 2658 2537 2536
4 3 2658 2659 2538 2537
4 3 2659 2660 2539 2538
4 3 2660 2661 2540 2539
4 3 2772 2773 2652 2651
4 3 2773 2774 2653 2652
4 3 2774 2775 2654 2653
4 3 2775 2776 2655 2654
4 3 2776 2777 2656 2655
4 3 2777 2778 2657 2656
4 3 2778 2779 2658 2657
4 3 2779 2780 2659 2658
4 3 2780 2781 2660 2659
4 3 2781 2782 2661 2660
4 3 2893 2894 2773 2772
4 3 2894 2895 2774 2773
4 3 2895 2896 2775 2774
4 3 2896 2897 2776 2775
4 3 2897 2898 2777 2776
4 3 2898 2899 2778 2777
4 3 2899 2900 2779 2778
4 3 2900 2901 2780 2779
4 3 2901 2902 2781 2780
4 3 2902 2903 2782 2781
4 3 3014 3015 2894 2893
4 3 3015 3016 2895 2894
4 3 3016 3017 2896 2895
4 3 3017 3018 2897 2896
4 3 3018 3019 2898 2897
4 3 3019 3020 2899 2898
4 3 3020 3021 2900 2899
4 3 3021 3022 2901 2900
4 3 3022 3023 2902 2901
4 3 3023 3024 2903 2902
4 3 3135 3136 3015 3014
4 3 3136 3137 3016 3015
4 3 3137 3138 3017 3016
4 3 3138 3139 3018 3017
4 3 3139 3140 3019 3018
4 3 3140 3141 3020 3019
4 3 3141 3142 3021 3020
4 3 3142 3143 3022 3021
4 3 3143 3144 3023 3022
4 3 3144 3145 3024 3023
4 3 3256 3257 3136 3135
4 3 3257 3258 3137 3136
4 3 3258 3259 3138 3137
4 3 3259 3260 3139 3138
4 3 3260 3261 3140 3139
4 3 3261 3262 3141 3140
4 3 3262 3263 3142 3141
4 3 3263 3264 3143 3142
4 3 3264 3265 3144 3143
4 3 3265 3266 3145 3144
4 3 3377 3378 3257 3256
4 3 3378 3379 3258 3257
4 3 3379 3380 3259 3258
4 3 3380 3381 3260 3259
4 3 3381 3382 3261 3260
4 3 3382 3383 3262 3261
4 3 3383 3384 3263 3262
4 3 3384 3385 3264 3263
4 3 3385 3386 3265 3264
4 3 3386 3387 3266 3265
4 3 3498 3499 3378 3377
4 3 3499 3500 3379 3378
4 3 3500 3501 3380 3379
4 3 3501 3502 3381 3380
4 3 3502 3503 3382 3381
4 3 3503 3504 3383 3382
4 3 3504 3505 3384 3383
4 3 3505 3506 3385 3384
4 3 3506 3507 3386 3385
4 3 3507 3508 3387 3386
4 3 3619 3620 3499 3498
4 3 3620 3621 3500 3499
4 3 3621 3622 3501 3500
4 3 3622 3623 3502 3501
4 3 3623 3624 3503 3502
4 3 3624 3625 3504 3503
4 3 3625 3626 3505 3504
4 3 3626 3627 3506 3505
4 3 3627 3628 3507 3506
4 3 3628 3629 3508 3507
4 3 3740 3741 3620 3619
4 3 3741 3742 3621 3620
4 3 3742 3743 3622 3621
4 3 3743 3744 3623 3622
4 3 3744 3745 3624 3623
4 3 3745 3746 3625 3624
4 3 3746 3747 3626 3625
4 3 3747 3748 3627 3626
4 3 3748 3749 3628 3627
4 3 3749 3750 3629 3628
4 3 3861 3862 3741 3740
4 3 3862 3863 3742 3741
4 3 3863 3864 3743 3742
4 3 3864 3865 3744 3743
4 3 3865 3866 3745 3744
4 3 3866 3867 3746 3745
4 3 3867 3868 3747 3746
4 3 3868 3869 3748 3747
4 3 3869 3870 3749 3748
4 3 3870 3871 3750 3749
4 3 3982 3983 3862 3861
4 3 3983 3984 3863 3862
4 3 3984 3985 3864 3863
4 3 3985 3986 3865 3864
4 3 3986 3987 3866 3865
4 3 3987 3988 3867 3866
4 3 3988 3989 3868 3867
4 3 3989 3990 3869 3868
4 3 3990 3991 3870 3869
4 3 3991 3992 3871 3870
4 3 4103 4104 3983 3982
4 3 4104 4105 3984 3983
4 3 4105 4106 3985 3984
4 3 4106 4107 3986 3985
4 3 4107 4108 3987 3986
4 3 4108 4109 3988 3987
4 3 4109 4110 3989 3988
4 3 4110 4111 3990 3989
4 3 4111 4112 3991 3990
4 3 4112 4113 3992 3991
4 3 4224 4225 4104 4103
4 3 4225 4226 4105 4104
4 3 4226 4227 4106 4105
4 3 4227 4228 4107 4106
4 3 4228 4229 4108 4107
4 3 4229 4230 4109 4108
4 3 4230 4231 4110 4109
4 3 4231 4232 4111 4110
4 3 4232 4233 4112 4111
4 3 4233 4234 4113 4112
4 3 4345 4346 4225 4224
4 3 4346 4347 4226 4225
4 3 4347 4348 4227 4226
4 3 4348 4349 4228 4227
4 3 4349 4350 4229 4228
4 3 4350 4351 4230 4229
4 3 4351 4352 4231 4230
4 3 4352 4353 4232 4231
4 3 4353 4354 4233 4232
4 3 4354 4355 4234 4233
4 3 4466 4467 4346 4345
4 3 4467 4468 4347 4346
4 3 4468 4469 4348 4347
4 3 4469 4470 4349 4348
4 3 4470 4471 4350 4349
4 3 4471 4472 4351 4350
4 3 4472 4473 4352 4351
4 3 4473 4474 4353 4352
4 3 4474 4475 4354 4353
4 3 4475 4476 4355 4354
4 3 4587 4588 4467 4466
4 3 4588 4589 4468 4467
4 3 4589 4590 4469 4468
4 3 4590 4591 4470 4469
4 3 4591 4592 4471 4470
4 3 4592 4593 4472 4471
4 3 4593 4594 4473 4472
4 3 4594 4595 4474 4473
4 3 4595 4596 4475 4474
4 3 4596 4597 4476 4475
4 3 4708 4709 4588 4587
4 3 4709 4710 4589 4588
4 3 4710 4711 4590 4589
4 3 4711 4712 4591 4590
4 3 4712 4713 4592 4591
4 3 4713 4714 4593 4592
4 3 4714 4715 4594 4593
4 3 4715 4716 4595 4594
4 3 4716 4717 4596 4595
4 3 4717 4718 4597 4596
4 3 4829 4830 4709 4708
4 3 4830 4831 4710 4709
4 3 4831 4832 4711 4710
4 3 4832 4833 4712 4711
4 3 4833 4834 4713 4712
4 3 4834 4835 4714 4713
4 3 4835 4836 4715 4714
4 3 4836 4837 4716 4715
4 3 4837 4838 4717 4716
4 3 4838 4839 4718 4717
4 3 4950 4951 4830 4829
4 3 4951 4952 4831 4830
4 3 4952 4953 4832 4831
4 3 4953 4954 4833 4832
4 3 4954 4955 4834 4833
4 3 4955 4956 4835 4834
4 3 4956 4957 4836 4835
4 3 4957 4958 4837 4836
4 3 4958 4959 4838 4837
4 3 4959 4960 4839 4838
4 3 5071 5072 4951 4950
4 3 5072 5073 4952 4951
4 3 5073 5074 4953 4952
4 3 5074 5075 4954 4953
4 3 5075 5076 4955 4954
4 3 5076 5077 4956 4955
4 3 5077 5078 4957 4956
4 3 5078 5079 4958 4957
4 3 5079 5080 4959 4958
4 3 5080 5081 4960 4959
4 3 5192 5193 5072 5071
4 3 5193 5194 5073 5072
4 3 5194 5195 5074 5073
4 3 5195 5196 5075 5074
4 3 5196 5197 5076 5075
4 3 5197 5198 5077 5076
4 3 5198 5199 5078 5077
4 3 5199 5200 5079 5078
4 3 5200 5201 5080 5079
4 3 5201 5202 5081 5080
4 3 5313 5314 5193 5192
4 3 5314 5315 5194 5193
4 3 5315 5316 5195 5194
4 3 5316 5317 5196 5195
4 3 5317 5318 5197 5196
4 3 5318 5319 5198 5197
4 3 5319 5320 5199 5198
4 3 5320 5321 5200 5199
4 3 5321 5322 5201 5200
4 3 5322 5323 5202 5201
4 3 5434 5435 5314 5313
4 3 5435 5436 5315 5314
4 3 5436 5437 5316 5315
4 3 5437 5438 5317 5316
4 3 5438 5439 5318 5317
4 3 5439 5440 5319 5318
4 3 5440 5441 5320 5319
4 3 5441 5442 5321 5320
4 3 5442 5443 5322 5321
4 3 5443 5444 5323 5322
4 3 5555 5556 5435 5434
4 3 5556 5557 5436 5435
4 3 5557 5558 5437 5436
4 3 5558 5559 5438 5437
4 3 5559 5560 5439 5438
4 3 5560 5561 5440 5439
4 3 5561 5562 5441 5440
4 3 5562 5563 5442 5441
4 3 5563 5564 5443 5442
4 3 5564 5565 5444 5443
4 3 5676 5677 5556 5555
4 3 5677 5678 5557 5556
4 3 5678 5679 5558 5557
4 3 5679 5680 5559 5558
4 3 5680 5681 5560 5559
4 3 5681 5682 5561 5560
4 3 5682 5683 5562 5561
4 3 5683 5684 5563 5562
4 3 5684 5685 5564 5563
4 3 5685 5686 5565 5564
4 3 5797 5798 5677 5676
4 3 5798 5799 5678 5677
4 3 5799 5800 5679 5678
4 3 5800 5801 5680 5679
4 3 5801 5802 5681 5680
4 3 5802 5803 5682 5681
4 3 5803 5804 5683 5682
4 3 5804 5805 5684 5683
4 3 5805 5806 5685 5684
4 3 5806 5807 5686 5685
4 3 5918 5919 5798 5797
4 3 5919 5920 5799 5798
4 3 5920 5921 5800 5799
4 3 5921 5922 5801 5800
4 3 5922 5923 5802 5801
4 3 5923 5924 5803 5802
4 3 5924 5925 5804 5803
4 3 5925 5926 5805 5804
4 3 5926 5927 5806 5805
4 3 5927 5928 5807 5806
4 3 6039 6040 5919 5918
4 3 6040 6041 5920 5919
4 3 6041 6042 5921 5920
4 3 6042 6043 5922 5921
4 3 6043 6044 5923 5922
4 3 6044 6045 5924 5923
4 3 6045 6046 5925 5924
4 3 6046 6047 5926 5925
4 3 6047 6048 5927 5926
4 3 6048 6049 5928 5927
4 3 6160 6161 6040 6039
4 3 6161 6162 6041 6040
4 3 6162 6163 6042 6041
4 3 6163 6164 6043 6042
4 3 6164 6165 6044 6043
4 3 6165 6166 6045 6044
4 3 6166 6167 6046 6045
4 3 6167 6168 6047 6046
4 3 6168 6169 6048 6047
4 3 6169 6170 6049 6048
4 3 6281 6282 6161 6160
4 3 6282 6283 6162 6161
4 3 6283 6284 6163 6162
4 3 6284 6285 6164 6163
4 3 6285 6286 6165 6164
4 3 6286 6287 6166 6165
4 3 6287 6288 6167 6166
4 3 6288 6289 6168 6167
4 3 6289 6290 6169 6168
4 3 6290 6291 6170 6169
4 3 6402 6403 6282 6281
4 3 6403 6404 6283 6282
4 3 6404 6405 6284 6283
4 3 6405 6406 6285 6284
4 3 6406 6407 6286 6285
4 3 6407 6408 6287 6286
4 3 6408 6409 6288 6287
4 3 6409 6410 6289 6288
4 3 6410 6411 6290 6289
4 3 6411 6412 6291 6290
4 3 6523 6524 6403 6402
4 3 6524 6525 6404 6403
4 3 6525 6526 6405 6404
4 3 6526 6527 6406 6405
4 3 6527 6528 6407 6406
4 3 6528 6529 6408 6407
4 3 6529 6530 6409 6408
4 3 6530 6531 6410 6409
4 3 6531 6532 6411 6410
4 3 6532 6533 6412 6411
4 3 6644 6645 6524 6523
4 3 6645 6646 6525 6524
4 3 6646 6647 6526 6525
4 3 6647 6648 6527 6526
4 3 6648 6649 6528 6527
4 3 6649 6650 6529 6528
4 3 6650 6651 6530 6529
4 3 6651 6652 6531 6530
4 3 6652 6653 6532 6531
4 3 6653 6654 6533 6532
4 3 6765 6766 6645 6644
4 3 6766 6767 6646 6645
4 3 6767 6768 6647 6646
4 3 6768 6769 6648 6647
4 3 6769 6770 6649 6648
4 3 6770 6771 6650 6649
4 3 6771 6772 6651 6650
4 3 6772 6773 6652 6651
4 3 6773 6774 6653 6652
4 3 6774 6775 6654 6653
4 3 6886 6887 6766 6765
4 3 6887 6888 6767 6766
4 3 6888 6889 6768 6767
4 3 6889 6890 6769 6768
4 3 6890 6891 6770 6769
4 3 6891 6892 6771 6770
4 3 6892 6893 6772 6771
4 3 6893 6894 6773 6772
4 3 6894 6895 6774 6773
4 3 6895 6896 6775 6774
4 3 7007 7008 6887 6886
4 3 7008 7009 6888 6887
4 3 7009 7010 6889 6888
4 3 7010 7011 6890 6889
4 3 7011 7012 6891 6890
4 3 7012 7013 6892 6891
4 3 7013 7014 6893 6892
4 3 7014 7015 6894 6893
4 3 7015 7016 6895 6894
4 3 7016 7017 6896 6895
4 3 7128 7129 7008 7007
4 3 7129 7130 7009 7008
4 3 7130 7131 7010 7009
4 3 7131 7132 7011 7010
4 3 7132 7133 7012 7011
4 3 7133 7134 7013 7012
4 3 7134 7135 7014 7013
4 3 7135 7136 7015 7014
4 3 7136 7137 7016 7015
4 3 7137 7138 7017 7016
4 3 7249 7250 7129 7128
4 3 7250 7251 7130 7129
4 3 7251 7252 7131 7130
4 3 7252 7253 7132 7131
4 3 7253 7254 7133 7132
4 3 7254 7255 7134 7133
4 3 7255 7256 7135 7134
4 3 7256 7257 7136 7135
4 3 7257 7258 7137 7136
4 3 7258 7259 7138 7137
4 3 7370 7371 7250 7249
4 3 7371 7372 7251 7250
4 3 7372 7373 7252 7251
4 3 7373 7374 7253 7252
4 3 7374 7375 7254 7253
4 3 7375 7376 7255 7254
4 3 7376 7377 7256 7255
4 3 7377 7378 7257 7256
4 3 7378 7379 7258 7257
4 3 7379 7380 7259 7258
4 3 7491 7492 7371 7370
4 3 7492 7493 7372 7371
4 3 7493 7494 7373 7372
4 3 7494 7495 7374 7373
4 3 7495 7496 7375 7374
4 3 7496 7497 7376 7375
4 3 7497 7498 7377 7376
4 3 7498 7499 7378 7377
4 3 7499 7500 7379 7378
4 3 7500 7501 7380 7379
4 3 7612 7613 7492 7491
4 3 7613 7614 7493 7492
4 3 7614 7615 7494 7493
4 3 7615 7616 7495 7494
4 3 7616 7617 7496 7495
4 3 7617 7618 7497 7496
4 3 7618 7619 7498 7497
4 3 7619 7620 7499 7498
4 3 7620 7621 7500 7499
4 3 7621 7622 7501 7500
4 3 7733 7734 7613 7612
4 3 7734 7735 7614 7613
4 3 7735 7736 7615 7614
4 3 7736 7737 7616 7615
4 3 7737 7738 7617 7616
4 3 7738 7739 7618 7617
4 3 7739 7740 7619 7618
4 3 7740 7741 7620 7619
4 3 7741 7742 7621 7620
4 3 7742 7743 7622 7621
4 3 7854 7855 7734 7733
4 3 7855 7856 7735 7734
4 3 7856 7857 7736 7735
4 3 7857 7858 7737 7736
4 3 7858 7859 7738 7737
4 3 7859 7860 7739 7738
4 3 7860 7861 7740 7739
4 3 7861 7862 7741 7740
4 3 7862 7863 7742 7741
4 3 7863 7864 7743 7742
4 3 7975 7976 7855 7854
4 3 7976 7977 7856 7855
4 3 7977 7978 7857 7856
4 3 7978 7979 7858 7857
4 3 7979 7980 7859 7858
4 3 7980 7981 7860 7859
4 3 7981 7982 7861 7860
4 3 7982 7983 7862 7861
4 3 7983 7984 7863 7862
4 3 7984 7985 7864 7863
4 3 8096 8097 7976 7975
4 3 8097 8098 7977 7976
4 3 8098 8099 7978 7977
4 3 8099 8100 7979 7978
4 3 8100 8101 7980 7979
4 3 8101 8102 7981 7980
4 3 8102 8103 7982 7981
4 3 8103 8104 7983 7982
4 3 8104 8105 7984 7983
4 3 8105 8106 7985 7984
4 3 8217 8218 8097 8096
4 3 8218 8219 8098 8097
4 3 8219 8220 8099 8098
4 3 8220 8221 8100 8099
4 3 8221 8222 8101 8100
4 3 8222 8223 8102 8101
4 3 8223 8224 8103 8102
4 3 8224 8225 8104 8103
4 3 8225 8226 8105 8104
4 3 8226 8227 8106 8105
4 3 8338 8339 8218 8217
4 3 8339 8340 8219 8218
4 3 8340 8341 8220 8219
4 3 8341 8342 8221 8220
4 3 8342 8343 8222 8221
4 3 8343 8344 8223 8222
4 3 8344 8345 8224 8223
4 3 8345 8346 8225 8224
4 3 8346 8347 8226 8225
4 3 8347 8348 8227 8226
4 3 8459 8460 8339 8338
4 3 8460 8461 8340 8339
4 3 8461 8462 8341 8340
4 3 8462 8463 8342 8341
4 3 8463 8464 8343 8342
4 3 8464 8465 8344 8343
4 3 8465 8466 8345 8344
4 3 8466 8467 8346 8345
4 3 8467 8468 8347 8346
4 3 8468 8469 8348 8347
4 3 8580 8581 8460 8459
4 3 8581 8582 8461 8460
4 3 8582 8583 8462 8461
4 3 8583 8584 8463 8462
4 3 8584 8585 8464 8463
4 3 8585 8586 8465 8464
4 3 8586 8587 8466 8465
4 3 8587 8588 8467 8466
4 3 8588 8589 8468 8467
4 3 8589 8590 8469 8468
4 3 8701 8702 8581 8580
4 3 8702 8703 8582 8581
4 3 8703 8704 8583 8582
4 3 8704 8705 8584 8583
4 3 8705 8706 8585 8584
4 3 8706 8707 8586 8585
4 3 8707 8708 8587 8586
4 3 8708 8709 8588 8587
4 3 8709 8710 8589 8588
4 3 8710 8711 8590 8589
4 3 8822 8823 8702 8701
4 3 8823 8824 8703 8702
4 3 8824 8825 8704 8703
4 3 8825 8826 8705 8704
4 3 8826 8827 8706 8705
4 3 8827 8828 8707 8706
4 3 8828 8829 8708 8707
4 3 8829 8830 8709 8708
4 3 8830 8831 8710 8709
4 3 8831 8832 8711 8710
4 3 8943 8944 8823 8822
4 3 8944 8945 8824 8823
4 3 8945 8946 8825 8824
4 3 8946 8947 8826 8825
4 3 8947 8948 8827 8826
4 3 8948 8949 8828 8827
4 3 8949 8950 8829 8828
4 3 8950 8951 8830 8829
4 3 8951 8952 8831 8830
4 3 8952 8953 8832 8831
4 3 9064 9065 8944 8943
4 3 9065 9066 8945 8944
4 3 9066 9067 8946 8945
4 3 9067 9068 8947 8946
4 3 9068 9069 8948 8947
4 3 9069 9070 8949 8948
4 3 9070 9071 8950 8949
4 3 9071 9072 8951 8950
4 3 9072 9073 8952 8951
4 3 9073 9074 8953 8952
4 3 9185 9186 9065 9064
4 3 9186 9187 9066 9065
4 3 9187 9188 9067 9066
4 3 9188 9189 9068 9067
4 3 9189 9190 9069 9068
4 3 9190 9191 9070 9069
4 3 9191 9192 9071 9070
4 3 9192 9193 9072 9071
4 3 9193 9194 9073 9072
4 3 9194 9195 9074 9073
4 3 9306 9307 9186 9185
4 3 9307 9308 9187 9186
4 3 9308 9309 9188 9187
4 3 9309 9310 9189 9188
4 3 9310 9311 9190 9189
4 3 9311 9312 9191 9190
4 3 9312 9313 9192 9191
4 3 9313 9314 9193 9192
4 3 9314 9315 9194 9193
4 3 9315 9316 9195 9194
4 3 9427 9428 9307 9306
4 3 9428 9429 9308 9307
4 3 9429 9430 9309 9308
4 3 9430 9431 9310 9309
4 3 9431 9432 9311 9310
4 3 9432 9433 9312 9311
4 3 9433 9434 9313 9312
4 3 9434 9435 9314 9313
4 3 9435 9436 9315 9314
4 3 9436 9437 9316 9315
4 3 9548 9549 9428 9427
4 3 9549 9550 9429 9428
4 3 9550 9551 9430 9429
4 3 9551 9552 9431 9430
4 3 9552 9553 9432 9431
4 3 9553 9554 9433 9432
4 3 9554 9555 9434 9433
4 3 9555 9556 9435 9434
4 3 9556 9557 9436 9435
4 3 9557 9558 9437 9436
4 3 9669 9670 9549 9548
4 3 9670 9671 9550 9549
4 3 9671 9672 9551 9550
4 3 9672 9673 9552 9551
4 3 9673 9674 9553 9552
4 3 9674 9675 9554 9553
4 3 9675 9676 9555 9554
4 3 9676 9677 9556 9555
4 3 9677 9678 9557 9556
4 3 9678 9679 9558 9557
4 3 9790 9791 9670 9669
4 3 9791 9792 9671 9670
4 3 9792 9793 9672 9671
4 3 9793 9794 9673 9672
4 3 9794 9795 9674 9673
4 3 9795 9796 9675 9674
4 3 9796 9797 9676 9675
4 3 9797 9798 9677 9676
4 3 9798 9799 9678 9677
4 3 9799 9800 9679 9678
4 3 9911 9912 9791 9790
4 3 9912 9913 9792 9791
4 3 9913 9914 9793 9792
4 3 9914 9915 9794 9793
4 3 9915 9916 9795 9794
4 3 9916 9917 9796 9795
4 3 9917 9918 9797 9796
4 3 9918 9919 9798 9797
4 3 9919 9920 9799 9798
4 3 9920 9921 9800 9799
4 3 10032 10033 9912 9911
4 3 10033 10034 9913 9912
4 3 10034 10035 9914 9913
4 3 10035 10036 9915 9914
4 3 10036 10037 9916 9915
4 3 10037 10038 9917 9916
4 3 10038 10039 9918 9917
4 3 10039 10040 9919 9918
4 3 10040 10041 9920 9919
4 3 10041 10042 9921 9920
4 3 10153 10154 10033 10032
4 3 10154 10155 10034 10033
4 3 10155 10156 10035 10034
4 3 10156 10157 10036 10035
4 3 10157 10158 10037 10036
4 3 10158 10159 10038 10037
4 3 10159 10160 10039 10038
4 3 10160 10161 10040 10039
4 3 10161 10162 10041 10040
4 3 10162 10163 10042 10041
4 3 10274 10275 10154 10153
4 3 10275 10276 10155 10154
4 3 10276 10277 10156 10155
4 3 10277 10278 10157 10156
4 3 10278 10279 10158 10157
4 3 10279 10280 10159 10158
4 3 10280 10281 10160 10159
4 3 10281 10282 10161 10160
4 3 10282 10283 10162 10161
4 3 10283 10284 10163 10162
4 3 10395 10396 10275 10274
4 3 10396 10397 10276 10275
4 3 10397 10398 10277 10276
4 3 10398 10399 10278 10277
4 3 10399 10400 10279 10278
4 3 10400 10401 10280 10279
4 3 10401 10402 10281 10280
4 3 10402 10403 10282 10281
4 3 10403 10404 10283 10282
4 3 10404 10405 10284 10283
4 3 10516 10517 10396 10395
4 3 10517 10518 10397 10396
4 3 10518 10519 10398 10397
4 3 10519 10520 10399 10398
4 3 10520 10521 10400 10399
4 3 10521 10522 10401 10400
4 3 10522 10523 10402 10401
4 3 10523 10524 10403 10402
4 3 10524 10525 10404 10403
4 3 10525 10526 10405 10404
4 3 10637 10638 10517 10516
4 3 10638 10639 10518 10517
4 3 10639 10640 10519 10518
4 3 10640 10641 10520 10519
4 3 10641 10642 10521 10520
4 3 10642 10643 10522 10521
4 3 10643 10644 10523 10522
4 3 10644 10645 10524 10523
4 3 10645 10646 10525 10524
4 3 10646 10647 10526 10525
4 3 10758 10759 10638 10637
4 3 10759 10760 10639 10638
4 3 10760 10761 10640 10639
4 3 10761 10762 10641 10640
4 3 10762 10763 10642 10641
4 3 10763 10764 10643 10642
4 3 10764 10765 10644 10643
4 3 10765 10766 10645 10644
4 3 10766 10767 10646 10645
4 3 10767 10768 10647 10646
4 3 10879 10880 10759 10758
4 3 10880 10881 10760 10759
4 3 10881 10882 10761 10760
4 3 10882 10883 10762 10761
4 3 10883 10884 10763 10762
4 3 10884 10885 10764 10763
4 3 10885 10886 10765 10764
4 3 10886 10887 10766 10765
4 3 10887 10888 10767 10766
4 3 10888 10889 10768 10767
4 3 11000 11001 10880 10879
4 3 11001 11002 10881 10880
4 3 11002 11003 10882 10881
4 3 11003 11004 10883 10882
4 3 11004 11005 10884 10883
4 3 11005 11006 10885 10884
4 3 11006 11007 10886 10885
4 3 11007 11008 10887 10886
4 3 11008 11009 10888 10887
4 3 11009 11010 10889 10888
4 3 11121 11122 11001 11000
4 3 11122 11123 11002 11001
4 3 11123 11124 11003 11002
4 3 11124 11125 11004 11003
4 3 11125 11126 11005 11004
4 3 11126 11127 11006 11005
4 3 11127 11128 11007 11006
4 3 11128 11129 11008 11007
4 3 11129 11130 11009 11008
4 3 11130 11131 11010 11009
4 3 11242 11243 11122 11121
4 3 11243 11244 11123 11122
4 3 11244 11245 11124 11123
4 3 11245 11246 11125 11124
4 3 11246 11247 11126 11125
4 3 11247 11248 11127 11126
4 3 11248 11249 11128 11127
4 3 11249 11250 11129 11128
4 3 11250 11251 11130 11129
4 3 11251 11252 11131 11130
4 3 11363 11364 11243 11242
4 3 11364 11365 11244 11243
4 3 11365 11366 11245 11244
4 3 11366 11367 11246 11245
4 3 11367 11368 11247 11246
4 3 11368 11369 11248 11247
4 3 11369 11370 11249 11248
4 3 11370 11371 11250 11249
4 3 11371 11372 11251 11250
4 3 11372 11373 11252 11251
4 3 11484 11485 11364 11363
4 3 11485 11486 11365 11364
4 3 11486 11487 11366 11365
4 3 11487 11488 11367 11366
4 3 11488 11489 11368 11367
4 3 11489 11490 11369 11368
4 3 11490 11491 11370 11369
4 3 11491 11492 11371 11370
4 3 11492 11493 11372 11371
4 3 11493 11494 11373 11372
4 3 11605 11606 11485 11484
4 3 11606 11607 11486 11485
4 3 11607 11608 11487 11486
4 3 11608 11609 11488 11487
4 3 11609 11610 11489 11488
4 3 11610 11611 11490 11489
4 3 11611 11612 11491 11490
4 3 11612 11613 11492 11491
4 3 11613 11614 11493 11492
4 3 11614 11615 11494 11493
4 3 11726 11727 11606 11605
4 3 11727 11728 11607 11606
4 3 11728 11729 11608 11607
4 3 11729 11730 11609 11608
4 3 11730 11731 11610 11609
4 3 11731 11732 11611 11610
4 3 11732 11733 11612 11611
4 3 11733 11734 11613 11612
4 3 11734 11735 11614 11613
4 3 11735 11736 11615 11614
4 3 11847 11848 11727 11726
4 3 11848 11849 11728 11727
4 3 11849 11850 11729 11728
4 3 11850 11851 11730 11729
4 3 11851 11852 11731 11730
4 3 11852 11853 11732 11731
4 3 11853 11854 11733 11732
4 3 11854 11855 11734 11733
4 3 11855 11856 11735 11734
4 3 11856 11857 11736 11735
4 3 11968 11969 11848 11847
4 3 11969 11970 11849 11848
4 3 11970 11971 11850 11849
4 3 11971 11972 11851 11850
4 3 11972 11973 11852 11851
4 3 11973 11974 11853 11852
4 3 11974 11975 11854 11853
4 3 11975 11976 11855 11854
4 3 11976 11977 11856 11855
4 3 11977 11978 11857 11856
4 3 12089 12090 11969 11968
4 3 12090 12091 11970 11969
4 3 12091 12092 11971 11970
4 3 12092 12093 11972 11971
4 3 12093 12094 11973 11972
4 3 12094 12095 11974 11973
4 3 12095 12096 11975 11974
4 3 12096 12097 11976 11975
4 3 12097 12098 11977 11976
4 3 12098 12099 11978 11977
4 3 12210 12211 12090 12089
4 3 12211 12212 12091 12090
4 3 12212 12213 12092 12091
4 3 12213 12214 12093 12092
4 3 12214 12215 12094 12093
4 3 12215 12216 12095 12094
4 3 12216 12217 12096 12095
4 3 12217 12218 12097 12096
4 3 12218 12219 12098 12097
4 3 12219 12220 12099 12098
5 3 0 121 132 11
5 3 11 132 143 22
5 3 22 143 154 33
5 3 33 154 165 44
5 3 44 165 176 55
5 3 55 176 187 66
5 3 66 187 198 77
5 3 77 198 209 88
5 3 88 209 220 99
5 3 99 220 231 110
5 3 121 242 253 132
5 3 132 253 264 143
5 3 143 264 275 154
5 3 154 275 286 165
5 3 165 286 297 176
5 3 176 297 308 187
5 3 187 308 319 198
5 3 198 319 330 209
5 3 209 330 341 220
5 3 220 341 352 231
5 3 242 363 374 253
5 3 253 374 385 264
5 3 264 385 396 275
5 3 275 396 407 286
5 3 286 407 418 297
5 3 297 418 429 308
5 3 308 429 440 319
5 3 319 440 451 330
5 3 330 451 462 341
5 3 341 462 473 352
5 3 363 484 495 374
5 3 374 495 506 385
5 3 385 506 517 396
5 3 396 517 528 407
5 3 407 528 539 418
5 3 418 539 550 429
5 3 429 550 561 440
5 3 440 561 572 451
5 3 451 572 583 462
5 3 462 583 594 473
5 3 484 605 616 495
5 3 495 616 627 506
5 3 506 627 638 517
5 3 517 638 649 528
5 3 528 649 660 539
5 3 539 660 671 550
5 3 550 671 682 561
5 3 561 682 693 572
5 3 572 693 704 583
5 3 583 704 715 594
5 3 605 726 737 616
5 3 616 737 748 627
5 3 627 748 759 638
5 3 638 759 770 649
5 3 649 770 781 660
5 3 660 781 792 671
5 3 671 792 803 682
5 3 682 803 814 693
5 3 693 814 825 704
5 3 704 825 836 715
5 3 726 847 858 737
5 3 737 858 869 748
5 3 748 869 880 759
5 3 759 880 891 770
5 3 770 891 902 781
5 3 781 902 913 792
5 3 792 913 924 803
5 3 803 924 935 814
5 3 814 935 946 825
5 3 825 946 957 836
5 3 847 968 979 858
5 3 858 979 990 869
5 3 869 990 1001 880
5 3 880 1001 1012 891
5 3 891 1012 1023 902
5 3 902 1023 1034 913
5 3 913 1034 1045 924
5 3 924 1045 1056 935
5 3 935 1056 1067 946
5 3 946 1067 1078 957
5 3 968 1089 1100 979
5 3 979 1100 1111 990
5 3 990 1111 1122 1001
5 3 1001 1122 1133 1012
5 3 1012 1133 1144 1023
5 3 1023 1144 1155 1034
5 3 1034 1155 1166 1045
5 3 1045 1166 1177 1056
5 3 1056 1177 1188 1067
5 3 1067 1188 1199 1078
5 3 1089 1210 1221 1100
5 3 1100 1221 1232 1111
5 3 1111 1232 1243 1122
5 3 1122 1243 1254 1133
5 3 1133 1254 1265 1144
5 3 1144 1265 1276 1155
5 3 1155 1276 1287 1166
5 3 1166 1287 1298 1177
5 3 1177 1298 1309 1188
5 3 1188 1309 1320 1199
5 3 1210 1331 1342 1221
5 3 1221 1342 1353 1232
5 3 1232 1353 1364 1243
5 3 1243 1364 1375 1254
5 3 1254 1375 1386 1265
5 3 1265 1386 1397 1276
5 3 1276 1397 1408 1287
5 3 1287 1408 1419 1298
5 3 1298 1419 1430 1309
5 3 1309 1430 1441 1320
5 3 1331 1452 1463 1342
5 3 1342 1463 1474 1353
5 3 1353 1474 1485 1364
5 3 1364 1485 1496 1375
5 3 1375 1496 1507 1386
5 3 1386 1507 1518 1397
5 3 1397 1518 1529 1408
5 3 1408 1529 1540 1419
5 3 1419 1540 1551 1430
5 3 1430 1551 1562 1441
5 3 1452 1573 1584 1463
5 3 1463 1584 1595 1474
5 3 1474 1595 1606 1485
5 3 1485 1606 1617 1496
5 3 1496 1617 1628 1507
5 3 1507 1628 1639 1518
5 3 1518 1639 1650 1529
5 3 1529 1650 1661 1540
5 3 1540 1661 1672 1551
5 3 1551 1672 1683 1562
5 3 1573 1694 1705 1584
5 3 1584 1705 1716 1595
5 3 1595 1716 1727 1606
5 3 1606 1727 1738 1617
5 3 1617 1738 1749 1628
5 3 1628 1749 1760 1639
5 3 1639 1760 1771 1650
5 3 1650 1771 1782 1661
5 3 1661 1782 1793 1672
5 3 1672 1793 1804 1683
5 3 1694 1815 1826 1705
5 3 1705 1826 1837 1716
5 3 1716 1837 1848 1727
5 3 1727 1848 1859 1738
5 3 1738 1859 1870 1749
5 3 1749 1870 1881 1760
5 3 1760 1881 1892 1771
5 3 1771 1892 1903 1782
5 3 1782 1903 1914 1793
5 3 1793 1914 1925 1804
5 3 1815 1936 1947 1826
5 3 1826 1947 1958 1837
5 3 1837 1958 1969 1848
5 3 1848 1969 1980 1859
5 3 1859 1980 1991 1870
5 3 1870 1991 2002 1881
5 3 1881 2002 2013 1892
5 3 1892 2013 2024 1903
5 3 1903 2024 2035 1914
5 3 1914 2035 2046 1925
5 3 1936 2057 2068 1947
5 3 1947 2068 2079 1958
5 3 1958 2079 2090 1969
5 3 1969 2090 2101 1980
5 3 1980 2101 2112 1991
5 3 1991 2112 2123 2002
5 3 2002 2123 2134 2013
5 3 2013 2134 2145 2024
5 3 2024 2145 2156 2035
5 3 2035 2156 2167 2046
5 3 2057 2178 2189 2068
5 3 2068 2189 2200 2079
5 3 2079 2200 2211 2090
5 3 2090 2211 2222 2101
5 3 2101 2222 2233 2112
5 3 2112 2233 2244 2123
5 3 2123 2244 2255 2134
5 3 2134 2255 2266 2145
5 3 2145 2266 2277 2156
5 3 2156 2277 2288 2167
5 3 2178 2299 2310 2189
5 3 2189 2310 2321 2200
5 3 2200 2321 2332 2211
5 3 2211 2332 2343 2222
5 3 2222 2343 2354 2233
5 3 2233 2354 2365 2244
5 3 2244 2365 2376 2255
5 3 2255 2376 2387 2266
5 3 2266 2387 2398 2277
5 3 2277 2398 2409 2288
5 3 2299 2420 2431 2310
5 3 2310 2431 2442 2321
5 3 2321 2442 2453 2332
5 3 2332 2453 2464 2343
5 3 2343 2464 2475 2354
5 3 2354 2475 2486 2365
5 3 2365 2486 2497 2376
5 3 2376 2497 2508 2387
5 3 2387 2508 2519 2398
5 3 2398 2519 2530 2409
5 3 2420 2541 2552 2431
5 3 2431 2552 2563 2442
5 3 2442 2563 2574 2453
5 3 2453 2574 2585 2464
5 3 2464 2585 2596 2475
5 3 2475 2596 2607 2486
5 3 2486 2607 2618 2497
5 3 2497 2618 2629 2508
5 3 2508 2629 2640 2519
5 3 2519 2640 2651 2530
5 3 2541 2662 2673 2552
5 3 2552 2673 2684 2563
5 3 2563 2684 2695 2574
5 3 2574 2695 2706 2585
5 3 2585 2706 2717 2596
5 3 2596 2717 2728 2607
5 3 2607 2728 2739 2618
5 3 2618 2739 2750 2629
5 3 2629 2750 2761 2640
5 3 2640 2761 2772 2651
5 3 2662 2783 2794 2673
5 3 2673 2794 2805 2684
5 3 2684 2805 2816 2695
5 3 2695 2816 2827 2706
5 3 2706 2827 2838 2717
5 3 2717 2838 2849 2728
5 3 2728 2849 2860 2739
5 3 2739 2860 2871 2750
5 3 2750 2871 2882 2761
5 3 2761 2882 2893 2772
5 3 2783 2904 2915 2794
5 3 2794 2915 2926 2805
5 3 2805 2926 2937 2816
5 3 2816 2937 2948 2827
5 3 2827 2948 2959 2838
5 3 2838 2959 2970 2849
5 3 2849 2970 2981 2860
5 3 2860 2981 2992 2871
5 3 2871 2992 3003 2882
5 3 2882 3003 3014 2893
5 3 2904 3025 3036 2915
5 3 2915 3036 3047 2926
5 3 2926 3047 3058 2937
5 3 2937 3058 3069 2948
5 3 2948 3069 3080 2959
5 3 2959 3080 3091 2970
5 3 2970 3091 3102 2981
5 3 2981 3102 3113 2992
5 3 2992 3113 3124 3003
5 3 3003 3124 3135 3014
5 3 3025 3146 3157 3036
5 3 3036 3157 3168 3047
5 3 3047 3168 3179 3058
5 3 3058 3179 3190 3069
5 3 3069 3190 3201 3080
5 3 3080 3201 3212 3091
5 3 3091 3212 3223 3102
5 3 3102 3223 3234 3113
5 3 3113 3234 3245 3124
5 3 3124 3245 3256 3135
5 3 3146 3267 3278 3157
5 3 3157 3278 3289 3168
5 3 3168 3289 3300 3179
5 3 3179 3300 3311 3190
5 3 3190 3311 3322 3201
5 3 3201 3322 3333 3212
5 3 3212 3333 3344 3223
5 3 3223 3344 3355 3234
5 3 3234 3355 3366 3245
5 3 3245 3366 3377 3256
5 3 3267 3388 3399 3278
5 3 3278 3399 3410 3289
5 3 3289 3410 3421 3300
5 3 3300 3421 3432 3311
5 3 3311 3432 3443 3322
5 3 3322 3443 3454 3333
5 3 3333 3454 3465 3344
5 3 3344 3465 3476 3355
5 3 3355 3476 3487 3366
5 3 3366 3487 3498 3377
5 3 3388 3509 3520 3399
5 3 3399 3520 3531 3410
5 3 3410 3531 3542 3421
5 3 3421 3542 3553 3432
5 3 3432 3553 3564 3443
5 3 3443 3564 3575 3454
5 3 3454 3575 3586 3465
5 3 3465 3586 3597 3476
5 3 3476 3597 3608 3487
5 3 3487 3608 3619 3498
5 3 3509 3630 3641 3520
5 3 3520 3641 3652 3531
5 3 3531 3652 3663 3542
5 3 3542 3663 3674 3553
5 3 3553 3674 3685 3564
5 3 3564 3685 3696 3575
5 3 3575 3696 3707 3586
5 3 3586 3707 3718 3597
5 3 3597 3718 3729 3608
5 3 3608 3729 3740 3619
5 3 3630 3751 3762 3641
5 3 3641 3762 3773 3652
5 3 3652 3773 3784 3663
5 3 3663 3784 3795 3674
5 3 3674 3795 3806 3685
5 3 3685 3806 3817 3696
5 3 3696 3817 3828 3707
5 3 3707 3828 3839 3718
5 3 3718 3839 3850 3729
5 3 3729 3850 3861 3740
5 3 3751 3872 3883 3762
5 3 3762 3883 3894 3773
5 3 3773 3894 3905 3784
5 3 3784 3905 3916 3795
5 3 3795 3916 3927 3806
5 3 3806 3927 3938 3817
5 3 3817 3938 3949 3828
5 3 3828 3949 3960 3839
5 3 3839 3960 3971 3850
5 3 3850 3971 3982 3861
5 3 3872 3993 4004 3883
5 3 3883 4004 4015 3894
5 3 3894 4015 4026 3905
5 3 3905 4026 4037 3916
5 3 3916 4037 4048 3927
5 3 3927 4048 4059 3938
5 3 3938 4059 4070 3949
5 3 3949 4070 4081 3960
5 3 3960 4081 4092 3971
5 3 3971 4092 4103 3982
5 3 3993 4114 4125 4004
5 3 4004 4125 4136 4015
5 3 4015 4136 4147 4026
5 3 4026 4147 4158 4037
5 3 4037 4158 4169 4048
5 3 4048 4169 4180 4059
5 3 4059 4180 4191 4070
5 3 4070 4191 4202 4081
5 3 4081 4202 4213 4092
5 3 4092 4213 4224 4103
5 3 4114 4235 4246 4125
5 3 4125 4246 4257 4136
5 3 4136 4257 4268 4147
5 3 4147 4268 4279 4158
5 3 4158 4279 4290 4169
5 3 4169 4290 4301 4180
5 3 4180 4301 4312 4191
5 3 4191 4312 4323 4202
5 3 4202 4323 4334 4213
5 3 4213 4334 4345 4224
5 3 4235 4356 4367 4246
5 3 4246 4367 4378 4257
5 3 4257 4378 4389 4268
5 3 4268 4389 4400 4279
5 3 4279 4400 4411 4290
5 3 4290 4411 4422 4301
5 3 4301 4422 4433 4312
5 3 4312 4433 4444 4323
5 3 4323 4444 4455 4334
5 3 4334 4455 4466 4345
5 3 4356 4477 4488 4367
5 3 4367 4488 4499 4378
5 3 4378 4499 4510 4389
5 3 4389 4510 4521 4400
5 3 4400 4521 4532 4411
5 3 4411 4532 4543 4422
5 3 4422 4543 4554 4433
5 3 4433 4554 4565 4444
5 3 4444 4565 4576 4455
5 3 4455 4576 4587 4466
5 3 4477 4598 4609 4488
5 3 4488 4609 4620 4499
5 3 4499 4620 4631 4510
5 3 4510 4631 4642 4521
5 3 4521 4642 4653 4532
5 3 4532 4653 4664 4543
5 3 4543 4664 4675 4554
5 3 4554 4675 4686 4565
5 3 4565 4686 4697 4576
5 3 4576 4697 4708 4587
5 3 4598 4719 4730 4609
5 3 4609 4730 4741 4620
5 3 4620 4741 4752 4631
5 3 4631 4752 4763 4642
5 3 4642 4763 4774 4653
5 3 4653 4774 4785 4664
5 3 4664 4785 4796 4675
5 3 4675 4796 4807 4686
5 3 4686 4807 4818 4697
5 3 4697 4818 4829 4708
5 3 4719 4840 4851 4730
5 3 4730 4851 4862 4741
5 3 4741 4862 4873 4752
5 3 4752 4873 4884 4763
5 3 4763 4884 4895 4774
5 3 4774 4895 4906 4785
5 3 4785 4906 4917 4796
5 3 4796 4917 4928 4807
5 3 4807 4928 4939 4818
5 3 4818 4939 4950 4829
5 3 4840 4961 4972 4851
5 3 4851 4972 4983 4862
5 3 4862 4983 4994 4873
5 3 4873 4994 5005 4884
5 3 4884 5005 5016 4895
5 3 4895 5016 5027 4906
5 3 4906 5027 5038 4917
5 3 4917 5038 5049 4928
5 3 4928 5049 5060 4939
5 3 4939 5060 5071 4950
5 3 4961 5082 5093 4972
5 3 4972 5093 5104 4983
5 3 4983 5104 5115 4994
5 3 4994 5115 5126 5005
5 3 5005 5126 5137 5016
5 3 5016 5137 5148 5027
5 3 5027 5148 5159 5038
5 3 5038 5159 5170 5049
5 3 5049 5170 5181 5060
5 3 5060 5181 5192 5071
5 3 5082 5203 5214 5093
5 3 5093 5214 5225 5104
5 3 5104 5225 5236 5115
5 3 5115 5236 5247 5126
5 3 5126 5247 5258 5137
5 3 5137 5258 5269 5148
5 3 5148 5269 5280 5159
5 3 5159 5280 5291 5170
5 3 5170 5291 5302 5181
5 3 5181 5302 5313 5192
5 3 5203 5324 5335 5214
5 3 5214 5335 5346 5225
5 3 5225 5346 5357 5236
5 3 5236 5357 5368 5247
5 3 5247 5368 5379 5258
5 3 5258 5379 5390 5269
5 3 5269 5390 5401 5280
5 3 5280 5401 5412 5291
5 3 5291 5412 5423 5302
5 3 5302 5423 5434 5313
5 3 5324 5445 5456 5335
5 3 5335 5456 5467 5346
5 3 5346 5467 5478 5357
5 3 5357 5478 5489 5368
5 3 5368 5489 5500 5379
5 3 5379 5500 5511 5390
5 3 5390 5511 5522 5401
5 3 5401 5522 5533 5412
5 3 5412 5533 5544 5423
5 3 5423 5544 5555 5434
5 3 5445 5566 5577 5456
5 3 5456 5577 5588 5467
5 3 5467 5588 5599 5478
5 3 5478 5599 5610 5489
5 3 5489 5610 5621 5500
5 3 5500 5621 5632 5511
5 3 5511 5632 5643 5522
5 3 5522 5643 5654 5533
5 3 5533 5654 5665 5544
5 3 5544 5665 5676 5555
5 3 5566 5687 5698 5577
5 3 5577 5698 5709 5588
5 3 5588 5709 5720 5599
5 3 5599 5720 5731 5610
5 3 5610 5731 5742 5621
5 3 5621 5742 5753 5632
5 3 5632 5753 5764 5643
5 3 5643 5764 5775 5654
5 3 5654 5775 5786 5665
5 3 5665 5786 5797 5676
5 3 5687 5808 5819 5698
5 3 5698 5819 5830 5709
5 3 5709 5830 5841 5720
5 3 5720 5841 5852 5731
5 3 5731 5852 5863 5742
5 3 5742 5863 5874 5753
5 3 5753 5874 5885 5764
5 3 5764 5885 5896 5775
5 3 5775 5896 5907 5786
5 3 5786 5907 5918 5797
5 3 5808 5929 5940 5819
5 3 5819 5940 5951 5830
5 3 5830 5951 5962 5841
5 3 5841 5962 5973 5852
5 3 5852 5973 5984 5863
5 3 5863 5984 5995 5874
5 3 5874 5995 6006 5885
5 3 5885 6006 6017 5896
5 3 5896 6017 6028 5907
5 3 5907 6028 6039 5918
5 3 5929 6050 6061 5940
5 3 5940 6061 6072 5951
5 3 5951 6072 6083 5962
5 3 5962 6083 6094 5973
5 3 5973 6094 6105 5984
5 3 5984 6105 6116 5995
5 3 5995 6116 6127 6006
5 3 6006 6127 6138 6017
5 3 6017 6138 6149 6028
5 3 6028 6149 6160 6039
5 3 6050 6171 6182 6061
5 3 6061 6182 6193 6072
5 3 6072 6193 6204 6083
5 3 6083 6204 6215 6094
5 3 6094 6215 6226 6105
5 3 6105 6226 6237 6116
5 3 6116 6237 6248 6127
5 3 6127 6248 6259 6138
5 3 6138 6259 6270 6149
5 3 6149 6270 6281 6160
5 3 6171 6292 6303 6182
5 3 6182 6303 6314 6193
5 3 6193 6314 6325 6204
5 3 6204 6325 6336 6215
5 3 6215 6336 6347 6226
5 3 6226 6347 6358 6237
5 3 6237 6358 6369 6248
5 3 6248 6369 6380 6259
5 3 6259 6380 6391 6270
5 3 6270 6391 6402 6281
5 3 6292 6413 6424 6303
5 3 6303 6424 6435 6314
5 3 6314 6435 6446 6325
5 3 6325 6446 6457 6336
5 3 6336 6457 6468 6347
5 3 6347 6468 6479 6358
5 3 6358 6479 6490 6369
5 3 6369 6490 6501 6380
5 3 6380 6501 6512 6391
5 3 6391 6512 6523 6402
5 3 6413 6534 6545 6424
5 3 6424 6545 6556 6435
5 3 6435 6556 6567 6446
5 3 6446 6567 6578 6457
5 3 6457 6578 6589 6468
5 3 6468 6589 6600 6479
5 3 6479 6600 6611 6490
5 3 6490 6611 6622 6501
5 3 6501 6622 6633 6512
5 3 6512 6633 6644 6523
5 3 6534 6655 6666 6545
5 3 6545 6666 6677 6556
5 3 6556 6677 6688 6567
5 3 6567 6688 6699 6578
5 3 6578 6699 6710 6589
5 3 6589 6710 6721 6600
5 3 6600 6721 6732 6611
5 3 6611 6732 6743 6622
5 3 6622 6743 6754 6633
5 3 6633 6754 6765 6644
5 3 6655 6776 6787 6666
5 3 6666 6787 6798 6677
5 3 6677 6798 6809 6688
5 3 6688 6809 6820 6699
5 3 6699 6820 6831 6710
5 3 6710 6831 6842 6721
5 3 6721 6842 6853 6732
5 3 6732 6853 6864 6743
5 3 6743 6864 6875 6754
5 3 6754 6875 6886 6765
5 3 6776 6897 6908 6787
5 3 6787 6908 6919 6798
5 3 6798 6919 6930 6809
5 3 6809 6930 6941 6820
5 3 6820 6941 6952 6831
5 3 6831 6952 6963 6842
5 3 6842 6963 6974 6853
5 3 6853 6974 6985 6864
5 3 6864 6985 6996 6875
5 3 6875 6996 7007 6886
5 3 6897 7018 7029 6908
5 3 6908 7029 7040 6919
5 3 6919 7040 7051 6930
5 3 6930 7051 7062 6941
5 3 6941 7062 7073 6952
5 3 6952 7073 7084 6963
5 3 6963 7084 7095 6974
5 3 6974 7095 7106 6985
5 3 6985 7106 7117 6996
5 3 6996 7117 7128 7007
5 3 7018 7139 7150 7029
5 3 7029 7150 7161 7040
5 3 7040 7161 7172 7051
5 3 7051 7172 7183 7062
5 3 7062 7183 7194 7073
5 3 7073 7194 7205 7084
5 3 7084 7205 7216 7095
5 3 7095 7216 7227 7106
5 3 7106 7227 7238 7117
5 3 7117 7238 7249 7128
5 3 7139 7260 7271 7150
5 3 7150 7271 7282 7161
5 3 7161 7282 7293 7172
5 3 7172 7293 7304 7183
5 3 7183 7304 7315 7194
5 3 7194 7315 7326 7205
5 3 7205 7326 7337 7216
5 3 7216 7337 7348 7227
5 3 7227 7348 7359 7238
5 3 7238 7359 7370 7249
5 3 7260 7381 7392 7271
5 3 7271 7392 7403 7282
5 3 7282 7403 7414 7293
5 3 7293 7414 7425 7304
5 3 7304 7425 7436 7315
5 3 7315 7436 7447 7326
5 3 7326 7447 7458 7337
5 3 7337 7458 7469 7348
5 3 7348 7469 7480 7359
5 3 7359 7480 7491 7370
5 3 7381 7502 7513 7392
5 3 7392 7513 7524 7403
5 3 7403 7524 7535 7414
5 3 7414 7535 7546 7425
5 3 7425 7546 7557 7436
5 3 7436 7557 7568 7447
5 3 7447 7568 7579 7458
5 3 7458 7579 7590 7469
5 3 7469 7590 7601 7480
5 3 7480 7601 7612 7491
5 3 7502 7623 7634 7513
5 3 7513 7634 7645 7524
5 3 7524 7645 7656 7535
5 3 7535 7656 7667 7546
5 3 7546 7667 7678 7557
5 3 7557 7678 7689 7568
5 3 7568 7689 7700 7579
5 3 7579 7700 7711 7590
5 3 7590 7711 7722 7601
5 3 7601 7722 7733 7612
5 3 7623 7744 7755 7634
5 3 7634 7755 7766 7645
5 3 7645 7766 7777 7656
5 3 7656 7777 7788 7667
5 3 7667 7788 7799 7678
5 3 7678 7799 7810 7689
5 3 7689 7810 7821 7700
5 3 7700 7821 7832 7711
5 3 7711 7832 7843 7722
5 3 7722 7843 7854 7733
5 3 7744 7865 7876 7755
5 3 7755 7876 7887 7766
5 3 7766 7887 7898 7777
5 3 7777 7898 7909 7788
5 3 7788 7909 7920 7799
5 3 7799 7920 7931 7810
5 3 7810 7931 7942 7821
5 3 7821 7942 7953 7832
5 3 7832 7953 7964 7843
5 3 7843 7964 7975 7854
5 3 7865 7986 7997 7876
5 3 7876 7997 8008 7887
5 3 7887 8008 8019 7898
5 3 7898 8019 8030 7909
5 3 7909 8030 8041 7920
5 3 7920 8041 8052 7931
5 3 7931 8052 8063 7942
5 3 7942 8063 8074 7953
5 3 7953 8074 8085 7964
5 3 7964 8085 8096 7975
5 3 7986 8107 8118 7997
5 3 7997 8118 8129 8008
5 3 8008 8129 8140 8019
5 3 8019 8140 8151 8030
5 3 8030 8151 8162 8041
5 3 8041 8162 8173 8052
5 3 8052 8173 8184 8063
5 3 8063 8184 8195 8074
5 3 8074 8195 8206 8085
5 3 8085 8206 8217 8096
5 3 8107 8228 8239 8118
5 3 8118 8239 8250 8129
5 3 8129 8250 8261 8140
5 3 8140 8261 8272 8151
5 3 8151 8272 8283 8162
5 3 8162 8283 8294 8173
5 3 8173 8294 8305 8184
5 3 8184 8305 8316 8195
5 3 8195 8316 8327 8206
5 3 8206 8327 8338 8217
5 3 8228 8349 8360 8239
5 3 8239 8360 8371 8250
5 3 8250 8371 8382 8261
5 3 8261 8382 8393 8272
5 3 8272 8393 8404 8283
5 3 8283 8404 8415 8294
5 3 8294 8415 8426 8305
5 3 8305 8426 8437 8316
5 3 8316 8437 8448 8327
5 3 8327 8448 8459 8338
5 3 8349 8470 8481 8360
5 3 8360 8481 8492 8371
5 3 8371 8492 8503 8382
5 3 8382 8503 8514 8393
5 3 8393 8514 8525 8404
5 3 8404 8525 8536 8415
5 3 8415 8536 8547 8426
5 3 8426 8547 8558 8437
5 3 8437 8558 8569 8448
5 3 8448 8569 8580 8459
5 3 8470 8591 8602 8481
5 3 8481 8602 8613 8492
5 3 8492 8613 8624 8503
5 3 8503 8624 8635 8514
5 3 8514 8635 8646 8525
5 3 8525 8646 8657 8536
5 3 8536 8657 8668 8547
5 3 8547 8668 8679 8558
5 3 8558 8679 8690 8569
5 3 8569 8690 8701 8580
5 3 8591 8712 8723 8602
5 3 8602 8723 8734 8613
5 3 8613 8734 8745 8624
5 3 8624 8745 8756 8635
5 3 8635 8756 8767 8646
5 3 8646 8767 8778 8657
5 3 8657 8778 8789 8668
5 3 8668 8789 8800 8679
5 3 8679 8800 8811 8690
5 3 8690 8811 8822 8701
5 3 8712 8833 8844 8723
5 3 8723 8844 8855 8734
5 3 8734 8855 8866 8745
5 3 8745 8866 8877 8756
5 3 8756 8877 8888 8767
5 3 8767 8888 8899 8778
5 3 8778 8899 8910 8789
5 3 8789 8910 8921 8800
5 3 8800 8921 8932 8811
5 3 8811 8932 8943 8822
5 3 8833 8954 8965 8844
5 3 8844 8965 8976 8855
5 3 8855 8976 8987 8866
5 3 8866 8987 8998 8877
5 3 8877 8998 9009 8888
5 3 8888 9009 9020 8899
5 3 8899 9020 9031 8910
5 3 8910 9031 9042 8921
5 3 8921 9042 9053 8932
5 3 8932 9053 9064 8943
5 3 8954 9075 9086 8965
5 3 8965 9086 9097 8976
5 3 8976 9097 9108 8987
5 3 8987 9108 9119 8998
5 3 8998 9119 9130 9009
5 3 9009 9130 9141 9020
5 3 9020 9141 9152 9031
5 3 9031 9152 9163 9042
5 3 9042 9163 9174 9053
5 3 9053 9174 9185 9064
5 3 9075 9196 9207 9086
5 3 9086 9207 9218 9097
5 3 9097 9218 9229 9108
5 3 9108 9229 9240 9119
5 3 9119 9240 9251 9130
5 3 9130 9251 9262 9141
5 3 9141 9262 9273 9152
5 3 9152 9273 9284 9163
5 3 9163 9284 9295 9174
5 3 9174 9295 9306 9185
5 3 9196 9317 9328 9207
5 3 9207 9328 9339 9218
5 3 9218 9339 9350 9229
5 3 9229 9350 9361 9240
5 3 9240 9361 9372 9251
5 3 9251 9372 9383 9262
5 3 9262 9383 9394 9273
5 3 9273 9394 9405 9284
5 3 9284 9405 9416 9295
5 3 9295 9416 9427 9306
5 3 9317 9438 9449 9328
5 3 9328 9449 9460 9339
5 3 9339 9460 9471 9350
5 3 9350 9471 9482 9361
5 3 9361 9482 9493 9372
5 3 9372 9493 9504 9383
5 3 9383 9504 9515 9394
5 3 9394 9515 9526 9405
5 3 9405 9526 9537 9416
5 3 9416 9537 9548 9427
5 3 9438 9559 9570 9449
5 3 9449 9570 9581 9460
5 3 9460 9581 9592 9471
5 3 9471 9592 9603 9482
5 3 9482 9603 9614 9493
5 3 9493 9614 9625 9504
5 3 9504 9625 9636 9515
5 3 9515 9636 9647 9526
5 3 9526 9647 9658 9537
5 3 9537 9658 9669 9548
5 3 9559 9680 9691 9570
5 3 9570 9691 9702 9581
5 3 9581 9702 9713 9592
5 3 9592 9713 9724 9603
5 3 9603 9724 9735 9614
5 3 9614 9735 9746 9625
5 3 9625 9746 9757 9636
5 3 9636 9757 9768 9647
5 3 9647 9768 9779 9658
5 3 9658 9779 9790 9669
5 3 9680 9801 9812 9691
5 3 9691 9812 9823 9702
5 3 9702 9823 9834 9713
5 3 9713 9834 9845 9724
5 3 9724 9845 9856 9735
5 3 9735 9856 9867 9746
5 3 9746 9867 9878 9757
5 3 9757 9878 9889 9768
5 3 9768 9889 9900 9779
5 3 9779 9900 9911 9790
5 3 9801 9922 9933 9812
5 3 9812 9933 9944 9823
5 3 9823 9944 9955 9834
5 3 9834 9955 9966 9845
5 3 9845 9966 9977 9856
5 3 9856 9977 9988 9867
5 3 9867 9988 9999 9878
5 3 9878 9999 10010 9889
5 3 9889 10010 10021 9900
5 3 9900 10021 10032 9911
5 3 9922 10043 10054 9933
5 3 9933 10054 10065 9944
5 3 9944 10065 10076 9955
5 3 9955 10076 10087 9966
5 3 9966 10087 10098 9977
5 3 9977 10098 10109 9988
5 3 9988 10109 10120 9999
5 3 9999 10120 10131 10010
5 3 10010 10131 10142 10021
5 3 10021 10142 10153 10032
5 3 10043 10164 10175 10054
5 3 10054 10175 10186 10065
5 3 10065 10186 10197 10076
5 3 10076 10197 10208 10087
5 3 10087 10208 10219 10098
5 3 10098 10219 10230 10109
5 3 10109 10230 10241 10120
5 3 10120 10241 10252 10131
5 3 10131 10252 10263 10142
5 3 10142 10263 10274 10153
5 3 10164 10285 10296 10175
5 3 10175 10296 10307 10186
5 3 10186 10307 10318 10197
5 3 10197 10318 10329 10208
5 3 10208 10329 10340 10219
5 3 10219 10340 10351 10230
5 3 10230 10351 10362 10241
5 3 10241 10362 10373 10252
5 3 10252 10373 10384 10263
5 3 10263 10384 10395 10274
5 3 10285 10406 10417 10296
5 3 10296 10417 10428 10307
5 3 10307 10428 10439 10318
5 3 10318 10439 10450 10329
5 3 10329 10450 10461 10340
5 3 10340 10461 10472 10351
5 3 10351 10472 10483 10362
5 3 10362 10483 10494 10373
5 3 10373 10494 10505 10384
5 3 10384 10505 10516 10395
5 3 10406 10527 10538 10417
5 3 10417 10538 10549 10428
5 3 10428 10549 10560 10439
5 3 10439 10560 10571 10450
5 3 10450 10571 10582 10461
5 3 10461 10582 10593 10472
5 3 10472 10593 10604 10483
5 3 10483 10604 10615 10494
5 3 10494 10615 10626 10505
5 3 10505 10626 10637 10516
5 3 10527 10648 10659 10538
5 3 10538 10659 10670 10549
5 3 10549 10670 10681 10560
5 3 10560 10681 10692 10571
5 3 10571 10692 10703 10582
5 3 10582 10703 10714 10593
5 3 10593 10714 10725 10604
5 3 10604 10725 10736 10615
5 3 10615 10736 10747 10626
5 3 10626 10747 10758 10637
5 3 10648 10769 10780 10659
5 3 10659 10780 10791 10670
5 3 10670 10791 10802 10681
5 3 10681 10802 10813 10692
5 3 10692 10813 10824 10703
5 3 10703 10824 10835 10714
5 3 10714 10835 10846 10725
5 3 10725 10846 10857 10736
5 3 10736 10857 10868 10747
5 3 10747 10868 10879 10758
5 3 10769 10890 10901 10780
5 3 10780 10901 10912 10791
5 3 10791 10912 10923 10802
5 3 10802 10923 10934 10813
5 3 10813 10934 10945 10824
5 3 10824 10945 10956 10835
5 3 10835 10956 10967 10846
5 3 10846 10967 10978 10857
5 3 10857 10978 10989 10868
5 3 10868 10989 11000 10879
5 3 10890 11011 11022 10901
5 3 10901 11022 11033 10912
5 3 10912 11033 11044 10923
5 3 10923 11044 11055 10934
5 3 10934 11055 11066 10945
5 3 10945 11066 11077 10956
5 3 10956 11077 11088 10967
5 3 10967 11088 11099 10978
5 3 10978 11099 11110 10989
5 3 10989 11110 11121 11000
5 3 11011 11132 11143 11022
5 3 11022 11143 11154 11033
5 3 11033 11154 11165 11044
5 3 11044 11165 11176 11055
5 3 11055 11176 11187 11066
5 3 11066 11187 11198 11077
5 3 11077 11198 11209 11088
5 3 11088 11209 11220 11099
5 3 11099 11220 11231 11110
5 3 11110 11231 11242 11121
5 3 11132 11253 11264 11143
5 3 11143 11264 11275 11154
5 3 11154 11275 11286 11165
5 3 11165 11286 11297 11176
5 3 11176 11297 11308 11187
5 3 11187 11308 11319 11198
5 3 11198 11319 11330 11209
5 3 11209 11330 11341 11220
5 3 11220 11341 11352 11231
5 3 11231 11352 11363 11242
5 3 11253 11374 11385 11264
5 3 11264 11385 11396 11275
5 3 11275 11396 11407 11286
5 3 11286 11407 11418 11297
5 3 11297 11418 11429 11308
5 3 11308 11429 11440 11319
5 3 11319 11440 11451 11330
5 3 11330 11451 11462 11341
5 3 11341 11462 11473 11352
5 3 11352 11473 11484 11363
5 3 11374 11495 11506 11385
5 3 11385 11506 11517 11396
5 3 11396 11517 11528 11407
5 3 11407 11528 11539 11418
5 3 11418 11539 11550 11429
5 3 11429 11550 11561 11440
5 3 11440 11561 11572 11451
5 3 11451 11572 11583 11462
5 3 11462 11583 11594 11473
5 3 11473 11594 11605 11484
5 3 11495 11616 11627 11506
5 3 11506 11627 11638 11517
5 3 11517 11638 11649 11528
5 3 11528 11649 11660 11539
5 3 11539 11660 11671 11550
5 3 11550 11671 11682 11561
5 3 11561 11682 11693 11572
5 3 11572 11693 11704 11583
5 3 11583 11704 11715 11594
5 3 11594 11715 11726 11605
5 3 11616 11737 11748 11627
5 3 11627 11748 11759 11638
5 3 11638 11759 11770 11649
5 3 11649 11770 11781 11660
5 3 11660 11781 11792 11671
5 3 11671 11792 11803 11682
5 3 11682 11803 11814 11693
5 3 11693 11814 11825 11704
5 3 11704 11825 11836 11715
5 3 11715 11836 11847 11726
5 3 11737 11858 11869 11748
5 3 11748 11869 11880 11759
5 3 11759 11880 11891 11770
5 3 11770 11891 11902 11781
5 3 11781 11902 11913 11792
5 3 11792 11913 11924 11803
5 3 11803 11924 11935 11814
5 3 11814 11935 11946 11825
5 3 11825 11946 11957 11836
5 3 11836 11957 11968 11847
5 3 11858 11979 11990 11869
5 3 11869 11990 12001 11880
5 3 11880 12001 12012 11891
5 3 11891 12012 12023 11902
5 3 11902 12023 12034 11913
5 3 11913 12034 12045 11924
5 3 11924 12045 12056 11935
5 3 11935 12056 12067 11946
5 3 11946 12067 12078 11957
5 3 11957 12078 12089 11968
5 3 11979 12100 12111 11990
5 3 11990 12111 12122 12001
5 3 12001 12122 12133 12012
5 3 12012 12133 12144 12023
5 3 12023 12144 12155 12034
5 3 12034 12155 12166 12045
5 3 12045 12166 12177 12056
5 3 12056 12177 12188 12067
5 3 12067 12188 12199 12078
5 3 12078 12199 12210 12089
6 3 21 142 131 10
6 3 32 153 142 21
6 3 43 164 153 32
6 3 54 175 164 43
6 3 65 186 175 54
6 3 76 197 186 65
6 3 87 208 197 76
6 3 98 219 208 87
6 3 109 230 219 98
6 3 120 241 230 109
6 3 142 263 252 131
6 3 153 274 263 142
6 3 164 285 274 153
6 3 175 296 285 164
6 3 186 307 296 175
6 3 197 318 307 186
6 3 208 329 318 197
6 3 219 340 329 208
6 3 230 351 340 219
6 3 241 362 351 230
6 3 263 384 373 252
6 3 274 395 384 263
6 3 285 406 395 274
6 3 296 417 406 285
6 3 307 428 417 296
6 3 318 439 428 307
6 3 329 450 439 318
6 3 340 461 450 329
6 3 351 472 461 340
6 3 362 483 472 351
6 3 384 505 494 373
6 3 395 516 505 384
6 3 406 527 516 395
6 3 417 538 527 406
6 3 428 549 538 417
6 3 439 560 549 428
6 3 450 571 560 439
6 3 461 582 571 450
6 3 472 593 582 461
6 3 483 604 593 472
6 3 505 626 615 494
6 3 516 637 626 505
6 3 527 648 637 516
6 3 538 659 648 527
6 3 549 670 659 538
6 3 560 681 670 549
6 3 571 692 681 560
6 3 582 703 692 571
6 3 593 714 703 582
6 3 604 725 714 593
6 3 626 747 736 615
6 3 637 758 747 626
6 3 648 769 758 637
6 3 659 780 769 648
6 3 670 791 780 659
6 3 681 802 791 670
6 3 692 813 802 681
6 3 703 824 813 692
6 3 714 835 824 703
6 3 725 846 835 714
6 3 747 868 857 736
6 3 758 879 868 747
6 3 769 890 879 758
6 3 780 901 890 769
6 3 791 912 901 780
6 3 802 923 912 791
6 3 813 934 923 802
6 3 824 945 934 813
6 3 835 956 945 824
6 3 846 967 956 835
6 3 868 989 978 857
6 3 879 1000 989 868
6 3 890 1011 1000 879
6 3 901 1022 1011 890
6 3 912 1033 1022 901
6 3 923 1044 1033 912
6 3 934 1055 1044 923
6 3 945 1066 1055 934
6 3 956 1077 1066 945
6 3 967 1088 1077 956
6 3 989 1110 1099 978
6 3 1000 1121 1110 989
6 3 1011 1132 1121 1000
6 3 1022 1143 1132 1011
6 3 1033 1154 1143 1022
6 3 1044 1165 1154 1033
6 3 1055 1176 1165 1044
6 3 1066 1187 1176 1055
6 3 1077 1198 1187 1066
6 3 1088 1209 1198 1077
6 3 1110 1231 1220 1099
6 3 1121 1242 1231 1110
6 3 1132 1253 1242 1121
6 3 1143 1264 1253 1132
6 3 1154 1275 1264 1143
6 3 1165 1286 1275 1154
6 3 1176 1297 1286 1165
6 3 1187 1308 1297 1176
6 3 1198 1319 1308 1187
6 3 1209 1330 1319 1198
6 3 1231 1352 1341 1220
6 3 1242 1363 1352 1231
6 3 1253 1374 1363 1242
6 3 1264 1385 1374 1253
6 3 1275 1396 1385 1264
6 3 1286 1407 1396 1275
6 3 1297 1418 1407 1286
6 3 1308 1429 1418 1297
6 3 1319 1440 1429 1308
6 3 1330 1451 1440 1319
6 3 1352 1473 1462 1341
6 3 1363 1484 1473 1352
6 3 1374 1495 1484 1363
6 3 1385 1506 1495 1374
6 3 1396 1517 1506 1385
6 3 1407 1528 1517 1396
6 3 1418 1539 1528 1407
6 3 1429 1550 1539 1418
6 3 1440 1561 1550 1429
6 3 1451 1572 1561 1440
6 3 1473 1594 1583 1462
6 3 1484 1605 1594 1473
6 3 1495 1616 1605 1484
6 3 1506 1627 1616 1495
6 3 1517 1638 1627 1506
6 3 1528 1649 1638 1517
6 3 1539 1660 1649 1528
6 3 1550 1671 1660 1539
6 3 1561 1682 1671 1550
6 3 1572 1693 1682 1561
6 3 1594 1715 1704 1583
6 3 1605 1726 1715 1594
6 3 1616 1737 1726 1605
6 3 1627 1748 1737 1616
6 3 1638 1759 1748 1627
6 3 1649 1770 1759 1638
6 3 1660 1781 1770 1649
6 3 1671 1792 1781 1660
6 3 1682 1803 1792 1671
6 3 1693 1814 1803 1682
6 3 1715 1836 1825 1704
6 3 1726 1847 1836 1715
6 3 1737 1858 1847 1726
6 3 1748 1869 1858 1737
6 3 1759 1880 1869 1748
6 3 1770 1891 1880 1759
6 3 1781 1902 1891 1770
6 3 1792 1913 1902 1781
6 3 1803 1924 1913 1792
6 3 1814 1935 1924 1803
6 3 1836 1957 1946 1825
6 3 1847 1968 1957 1836
6 3 1858 1979 1968 1847
6 3 1869 1990 1979 1858
6 3 1880 2001 1990 1869
6 3 1891 2012 2001 1880
6 3 1902 2023 2012 1891
6 3 1913 2034 2023 1902
6 3 1924 2045 2034 1913
6 3 1935 2056 2045 1924
6 3 1957 2078 2067 1946
6 3 1968 2089 2078 1957
6 3 1979 2100 2089 1968
6 3 1990 2111 2100 1979
6 3 2001 2122 2111 1990
6 3 2012 2133 2122 2001
6 3 2023 2144 2133 2012
6 3 2034 2155 2144 2023
6 3 2045 2166 2155 2034
6 3 2056 2177 2166 2045
6 3 2078 2199 2188 2067
6 3 2089 2210 2199 2078
6 3 2100 2221 2210 2089
6 3 2111 2232 2221 2100
6 3 2122 2243 2232 2111
6 3 2133 2254 2243 2122
6 3 2144 2265 2254 2133
6 3 2155 2276 2265 2144
6 3 2166 2287 2276 2155
6 3 2177 2298 2287 2166
6 3 2199 2320 2309 2188
6 3 2210 2331 2320 2199
6 3 2221 2342 2331 2210
6 3 2232 2353 2342 2221
6 3 2243 2364 2353 2232
6 3 2254 2375 2364 2243
6 3 2265 2386 2375 2254
6 3 2276 2397 2386 2265
6 3 2287 2408 2397 2276
6 3 2298 2419 2408 2287
6 3 2320 2441 2430 2309
6 3 2331 2452 2441 2320
6 3 2342 2463 2452 2331
6 3 2353 2474 2463 2342
6 3 2364 2485 2474 2353
6 3 2375 2496 2485 2364
6 3 2386 2507 2496 2375
6 3 2397 2518 2507 2386
6 3 2408 2529 2518 2397
6 3 2419 2540 2529 2408
6 3 2441 2562 2551 2430
6 3 2452 2573 2562 2441
6 3 2463 2584 2573 2452
6 3 2474 2595 2584 2463
6 3 2485 2606 2595 2474
6 3 2496 2617 2606 2485
6 3 2507 2628 2617 2496
6 3 2518 2639 2628 2507
6 3 2529 2650 2639 2518
6 3 2540 2661 2650 2529
6 3 2562 2683 2672 2551
6 3 2573 2694 2683 2562
6 3 2584 2705 2694 2573
6 3 2595 2716 2705 2584
6 3 2606 2727 2716 2595
6 3 2617 2738 2727 2606
6 3 2628 2749 2738 2617
6 3 2639 2760 2749 2628
6 3 2650 2771 2760 2639
6 3 2661 2782 2771 2650
6 3 2683 2804 2793 2672
6 3 2694 2815 2804 2683
6 3 2705 2826 2815 2694
6 3 2716 2837 2826 2705
6 3 2727 2848 2837 2716
6 3 2738 2859 2848 2727
6 3 2749 2870 2859 2738
6 3 2760 2881 2870 2749
6 3 2771 2892 2881 2760
6 3 2782 2903 2892 2771
6 3 2804 2925 2914 2793
6 3 2815 2936 2925 2804
6 3 2826 2947 2936 2815
6 3 2837 2958 2947 2826
6 3 2848 2969 2958 2837
6 3 2859 2980 2969 2848
6 3 2870 2991 2980 2859
6 3 2881 3002 2991 2870
6 3 2892 3013 3002 2881
6 3 2903 3024 3013 2892
6 3 2925 3046 3035 2914
6 3 2936 3057 3046 2925
6 3 2947 3068 3057 2936
6 3 2958 3079 3068 2947
6 3 2969 3090 3079 2958
6 3 2980 3101 3090 2969
6 3 2991 3112 3101 2980
6 3 3002 3123 3112 2991
6 3 3013 3134 3123 3002
6 3 3024 3145 3134 3013
6 3 3046 3167 3156 3035
6 3 3057 3178 3167 3046
6 3 3068 3189 3178 3057
6 3 3079 3200 3189 3068
6 3 3090 3211 3200 3079
6 3 3101 3222 3211 3090
6 3 3112 3233 3222 3101
6 3 3123 3244 3233 3112
6 3 3134 3255 3244 3123
6 3 3145 3266 3255 3134
6 3 3167 3288 3277 3156
6 3 3178 3299 3288 3167
6 3 3189 3310 3299 3178
6 3 3200 3321 3310 3189
6 3 3211 3332 3321 3200
6 3 3222 3343 3332 3211
6 3 3233 3354 3343 3222
6 3 3244 3365 3354 3233
6 3 3255 3376 3365 3244
6 3 3266 3387 3376 3255
6 3 3288 3409 3398 3277
6 3 3299 3420 3409 3288
6 3 3310 3431 3420 3299
6 3 3321 3442 3431 3310
6 3 3332 3453 3442 3321
6 3 3343 3464 3453 3332
6 3 3354 3475 3464 3343
6 3 3365 3486 3475 3354
6 3 3376 3497 3486 3365
6 3 3387 3508 3497 3376
6 3 3409 3530 3519 3398
6 3 3420 3541 3530 3409
6 3 3431 3552 3541 3420
6 3 3442 3563 3552 3431
6 3 3453 3574 3563 3442
6 3 3464 3585 3574 3453
6 3 3475 3596 3585 3464
6 3 3486 3607 3596 3475
6 3 3497 3618 3607 3486
6 3 3508 3629 3618 3497
6 3 3530 3651 3640 3519
6 3 3541 3662 3651 3530
6 3 3552 3673 3662 3541
6 3 3563 3684 3673 3552
6 3 3574 3695 3684 3563
6 3 3585 3706 3695 3574
6 3 3596 3717 3706 3585
6 3 3607 3728 3717 3596
6 3 3618 3739 3728 3607
6 3 3629 3750 3739 3618
6 3 3651 3772 3761 3640
6 3 3662 3783 3772 3651
6 3 3673 3794 3783 3662
6 3 3684 3805 3794 3673
6 3 3695 3816 3805 3684
6 3 3706 3827 3816 3695
6 3 3717 3838 3827 3706
6 3 3728 3849 3838 3717
6 3 3739 3860 3849 3728
6 3 3750 3871 3860 3739
6 3 3772 3893 3882 3761
6 3 3783 3904 3893 3772
6 3 3794 3915 3904 3783
6 3 3805 3926 3915 3794
6 3 3816 3937 3926 3805
6 3 3827 3948 3937 3816
6 3 3838 3959 3948 3827
6 3 3849 3970 3959 3838
6 3 3860 3981 3970 3849
6 3 3871 3992 3981 3860
6 3 3893 4014 4003 3882
6 3 3904 4025 4014 3893
6 3 3915 4036 4025 3904
6 3 3926 4047 4036 3915
6 3 3937 4058 4047 3926
6 3 3948 4069 4058 3937
6 3 3959 4080 4069 3948
6 3 3970 4091 4080 3959
6 3 3981 4102 4091 3970
6 3 3992 4113 4102 3981
6 3 4014 4135 4124 4003
6 3 4025 4146 4135 4014
6 3 4036 4157 4146 4025
6 3 4047 4168 4157 4036
6 3 4058 4179 4168 4047
6 3 4069 4190 4179 4058
6 3 4080 4201 4190 4069
6 3 4091 4212 4201 4080
6 3 4102 4223 4212 4091
6 3 4113 4234 4223 4102
6 3 4135 4256 4245 4124
6 3 4146 4267 4256 4135
6 3 4157 4278 4267 4146
6 3 4168 4289 4278 4157
6 3 4179 4300 4289 4168
6 3 4190 4311 4300 4179
6 3 4201 4322 4311 4190
6 3 4212 4333 4322 4201
6 3 4223 4344 4333 4212
6 3 4234 4355 4344 4223
6 3 4256 4377 4366 4245
6 3 4267 4388 4377 4256
6 3 4278 4399 4388 4267
6 3 4289 4410 4399 4278
6 3 4300 4421 4410 4289
6 3 4311 4432 4421 4300
6 3 4322 4443 4432 4311
6 3 4333 4454 4443 4322
6 3 4344 4465 4454 4333
6 3 4355 4476 4465 4344
6 3 4377 4498 4487 4366
6 3 4388 4509 4498 4377
6 3 4399 4520 4509 4388
6 3 4410 4531 4520 4399
6 3 4421 4542 4531 4410
6 3 4432 4553 4542 4421
6 3 4443 4564 4553 4432
6 3 4454 4575 4564 4443
6 3 4465 4586 4575 4454
6 3 4476 4597 4586 4465
6 3 4498 4619 4608 4487
6 3 4509 4630 4619 4498
6 3 4520 4641 4630 4509
6 3 4531 4652 4641 4520
6 3 4542 4663 4652 4531
6 3 4553 4674 4663 4542
6 3 4564 4685 4674 4553
6 3 4575 4696 4685 4564
6 3 4586 4707 4696 4575
6 3 4597 4718 4707 4586
6 3 4619 4740 4729 4608
6 3 4630 4751 4740 4619
6 3 4641 4762 4751 4630
6 3 4652 4773 4762 4641
6 3 4663 4784 4773 4652
6 3 4674 4795 4784 4663
6 3 4685 4806 4795 4674
6 3 4696 4817 4806 4685
6 3 4707 4828 4817 4696
6 3 4718 4839 4828 4707
6 3 4740 4861 4850 4729
6 3 4751 4872 4861 4740
6 3 4762 4883 4872 4751
6 3 4773 4894 4883 4762
6 3 4784 4905 4894 4773
6 3 4795 4916 4905 4784
6 3 4806 4927 4916 4795
6 3 4817 4938 4927 4806
6 3 4828 4949 4938 4817
6 3 4839 4960 4949 4828
6 3 4861 4982 4971 4850
6 3 4872 4993 4982 4861
6 3 4883 5004 4993 4872
6 3 4894 5015 5004 4883
6 3 4905 5026 5015 4894
6 3 4916 5037 5026 4905
6 3 4927 5048 5037 4916
6 3 4938 5059 5048 4927
6 3 4949 5070 5059 4938
6 3 4960 5081 5070 4949
6 3 4982 5103 5092 4971
6 3 4993 5114 5103 4982
6 3 5004 5125 5114 4993
6 3 5015 5136 5125 5004
6 3 5026 5147 5136 5015
6 3 5037 5158 5147 5026
6 3 5048 5169 5158 5037
6 3 5059 5180 5169 5048
6 3 5070 5191 5180 5059
6 3 5081 5202 5191 5070
6 3 5103 5224 5213 5092
6 3 5114 5235 5224 5103
6 3 5125 5246 5235 5114
6 3 5136 5257 5246 5125
6 3 5147 5268 5257 5136
6 3 5158 5279 5268 5147
6 3 5169 5290 5279 5158
6 3 5180 5301 5290 5169
6 3 5191 5312 5301 5180
6 3 5202 5323 5312 5191
6 3 5224 5345 5334 5213
6 3 5235 5356 5345 5224
6 3 5246 5367 5356 5235
6 3 5257 5378 5367 5246
6 3 5268 5389 5378 5257
6 3 5279 5400 5389 5268
6 3 5290 5411 5400 5279
6 3 5301 5422 5411 5290
6 3 5312 5433 5422 5301
6 3 5323 5444 5433 5312
6 3 5345 5466 5455 5334
6 3 5356 5477 5466 5345
6 3 5367 5488 5477 5356
6 3 5378 5499 5488 5367
6 3 5389 5510 5499 5378
6 3 5400 5521 5510 5389
6 3 5411 5532 5521 5400
6 3 5422 5543 5532 5411
6 3 5433 5554 5543 5422
6 3 5444 5565 5554 5433
6 3 5466 5587 5576 5455
6 3 5477 5598 5587 5466
6 3 5488 5609 5598 5477
6 3 5499 5620 5609 5488
6 3 5510 5631 5620 5499
6 3 5521 5642 5631 5510
6 3 5532 5653 5642 5521
6 3 5543 5664 5653 5532
6 3 5554 5675 5664 5543
6 3 5565 5686 5675 5554
6 3 5587 5708 5697 5576
6 3 5598 5719 5708 5587
6 3 5609 5730 5719 5598
6 3 5620 5741 5730 5609
6 3 5631 5752 5741 5620
6 3 5642 5763 5752 5631
6 3 5653 5774 5763 5642
6 3 5664 5785 5774 5653
6 3 5675 5796 5785 5664
6 3 5686 5807 5796 5675
6 3 5708 5829 5818 5697
6 3 5719 5840 5829 5708
6 3 5730 5851 5840 5719
6 3 5741 5862 5851 5730
6 3 5752 5873 5862 5741
6 3 5763 5884 5873 5752
6 3 5774 5895 5884 5763
6 3 5785 5906 5895 5774
6 3 5796 5917 5906 5785
6 3 5807 5928 5917 5796
6 3 5829 5950 5939 5818
6 3 5840 5961 5950 5829
6 3 5851 5972 5961 5840
6 3 5862 5983 5972 5851
6 3 5873 5994 5983 5862
6 3 5884 6005 5994 5873
6 3 5895 6016 6005 5884
6 3 5906 6027 6016 5895
6 3 5917 6038 6027 5906
6 3 5928 6049 6038 5917
6 3 5950 6071 6060 5939
6 3 5961 6082 6071 5950
6 3 5972 6093 6082 5961
6 3 5983 6104 6093 5972
6 3 5994 6115 6104 5983
6 3 6005 6126 6115 5994
6 3 6016 6137 6126 6005
6 3 6027 6148 6137 6016
6 3 6038 6159 6148 6027
6 3 6049 6170 6159 6038
6 3 6071 6192 6181 6060
6 3 6082 6203 6192 6071
6 3 6093 6214 6203 6082
6 3 6104 6225 6214 6093
6 3 6115 6236 6225 6104
6 3 6126 6247 6236 6115
6 3 6137 6258 6247 6126
6 3 6148 6269 6258 6137
6 3 6159 6280 6269 6148
6 3 6170 6291 6280 6159
6 3 6192 6313 6302 6181
6 3 6203 6324 6313 6192
6 3 6214 6335 6324 6203
6 3 6225 6346 6335 6214
6 3 6236 6357 6346 6225
6 3 6247 6368 6357 6236
6 3 6258 6379 6368 6247
6 3 6269 6390 6379 6258
6 3 6280 6401 6390 6269
6 3 6291 6412 6401 6280
6 3 6313 6434 6423 6302
6 3 6324 6445 6434 6313
6 3 6335 6456 6445 6324
6 3 6346 6467 6456 6335
6 3 6357 6478 6467 6346
6 3 6368 6489 6478 6357
6 3 6379 6500 6489 6368
6 3 6390 6511 6500 6379
6 3 6401 6522 6511 6390
6 3 6412 6533 6522 6401
6 3 6434 6555 6544 6423
6 3 6445 6566 6555 6434
6 3 6456 6577 6566 6445
6 3 6467 6588 6577 6456
6 3 6478 6599 6588 6467
6 3 6489 6610 6599 6478
6 3 6500 6621 6610 6489
6 3 6511 6632 6621 6500
6 3 6522 6643 6632 6511
6 3 6533 6654 6643 6522
6 3 6555 6676 6665 6544
6 3 6566 6687 6676 6555
6 3 6577 6698 6687 6566
6 3 6588 6709 6698 6577
6 3 6599 6720 6709 6588
6 3 6610 6731 6720 6599
6 3 6621 6742 6731 6610
6 3 6632 6753 6742 6621
6 3 6643 6764 6753 6632
6 3 6654 6775 6764 6643
6 3 6676 6797 6786 6665
6 3 6687 6808 6797 6676
6 3 6698 6819 6808 6687
6 3 6709 6830 6819 6698
6 3 6720 6841 6830 6709
6 3 6731 6852 6841 6720
6 3 6742 6863 6852 6731
6 3 6753 6874 6863 6742
6 3 6764 6885 6874 6753
6 3 6775 6896 6885 6764
6 3 6797 6918 6907 6786
6 3 6808 6929 6918 6797
6 3 6819 6940 6929 6808
6 3 6830 6951 6940 6819
6 3 6841 6962 6951 6830
6 3 6852 6973 6962 6841
6 3 6863 6984 6973 6852
6 3 6874 6995 6984 6863
6 3 6885 7006 6995 6874
6 3 6896 7017 7006 6885
6 3 6918 7039 7028 6907
6 3 6929 7050 7039 6918
6 3 6940 7061 7050 6929
6 3 6951 7072 7061 6940
6 3 6962 7083 7072 6951
6 3 6973 7094 7083 6962
6 3 6984 7105 7094 6973
6 3 6995 7116 7105 6984
6 3 7006 7127 7116 6995
6 3 7017 7138 7127 7006
6 3 7039 7160 7149 7028
6 3 7050 7171 7160 7039
6 3 7061 7182 7171 7050
6 3 7072 7193 7182 7061
6 3 7083 7204 7193 7072
6 3 7094 7215 7204 7083
6 3 7105 7226 7215 7094
6 3 7116 7237 7226 7105
6 3 7127 7248 7237 7116
6 3 7138 7259 7248 7127
6 3 7160 7281 7270 7149
6 3 7171 7292 7281 7160
6 3 7182 7303 7292 7171
6 3 7193 7314 7303 7182
6 3 7204 7325 7314 7193
6 3 7215 7336 7325 7204
6 3 7226 7347 7336 7215
6 3 7237 7358 7347 7226
6 3 7248 7369 7358 7237
6 3 7259 7380 7369 7248
6 3 7281 7402 7391 7270
6 3 7292 7413 7402 7281
6 3 7303 7424 7413 7292
6 3 7314 7435 7424 7303
6 3 7325 7446 7435 7314
6 3 7336 7457 7446 7325
6 3 7347 7468 7457 7336
6 3 7358 7479 7468 7347
6 3 7369 7490 7479 7358
6 3 7380 7501 7490 7369
6 3 7402 7523 7512 7391
6 3 7413 7534 7523 7402
6 3 7424 7545 7534 7413
6 3 7435 7556 7545 7424
6 3 7446 7567 7556 7435
6 3 7457 7578 7567 7446
6 3 7468 7589 7578 7457
6 3 7479 7600 7589 7468
6 3 7490 7611 7600 7479
6 3 7501 7622 7611 7490
6 3 7523 7644 7633 7512
6 3 7534 7655 7644 7523
6 3 7545 7666 7655 7534
6 3 7556 7677 7666 7545
6 3 7567 7688 7677 7556
6 3 7578 7699 7688 7567
6 3 7589 7710 7699 7578
6 3 7600 7721 7710 7589
6 3 7611 7732 7721 7600
6 3 7622 7743 7732 7611
6 3 7644 7765 7754 7633
6 3 7655 7776 7765 7644
6 3 7666 7787 7776 7655
6 3 7677 7798 7787 7666
6 3 7688 7809 7798 7677
6 3 7699 7820 7809 7688
6 3 7710 7831 7820 7699
6 3 7721 7842 7831 7710
6 3 7732 7853 7842 7721
6 3 7743 7864 7853 7732
6 3 7765 7886 7875 7754
6 3 7776 7897 7886 7765
6 3 7787 7908 7897 7776
6 3 7798 7919 7908 7787
6 3 7809 7930 7919 7798
6 3 7820 7941 7930 7809
6 3 7831 7952 7941 7820
6 3 7842 7963 7952 7831
6 3 7853 7974 7963 7842
6 3 7864 7985 7974 7853
6 3 7886 8007 7996 7875
6 3 7897 8018 8007 7886
6 3 7908 8029 8018 7897
6 3 7919 8040 8029 7908
6 3 7930 8051 8040 7919
6 3 7941 8062 8051 7930
6 3 7952 8073 8062 7941
6 3 7963 8084 8073 7952
6 3 7974 8095 8084 7963
6 3 7985 8106 8095 7974
6 3 8007 8128 8117 7996
6 3 8018 8139 8128 8007
6 3 8029 8150 8139 8018
6 3 8040 8161 8150 8029
6 3 8051 8172 8161 8040
6 3 8062 8183 8172 8051
6 3 8073 8194 8183 8062
6 3 8084 8205 8194 8073
6 3 8095 8216 8205 8084
6 3 8106 8227 8216 8095
6 3 8128 8249 8238 8117
6 3 8139 8260 8249 8128
6 3 8150 8271 8260 8139
6 3 8161 8282 8271 8150
6 3 8172 8293 8282 8161
6 3 8183 8304 8293 8172
6 3 8194 8315 8304 8183
6 3 8205 8326 8315 8194
6 3 8216 8337 8326 8205
6 3 8227 8348 8337 8216
6 3 8249 8370 8359 8238
6 3 8260 8381 8370 8249
6 3 8271 8392 8381 8260
6 3 8282 8403 8392 8271
6 3 8293 8414 8403 8282
6 3 8304 8425 8414 8293
6 3 8315 8436 8425 8304
6 3 8326 8447 8436 8315
6 3 8337 8458 8447 8326
6 3 8348 8469 8458 8337
6 3 8370 8491 8480 8359
6 3 8381 8502 8491 8370
6 3 8392 8513 8502 8381
6 3 8403 8524 8513 8392
6 3 8414 8535 8524 8403
6 3 8425 8546 8535 8414
6 3 8436 8557 8546 8425
6 3 8447 8568 8557 8436
6 3 8458 8579 8568 8447
6 3 8469 8590 8579 8458
6 3 8491 8612 8601 8480
6 3 8502 8623 8612 8491
6 3 8513 8634 8623 8502
6 3 8524 8645 8634 8513
6 3 8535 8656 8645 8524
6 3 8546 8667 8656 8535
6 3 8557 8678 8667 8546
6 3 8568 8689 8678 8557
6 3 8579 8700 8689 8568
6 3 8590 8711 8700 8579
6 3 8612 8733 8722 8601
6 3 8623 8744 8733 8612
6 3 8634 8755 8744 8623
6 3 8645 8766 8755 8634
6 3 8656 8777 8766 8645
6 3 8667 8788 8777 8656
6 3 8678 8799 8788 8667
6 3 8689 8810 8799 8678
6 3 8700 8821 8810 8689
6 3 8711 8832 8821 8700
6 3 8733 8854 8843 8722
6 3 8744 8865 8854 8733
6 3 8755 8876 8865 8744
6 3 8766 8887 8876 8755
6 3 8777 8898 8887 8766
6 3 8788 8909 8898 8777
6 3 8799 8920 8909 8788
6 3 8810 8931 8920 8799
6 3 8821 8942 8931 8810
6 3 8832 8953 8942 8821
6 3 8854 8975 8964 8843
6 3 8865 8986 8975 8854
6 3 8876 8997 8986 8865
6 3 8887 9008 8997 8876
6 3 8898 9019 9008 8887
6 3 8909 9030 9019 8898
6 3 8920 9041 9030 8909
6 3 8931 9052 9041 8920
6 3 8942 9063 9052 8931
6 3 8953 9074 9063 8942
6 3 8975 9096 9085 8964
6 3 8986 9107 9096 8975
6 3 8997 9118 9107 8986
6 3 9008 9129 9118 8997
6 3 9019 9140 9129 9008
6 3 9030 9151 9140 9019
6 3 9041 9162 9151 9030
6 3 9052 9173 9162 9041
6 3 9063 9184 9173 9052
6 3 9074 9195 9184 9063
6 3 9096 9217 9206 9085
6 3 9107 9228 9217 9096
6 3 9118 9239 9228 9107
6 3 9129 9250 9239 9118
6 3 9140 9261 9250 9129
6 3 9151 9272 9261 9140
6 3 9162 9283 9272 9151
6 3 9173 9294 9283 9162
6 3 9184 9305 9294 9173
6 3 9195 9316 9305 9184
6 3 9217 9338 9327 9206
6 3 9228 9349 9338 9217
6 3 9239 9360 9349 9228
6 3 9250 9371 9360 9239
6 3 9261 9382 9371 9250
6 3 9272 9393 9382 9261
6 3 9283 9404 9393 9272
6 3 9294 9415 9404 9283
6 3 9305 9426 9415 9294
6 3 9316 9437 9426 9305
6 3 9338 9459 9448 9327
6 3 9349 9470 9459 9338
6 3 9360 9481 9470 9349
6 3 9371 9492 9481 9360
6 3 9382 9503 9492 9371
6 3 9393 9514 9503 9382
6 3 9404 9525 9514 9393
6 3 9415 9536 9525 9404
6 3 9426 9547 9536 9415
6 3 9437 9558 9547 9426
6 3 9459 9580 9569 9448
6 3 9470 9591 9580 9459
6 3 9481 9602 9591 9470
6 3 9492 9613 9602 9481
6 3 9503 9624 9613 9492
6 3 9514 9635 9624 9503
6 3 9525 9646 9635 9514
6 3 9536 9657 9646 9525
6 3 9547 9668 9657 9536
6 3 9558 9679 9668 9547
6 3 9580 9701 9690 9569
6 3 9591 9712 9701 9580
6 3 9602 9723 9712 9591
6 3 9613 9734 9723 9602
6 3 9624 9745 9734 9613
6 3 9635 9756 9745 9624
6 3 9646 9767 9756 9635
6 3 9657 9778 9767 9646
6 3 9668 9789 9778 9657
6 3 9679 9800 9789 9668
6 3 9701 9822 9811 9690
6 3 9712 9833 9822 9701
6 3 9723 9844 9833 9712
6 3 9734 9855 9844 9723
6 3 9745 9866 9855 9734
6 3 9756 9877 9866 9745
6 3 9767 9888 9877 9756
6 3 9778 9899 9888 9767
6 3 9789 9910 9899 9778
6 3 9800 9921 9910 9789
6 3 9822 9943 9932 9811
6 3 9833 9954 9943 9822
6 3 9844 9965 9954 9833
6 3 9855 9976 9965 9844
6 3 9866 9987 9976 9855
6 3 9877 9998 9987 9866
6 3 9888 10009 9998 9877
6 3 9899 10020 10009 9888
6 3 9910 10031 10020 9899
6 3 9921 10042 10031 9910
6 3 9943 10064 10053 9932
6 3 9954 10075 10064 9943
6 3 9965 10086 10075 9954
6 3 9976 10097 10086 9965
6 3 9987 10108 10097 9976
6 3 9998 10119 10108 9987
6 3 10009 10130 10119 9998
6 3 10020 10141 10130 10009
6 3 10031 10152 10141 10020
6 3 10042 10163 10152 10031
6 3 10064 10185 10174 10053
6 3 10075 10196 10185 10064
6 3 10086 10207 10196 10075
6 3 10097 10218 10207 10086
6 3 10108 10229 10218 10097
6 3 10119 10240 10229 10108
6 3 10130 10251 10240 10119
6 3 10141 10262 10251 10130
6 3 10152 10273 10262 10141
6 3 10163 10284 10273 10152
6 3 10185 10306 10295 10174
6 3 10196 10317 10306 10185
6 3 10207 10328 10317 10196
6 3 10218 10339 10328 10207
6 3 10229 10350 10339 10218
6 3 10240 10361 10350 10229
6 3 10251 10372 10361 10240
6 3 10262 10383 10372 10251
6 3 10273 10394 10383 10262
6 3 10284 10405 10394 10273
6 3 10306 10427 10416 10295
6 3 10317 10438 10427 10306
6 3 10328 10449 10438 10317
6 3 10339 10460 10449 10328
6 3 10350 10471 10460 10339
6 3 10361 10482 10471 10350
6 3 10372 10493 10482 10361
6 3 10383 10504 10493 10372
6 3 10394 10515 10504 10383
6 3 10405 10526 10515 10394
6 3 10427 10548 10537 10416
6 3 10438 10559 10548 10427
6 3 10449 10570 10559 10438
6 3 10460 10581 10570 10449
6 3 10471 10592 10581 10460
6 3 10482 10603 10592 10471
6 3 10493 10614 10603 10482
6 3 10504 10625 10614 10493
6 3 10515 10636 10625 10504
6 3 10526 10647 10636 10515
6 3 10548 10669 10658 10537
6 3 10559 10680 10669 10548
6 3 10570 10691 10680 10559
6 3 10581 10702 10691 10570
6 3 10592 10713 10702 10581
6 3 10603 10724 10713 10592
6 3 10614 10735 10724 10603
6 3 10625 10746 10735 10614
6 3 10636 10757 10746 10625
6 3 10647 10768 10757 10636
6 3 10669 10790 10779 10658
6 3 10680 10801 10790 10669
6 3 10691 10812 10801 10680
6 3 10702 10823 10812 10691
6 3 10713 10834 10823 10702
6 3 10724 10845 10834 10713
6 3 10735 10856 10845 10724
6 3 10746 10867 10856 10735
6 3 10757 10878 10867 10746
6 3 10768 10889 10878 10757
6 3 10790 10911 10900 10779
6 3 10801 10922 10911 10790
6 3 10812 10933 10922 10801
6 3 10823 10944 10933 10812
6 3 10834 10955 10944 10823
6 3 10845 10966 10955 10834
6 3 10856 10977 10966 10845
6 3 10867 10988 10977 10856
6 3 10878 10999 10988 10867
6 3 10889 11010 10999 10878
6 3 10911 11032 11021 10900
6 3 10922 11043 11032 10911
6 3 10933 11054 11043 10922
6 3 10944 11065 11054 10933
6 3 10955 11076 11065 10944
6 3 10966 11087 11076 10955
6 3 10977 11098 11087 10966
6 3 10988 11109 11098 10977
6 3 10999 11120 11109 10988
6 3 11010 11131 11120 10999
6 3 11032 11153 11142 11021
6 3 11043 11164 11153 11032
6 3 11054 11175 11164 11043
6 3 11065 11186 11175 11054
6 3 11076 11197 11186 11065
6 3 11087 11208 11197 11076
6 3 11098 11219 11208 11087
6 3 11109 11230 11219 11098
6 3 11120 11241 11230 11109
6 3 11131 11252 11241 11120
6 3 11153 11274 11263 11142
6 3 11164 11285 11274 11153
6 3 11175 11296 11285 11164
6 3 11186 11307 11296 11175
6 3 11197 11318 11307 11186
6 3 11208 11329 11318 11197
6 3 11219 11340 11329 11208
6 3 11230 11351 11340 11219
6 3 11241 11362 11351 11230
6 3 11252 11373 11362 11241
6 3 11274 11395 11384 11263
6 3 11285 11406 11395 11274
6 3 11296 11417 11406 11285
6 3 11307 11428 11417 11296
6 3 11318 11439 11428 11307
6 3 11329 11450 11439 11318
6 3 11340 11461 11450 11329
6 3 11351 11472 11461 11340
6 3 11362 11483 11472 11351
6 3 11373 11494 11483 11362
6 3 11395 11516 11505 11384
6 3 11406 11527 11516 11395
6 3 11417 11538 11527 11406
6 3 11428 11549 11538 11417
6 3 11439 11560 11549 11428
6 3 11450 11571 11560 11439
6 3 11461 11582 11571 11450
6 3 11472 11593 11582 11461
6 3 11483 11604 11593 11472
6 3 11494 11615 11604 11483
6 3 11516 11637 11626 11505
6 3 11527 11648 11637 11516
6 3 11538 11659 11648 11527
6 3 11549 11670 11659 11538
6 3 11560 11681 11670 11549
6 3 11571 11692 11681 11560
6 3 11582 11703 11692 11571
6 3 11593 11714 11703 11582
6 3 11604 11725 11714 11593
6 3 11615 11736 11725 11604
6 3 11637 11758 11747 11626
6 3 11648 11769 11758 11637
6 3 11659 11780 11769 11648
6 3 11670 11791 11780 11659
6 3 11681 11802 11791 11670
6 3 11692 11813 11802 11681
6 3 11703 11824 11813 11692
6 3 11714 11835 11824 11703
6 3 11725 11846 11835 11714
6 3 11736 11857 11846 11725
6 3 11758 11879 11868 11747
6 3 11769 11890 11879 11758
6 3 11780 11901 11890 11769
6 3 11791 11912 11901 11780
6 3 11802 11923 11912 11791
6 3 11813 11934 11923 11802
6 3 11824 11945 11934 11813
6 3 11835 11956 11945 11824
6 3 11846 11967 11956 11835
6 3 11857 11978 11967 11846
6 3 11879 12000 11989 11868
6 3 11890 12011 12000 11879
6 3 11901 12022 12011 11890
6 3 11912 12033 12022 11901
6 3 11923 12044 12033 11912
6 3 11934 12055 12044 11923
6 3 11945 12066 12055 11934
6 3 11956 12077 12066 11945
6 3 11967 12088 12077 11956
6 3 11978 12099 12088 11967
6 3 12000 12121 12110 11989
6 3 12011 12132 12121 12000
6 3 12022 12143 12132 12011
6 3 12033 12154 12143 12022
6 3 12044 12165 12154 12033
6 3 12055 12176 12165 12044
6 3 12066 12187 12176 12055
6 3 12077 12198 12187 12066
6 3 12088 12209 12198 12077
6 3 12099 12220 12209 12088

vertices
12221
3
0. 0. 0.
0. 0. 0.01
0. 0. 0.02
0. 0. 0.03
0. 0. 0.04
0. 0. 0.05
0. 0. 0.06
0. 0. 0.07
0. 0. 0.08
0. 0. 0.09
0. 0. 0.1
0. 0.01 0.
0. 0.01 0.01
0. 0.01 0.02
0. 0.01 0.03
0. 0.01 0.04
0. 0.01 0.05
0. 0.01 0.06
0. 0.01 0.07
0. 0.01 0.08
0. 0.01 0.09
0. 0.01 0.1
0. 0.02 0.
0. 0.02 0.01
0. 0.02 0.02
0. 0.02 0.03
0. 0.02 0.04
0. 0.02 0.05
0. 0.02 0.06
0. 0.02 0.07
0. 0.02 0.08
0. 0.02 0.09
0. 0.02 0.1
0. 0.03 0.
0. 0.03 0.01
0. 0.03 0.02
0. 0.03 0.03
0. 0.03 0.04
0. 0.03 0.05
0. 0.03 0.06
0. 0.03 0.07
0. 0.03 0.08
0. 0.03 0.09
0. 0.03 0.1
0. 0.04 0.
0. 0.04 0.01
0. 0.04 0.02
0. 0.04 0.03
0. 0.04 0.04
0. 0.04 0.05
0. 0.04 0.06
0. 0.04 0.07
0. 0.04 0.08
0. 0.04 0.09
0. 0.04 0.1
0. 0.05 0.
0. 0.05 0.01
0. 0.05 0.02
0. 0.05 0.03
0. 0.05 0.04
0. 0.05 0.05
0. 0.05 0.06
0. 0.05 0.07
0. 0.05 0.08
0. 0.05 0.09
0. 0.05 0.1
0. 0.06 0.
0. 0.06 0.01
0. 0.06 0.02
0. 0.06 0.03
0. 0.06 0.04
0. 0.06 0.05
0. 0.06 0.06
0. 0.06 0.07
0. 0.06 0.08
0. 0.06 0.09
0. 0.06 0.1
0. 0.07 0.
0. 0.07 0.01
0. 0.07 0.02
0. 0.07 0.03
0. 0.07 0.04
0. 0.07 0.05
0. 0.07 0.06
0. 0.07 0.07
0. 0.07 0.08
0. 0.07 0.09
0. 0.07 0.1
0. 0.08 0.
0. 0.08 0.01
0. 0.08 0.02
0. 0.08 0.03
0. 0.08 0.04
0. 0.08 0.05
0. 0.08 0.06
0. 0.08 0.07
0. 0.08 0.08
0. 0.08 0.09
0. 0.08 0.1
0. 0.09 0.
0. 0.09 0.01
0. 0.09 0.02
0. 0.09 0.03
0. 0.09 0.04
0. 0.09 0.05
0. 0.09 0.06
0. 0.09 0.07
0. 0.09 0.08
0. 0.09 0.09
0. 0.09 0.1
0. 0.1 0.
0. 0.1 0.01
0. 0.1 0.02
0. 0.1 0.03
0. 0.1 0.04
0. 0.1 0.05
0. 0.1 0.06
0. 0.1 0.07
0. 0.1 0.08
0. 0.1 0.09
0. 0.1 0.1
0.01 0. 0.
0.01 0. 0.01
0.01 0. 0.02
0.01 0. 0.03
0.01 0. 0.04
0.01 0. 0.05
0.01 0. 0.06
0.01 0. 0.07
0.01 0. 0.08
0.01 0. 0.09
0.01 0. 0.1
0.01 0.01 0.
0.01 0.01 0.01
0.01 0.01 0.02
0.01 0.01 0.03
0.01 0.01 0.04
0.01 0.01 0.05
0.01 0.01 0.06
0.01 0.01 0.07
0.01 0.01 0.08
0.01 0.01 0.09
0.01 0.01 0.1
0.01 0.02 0.
0.01 0.02 0.01
0.01 0.02 0.02
0.01 0.02 0.03
0.01 0.02 0.04
0.01 0.02 0.05
0.01 0.02 0.06
0.01 0.02 0.07
0.01 0.02 0.08
0.01 0.02 0.09
0.01 0.02 0.1
0.01 0.03 0.
0.01 0.03 0.01
0.01 0.03 0.02
0.01 0.03 0.03
0.01 0.03 0.04
0.01 0.03 0.05
0.01 0.03 0.06
0.01 0.03 0.07
0.01 0.03 0.08
0.01 0.03 0.09
0.01 0.03 0.1
0.01 0.04 0.
0.01 0.04 0.01
0.01 0.04 0.02
0.01 0.04 0.03
0.01 0.04 0.04
0.01 0.04 0.05
0.01 0.04 0.06
0.01 0.04 0.07
0.01 0.04 0.08
0.01 0.04 0.09
0.01 0.04 0.1
0.01 0.05 0.
0.01 0.05 0.01
0.01 0.05 0.02
0.01 0.05 0.03
0.01 0.05 0.04
0.01 0.05 0.05
0.01 0.05 0.06
0.01 0.05 0.07
0.01 0.05 0.08
0.01 0.05 0.09
0.01 0.05 0.1
0.01 0.06 0.
0.01 0.06 0.01
0.01 0.06 0.02
0.01 0.06 0.03
0.01 0.06 0.04
0.01 0.06 0.05
0.01 0.06 0.06
0.01 0.06 0.07
0.01 0.06 0.08
0.01 0.06 0.09
0.01 0.06 0.1
0.01 0.07 0.
0.01 0.07 0.01
0.01 0.07 0.02
0.01 0.07 0.03
0.01 0.07 0.04
0.01 0.07 0.05
0.01 0.07 0.06
0.01 0.07 0.07
0.01 0.07 0.08
0.01 0.07 0.09
0.01 0.07 0.1
0.01 0.08 0.
0.01 0.08 0.01
0.01 0.08 0.02
0.01 0.08 0.03
0.01 0.08 0.04
0.01 0.08 0.05
0.01 0.08 0.06
0.01 0.08 0.07
0.01 0.08 0.08
0.01 0.08 0.09
0.01 0.08 0.1
0.01 0.09 0.
0.01 0.09 0.01
0.01 0.09 0.02
0.01 0.09 0.03
0.01 0.09 0.04
0.01 0.09 0.05
0.01 0.09 0.06
0.01 0.09 0.07
0.01 0.09 0.08
0.01 0.09 0.09
0.01 0.09 0.1
0.01 0.1 0.
0.01 0.1 0.01
0.01 0.1 0.02
0.01 0.1 0.03
0.01 0.1 0.04
0.01 0.1 0.05
0.01 0.1 0.06
0.01 0.1 0.07
0.01 0.1 0.08
0.01 0.1 0.09
0.01 0.1 0.1
0.02 0. 0.
0.02 0. 0.01
0.02 0. 0.02
0.02 0. 0.03
0.02 0. 0.04
0.02 0. 0.05
0.02 0. 0.06
0.02 0. 0.07
0.02 0. 0.08
0.02 0. 0.09
0.02 0. 0.1
0.02 0.01 0.
0.02 0.01 0.01
0.02 0.01 0.02
0.02 0.01 0.03
0.02 0.01 0.04
0.02 0.01 0.05
0.02 0.01 0.06
0.02 0.01 0.07
0.02 0.01 0.08
0.02 0.01 0.09
0.02 0.01 0.1
0.02 0.02 0.
0.02 0.02 0.01
0.02 0.02 0.02
0.02 0.02 0.03
0.02 0.02 0.04
0.02 0.02 0.05
0.02 0.02 0.06
0.02 0.02 0.07
0.02 0.02 0.08
0.02 0.02 0.09
0.02 0.02 0.1
0.02 0.03 0.
0.02 0.03 0.01
0.02 0.03 0.02
0.02 0.03 0.03
0.02 0.03 0.04
0.02 0.03 0.05
0.02 0.03 0.06
0.02 0.03 0.07
0.02 0.03 0.08
0.02 0.03 0.09
0.02 0.03 0.1
0.02 0.04 0.
0.02 0.04 0.01
0.02 0.04 0.02
0.02 0.04 0.03
0.02 0.04 0.04
0.02 0.04 0.05
0.02 0.04 0.06
0.02 0.04 0.07
0.02 0.04 0.08
0.02 0.04 0.09
0.02 0.04 0.1
0.02 0.05 0.
0.02 0.05 0.01
0.02 0.05 0.02
0.02 0.05 0.03
0.02 0.05 0.04
0.02 0.05 0.05
0.02 0.05 0.06
0.02 0.05 0.07
0.02 0.05 0.08
0.02 0.05 0.09
0.02 0.05 0.1
0.02 0.06 0.
0.02 0.06 0.01
0.02 0.06 0.02
0.02 0.06 0.03
0.02 0.06 0.04
0.02 0.06 0.05
0.02 0.06 0.06
0.02 0.06 0.07
0.02 0.06 0.08
0.02 0.06 0.09
0.02 0.06 0.1
0.02 0.07 0.
0.02 0.07 0.01
0.02 0.07 0.02
0.02 0.07 0.03
0.02 0.07 0.04
0.02 0.07 0.05
0.02 0.07 0.06
0.02 0.07 0.07
0.02 0.07 0.08
0.02 0.07 0.09
0.02 0.07 0.1
0.02 0.08 0.
0.02 0.08 0.01
0.02 0.08 0.02
0.02 0.08 0.03
0.02 0.08 0.04
0.02 0.08 0.05
0.02 0.08 0.06
0.02 0.08 0.07
0.02 0.08 0.08
0.02 0.08 0.09
0.02 0.08 0.1
0.02 0.09 0.
0.02 0.09 0.01
0.02 0.09 0.02
0.02 0.09 0.03
0.02 0.09 0.04
0.02 0.09 0.05
0.02 0.09 0.06
0.02 0.09 0.07
0.02 0.09 0.08
0.02 0.09 0.09
0.02 0.09 0.1
0.02 0.1 0.
0.02 0.1 0.01
0.02 0.1 0.02
0.02 0.1 0.03
0.02 0.1 0.04
0.02 0.1 0.05
0.02 0.1 0.06
0.02 0.1 0.07
0.02 0.1 0.08
0.02 0.1 0.09
0.02 0.1 0.1
0.03 0. 0.
0.03 0. 0.01
0.03 0. 0.02
0.03 0. 0.03
0.03 0. 0.04
0.03 0. 0.05
0.03 0. 0.06
0.03 0. 0.07
0.03 0. 0.08
0.03 0. 0.09
0.03 0. 0.1
0.03 0.01 0.
0.03 0.01 0.01
0.03 0.01 0.02
0.03 0.01 0.03
0.03 0.01 0.04
0.03 0.01 0.05
0.03 0.01 0.06
0.03 0.01 0.07
0.03 0.01 0.08
0.03 0.01 0.09
0.03 0.01 0.1
0.03 0.02 0.
0.03 0.02 0.01
0.03 0.02 0.02
0.03 0.02 0.03
0.03 0.02 0.04
0.03 0.02 0.05
0.03 0.02 0.06
0.03 0.02 0.07
0.03 0.02 0.08
0.03 0.02 0.09
0.03 0.02 0.1
0.03 0.03 0.
0.03 0.03 0.01
0.03 0.03 0.02
0.03 0.03 0.03
0.03 0.03 0.04
0.03 0.03 0.05
0.03 0.03 0.06
0.03 0.03 0.07
0.03 0.03 0.08
0.03 0.03 0.09
0.03 0.03 0.1
0.03 0.04 0.
0.03 0.04 0.01
0.03 0.04 0.02
0.03 0.04 0.03
0.03 0.04 0.04
0.03 0.04 0.05
0.03 0.04 0.06
0.03 0.04 0.07
0.03 0.04 0.08
0.03 0.04 0.09
0.03 0.04 0.1
0.03 0.05 0.
0.03 0.05 0.01
0.03 0.05 0.02
0.03 0.05 0.03
0.03 0.05 0.04
0.03 0.05 0.05
0.03 0.05 0.06
0.03 0.05 0.07
0.03 0.05 0.08
0.03 0.05 0.09
0.03 0.05 0.1
0.03 0.06 0.
0.03 0.06 0.01
0.03 0.06 0.02
0.03 0.06 0.03
0.03 0.06 0.04
0.03 0.06 0.05
0.03 0.06 0.06
0.03 0.06 0.07
0.03 0.06 0.08
0.03 0.06 0.09
0.03 0.06 0.1
0.03 0.07 0.
0.03 0.07 0.01
0.03 0.07 0.02
0.03 0.07 0.03
0.03 0.07 0.04
0.03 0.07 0.05
0.03 0.07 0.06
0.03 0.07 0.07
0.03 0.07 0.08
0.03 0.07 0.09
0.03 0.07 0.1
0.03 0.08 0.
0.03 0.08 0.01
0.03 0.08 0.02
0.03 0.08 0.03
0.03 0.08 0.04
0.03 0.08 0.05
0.03 0.08 0.06
0.03 0.08 0.07
0.03 0.08 0.08
0.03 0.08 0.09
0.03 0.08 0.1
0.03 0.09 0.
0.03 0.09 0.01
0.03 0.09 0.02
0.03 0.09 0.03
0.03 0.09 0.04
0.03 0.09 0.05
0.03 0.09 0.06
0.03 0.09 0.07
0.03 0.09 0.08
0.03 0.09 0.09
0.03 0.09 0.1
0.03 0.1 0.
0.03 0.1 0.01
0.03 0.1 0.02
0.03 0.1 0.03
0.03 0.1 0.04
0.03 0.1 0.05
0.03 0.1 0.06
0.03 0.1 0.07
0.03 0.1 0.08
0.03 0.1 0.09
0.03 0.1 0.1
0.04 0. 0.
0.04 0. 0.01
0.04 0. 0.02
0.04 0. 0.03
0.04 0. 0.04
0.04 0. 0.05
0.04 0. 0.06
0.04 0. 0.07
0.04 0. 0.08
0.04 0. 0.09
0.04 0. 0.1
0.04 0.01 0.
0.04 0.01 0.01
0.04 0.01 0.02
0.04 0.01 0.03
0.04 0.01 0.04
0.04 0.01 0.05
0.04 0.01 0.06
0.04 0.01 0.07
0.04 0.01 0.08
0.04 0.01 0.09
0.04 0.01 0.1
0.04 0.02 0.
0.04 0.02 0.01
0.04 0.02 0.02
0.04 0.02 0.03
0.04 0.02 0.04
0.04 0.02 0.05
0.04 0.02 0.06
0.04 0.02 0.07
0.04 0.02 0.08
0.04 0.02 0.09
0.04 0.02 0.1
0.04 0.03 0.
0.04 0.03 0.01
0.04 0.03 0.02
0.04 0.03 0.03
0.04 0.03 0.04
0.04 0.03 0.05
0.04 0.03 0.06
0.04 0.03 0.07
0.04 0.03 0.08
0.04 0.03 0.09
0.04 0.03 0.1
0.04 0.04 0.
0.04 0.04 0.01
0.04 0.04 0.02
0.04 0.04 0.03
0.04 0.04 0.04
0.04 0.04 0.05
0.04 0.04 0.06
0.04 0.04 0.07
0.04 0.04 0.08
0.04 0.04 0.09
0.04 0.04 0.1
0.04 0.05 0.
0.04 0.05 0.01
0.04 0.05 0.02
0.04 0.05 0.03
0.04 0.05 0.04
0.04 0.05 0.05
0.04 0.05 0.06
0.04 0.05 0.07
0.04 0.05 0.08
0.04 0.05 0.09
0.04 0.05 0.1
0.04 0.06 0.
0.04 0.06 0.01
0.04 0.06 0.02
0.04 0.06 0.03
0.04 0.06 0.04
0.04 0.06 0.05
0.04 0.06 0.06
0.04 0.06 0.07
0.04 0.06 0.08
0.04 0.06 0.09
0.04 0.06 0.1
0.04 0.07 0.
0.04 0.07 0.01
0.04 0.07 0.02
0.04 0.07 0.03
0.04 0.07 0.04
0.04 0.07 0.05
0.04 0.07 0.06
0.04 0.07 0.07
0.04 0.07 0.08
0.04 0.07 0.09
0.04 0.07 0.1
0.04 0.08 0.
0.04 0.08 0.01
0.04 0.08 0.02
0.04 0.08 0.03
0.04 0.08 0.04
0.04 0.08 0.05
0.04 0.08 0.06
0.04 0.08 0.07
0.04 0.08 0.08
0.04 0.08 0.09
0.04 0.08 0.1
0.04 0.09 0.
0.04 0.09 0.01
0.04 0.09 0.02
0.04 0.09 0.03
0.04 0.09 0.04
0.04 0.09 0.05
0.04 0.09 0.06
0.04 0.09 0.07
0.04 0.09 0.08
0.04 0.09 0.09
0.04 0.09 0.1
0.04 0.1 0.
0.04 0.1 0.01
0.04 0.1 0.02
0.04 0.1 0.03
0.04 0.1 0.04
0.04 0.1 0.05
0.04 0.1 0.06
0.04 0.1 0.07
0.04 0.1 0.08
0.04 0.1 0.09
0.04 0.1 0.1
0.05 0. 0.
0.05 0. 0.01
0.05 0. 0.02
0.05 0. 0.03
0.05 0. 0.04
0.05 0. 0.05
0.05 0. 0.06
0.05 0. 0.07
0.05 0. 0.08
0.05 0. 0.09
0.05 0. 0.1
0.05 0.01 0.
0.05 0.01 0.01
0.05 0.01 0.02
0.05 0.01 0.03
0.05 0.01 0.04
0.05 0.01 0.05
0.05 0.01 0.06
0.05 0.01 0.07
0.05 0.01 0.08
0.05 0.01 0.09
0.05 0.01 0.1
0.05 0.02 0.
0.05 0.02 0.01
0.05 0.02 0.02
0.05 0.02 0.03
0.05 0.02 0.04
0.05 0.02 0.05
0.05 0.02 0.06
0.05 0.02 0.07
0.05 0.02 0.08
0.05 0.02 0.09
0.05 0.02 0.1
0.05 0.03 0.
0.05 0.03 0.01
0.05 0.03 0.02
0.05 0.03 0.03
0.05 0.03 0.04
0.05 0.03 0.05
0.05 0.03 0.06
0.05 0.03 0.07
0.05 0.03 0.08
0.05 0.03 0.09
0.05 0.03 0.1
0.05 0.04 0.
0.05 0.04 0.01
0.05 0.04 0.02
0.05 0.04 0.03
0.05 0.04 0.04
0.05 0.04 0.05
0.05 0.04 0.06
0.05 0.04 0.07
0.05 0.04 0.08
0.05 0.04 0.09
0.05 0.04 0.1
0.05 0.05 0.
0.05 0.05 0.01
0.05 0.05 0.02
0.05 0.05 0.03
0.05 0.05 0.04
0.05 0.05 0.05
0.05 0.05 0.06
0.05 0.05 0.07
0.05 0.05 0.08
0.05 0.05 0.09
0.05 0.05 0.1
0.05 0.06 0.
0.05 0.06 0.01
0.05 0.06 0.02
0.05 0.06 0.03
0.05 0.06 0.04
0.05 0.06 0.05
0.05 0.06 0.06
0.05 0.06 0.07
0.05 0.06 0.08
0.05 0.06 0.09
0.05 0.06 0.1
0.05 0.07 0.
0.05 0.07 0.01
0.05 0.07 0.02
0.05 0.07 0.03
0.05 0.07 0.04
0.05 0.07 0.05
0.05 0.07 0.06
0.05 0.07 0.07
0.05 0.07 0.08
0.05 0.07 0.09
0.05 0.07 0.1
0.05 0.08 0.
0.05 0.08 0.01
0.05 0.08 0.02
0.05 0.08 0.03
0.05 0.08 0.04
0.05 0.08 0.05
0.05 0.08 0.06
0.05 0.08 0.07
0.05 0.08 0.08
0.05 0.08 0.09
0.05 0.08 0.1
0.05 0.09 0.
0.05 0.09 0.01
0.05 0.09 0.02
0.05 0.09 0.03
0.05 0.09 0.04
0.05 0.09 0.05
0.05 0.09 0.06
0.05 0.09 0.07
0.05 0.09 0.08
0.05 0.09 0.09
0.05 0.09 0.1
0.05 0.1 0.
0.05 0.1 0.01
0.05 0.1 0.02
0.05 0.1 0.03
0.05 0.1 0.04
0.05 0.1 0.05
0.05 0.1 0.06
0.05 0.1 0.07
0.05 0.1 0.08
0.05 0.1 0.09
0.05 0.1 0.1
0.06 0. 0.
0.06 0. 0.01
0.06 0. 0.02
0.06 0. 0.03
0.06 0. 0.04
0.06 0. 0.05
0.06 0. 0.06
0.06 0. 0.07
0.06 0. 0.08
0.06 0. 0.09
0.06 0. 0.1
0.06 0.01 0.
0.06 0.01 0.01
0.06 0.01 0.02
0.06 0.01 0.03
0.06 0.01 0.04
0.06 0.01 0.05
0.06 0.01 0.06
0.06 0.01 0.07
0.06 0.01 0.08
0.06 0.01 0.09
0.06 0.01 0.1
0.06 0.02 0.
0.06 0.02 0.01
0.06 0.02 0.02
0.06 0.02 0.03
0.06 0.02 0.04
0.06 0.02 0.05
0.06 0.02 0.06
0.06 0.02 0.07
0.06 0.02 0.08
0.06 0.02 0.09
0.06 0.02 0.1
0.06 0.03 0.
0.06 0.03 0.01
0.06 0.03 0.02
0.06 0.03 0.03
0.06 0.03 0.04
0.06 0.03 0.05
0.06 0.03 0.06
0.06 0.03 0.07
0.06 0.03 0.08
0.06 0.03 0.09
0.06 0.03 0.1
0.06 0.04 0.
0.06 0.04 0.01
0.06 0.04 0.02
0.06 0.04 0.03
0.06 0.04 0.04
0.06 0.04 0.05
0.06 0.04 0.06
0.06 0.04 0.07
0.06 0.04 0.08
0.06 0.04 0.09
0.06 0.04 0.1
0.06 0.05 0.
0.06 0.05 0.01
0.06 0.05 0.02
0.06 0.05 0.03
0.06 0.05 0.04
0.06 0.05 0.05
0.06 0.05 0.06
0.06 0.05 0.07
0.06 0.05 0.08
0.06 0.05 0.09
0.06 0.05 0.1
0.06 0.06 0.
0.06 0.06 0.01
0.06 0.06 0.02
0.06 0.06 0.03
0.06 0.06 0.04
0.06 0.06 0.05
0.06 0.06 0.06
0.06 0.06 0.07
0.06 0.06 0.08
0.06 0.06 0.09
0.06 0.06 0.1
0.06 0.07 0.
0.06 0.07 0.01
0.06 0.07 0.02
0.06 0.07 0.03
0.06 0.07 0.04
0.06 0.07 0.05
0.06 0.07 0.06
0.06 0.07 0.07
0.06 0.07 0.08
0.06 0.07 0.09
0.06 0.07 0.1
0.06 0.08 0.
0.06 0.08 0.01
0.06 0.08 0.02
0.06 0.08 0.03
0.06 0.08 0.04
0.06 0.08 0.05
0.06 0.08 0.06
0.06 0.08 0.07
0.06 0.08 0.08
0.06 0.08 0.09
0.06 0.08 0.1
0.06 0.09 0.
0.06 0.09 0.01
0.06 0.09 0.02
0.06 0.09 0.03
0.06 0.09 0.04
0.06 0.09 0.05
0.06 0.09 0.06
0.06 0.09 0.07
0.06 0.09 0.08
0.06 0.09 0.09
0.06 0.09 0.1
0.06 0.1 0.
0.06 0.1 0.01
0.06 0.1 0.02
0.06 0.1 0.03
0.06 0.1 0.04
0.06 0.1 0.05
0.06 0.1 0.06
0.06 0.1 0.07
0.06 0.1 0.08
0.06 0.1 0.09
0.06 0.1 0.1
0.07 0. 0.
0.07 0. 0.01
0.07 0. 0.02
0.07 0. 0.03
0.07 0. 0.04
0.07 0. 0.05
0.07 0. 0.06
0.07 0. 0.07
0.07 0. 0.08
0.07 0. 0.09
0.07 0. 0.1
0.07 0.01 0.
0.07 0.01 0.01
0.07 0.01 0.02
0.07 0.01 0.03
0.07 0.01 0.04
0.07 0.01 0.05
0.07 0.01 0.06
0.07 0.01 0.07
0.07 0.01 0.08
0.07 0.01 0.09
0.07 0.01 0.1
0.07 0.02 0.
0.07 0.02 0.01
0.07 0.02 0.02
0.07 0.02 0.03
0.07 0.02 0.04
0.07 0.02 0.05
0.07 0.02 0.06
0.07 0.02 0.07
0.07 0.02 0.08
0.07 0.02 0.09
0.07 0.02 0.1
0.07 0.03 0.
0.07 0.03 0.01
0.07 0.03 0.02
0.07 0.03 0.03
0.07 0.03 0.04
0.07 0.03 0.05
0.07 0.03 0.06
0.07 0.03 0.07
0.07 0.03 0.08
0.07 0.03 0.09
0.07 0.03 0.1
0.07 0.04 0.
0.07 0.04 0.01
0.07 0.04 0.02
0.07 0.04 0.03
0.07 0.04 0.04
0.07 0.04 0.05
0.07 0.04 0.06
0.07 0.04 0.07
0.07 0.04 0.08
0.07 0.04 0.09
0.07 0.04 0.1
0.07 0.05 0.
0.07 0.05 0.01
0.07 0.05 0.02
0.07 0.05 0.03
0.07 0.05 0.04
0.07 0.05 0.05
0.07 0.05 0.06
0.07 0.05 0.07
0.07 0.05 0.08
0.07 0.05 0.09
0.07 0.05 0.1
0.07 0.06 0.
0.07 0.06 0.01
0.07 0.06 0.02
0.07 0.06 0.03
0.07 0.06 0.04
0.07 0.06 0.05
0.07 0.06 0.06
0.07 0.06 0.07
0.07 0.06 0.08
0.07 0.06 0.09
0.07 0.06 0.1
0.07 0.07 0.
0.07 0.07 0.01
0.07 0.07 0.02
0.07 0.07 0.03
0.07 0.07 0.04
0.07 0.07 0.05
0.07 0.07 0.06
0.07 0.07 0.07
0.07 0.07 0.08
0.07 0.07 0.09
0.07 0.07 0.1
0.07 0.08 0.
0.07 0.08 0.01
0.07 0.08 0.02
0.07 0.08 0.03
0.07 0.08 0.04
0.07 0.08 0.05
0.07 0.08 0.06
0.07 0.08 0.07
0.07 0.08 0.08
0.07 0.08 0.09
0.07 0.08 0.1
0.07 0.09 0.
0.07 0.09 0.01
0.07 0.09 0.02
0.07 0.09 0.03
0.07 0.09 0.04
0.07 0.09 0.05
0.07 0.09 0.06
0.07 0.09 0.07
0.07 0.09 0.08
0.07 0.09 0.09
0.07 0.09 0.1
0.07 0.1 0.
0.07 0.1 0.01
0.07 0.1 0.02
0.07 0.1 0.03
0.07 0.1 0.04
0.07 0.1 0.05
0.07 0.1 0.06
0.07 0.1 0.07
0.07 0.1 0.08
0.07 0.1 0.09
0.07 0.1 0.1
0.08 0. 0.
0.08 0. 0.01
0.08 0. 0.02
0.08 0. 0.03
0.08 0. 0.04
0.08 0. 0.05
0.08 0. 0.06
0.08 0. 0.07
0.08 0. 0.08
0.08 0. 0.09
0.08 0. 0.1
0.08 0.01 0.
0.08 0.01 0.01
0.08 0.01 0.02
0.08 0.01 0.03
0.08 0.01 0.04
0.08 0.01 0.05
0.08 0.01 0.06
0.08 0.01 0.07
0.08 0.01 0.08
0.08 0.01 0.09
0.08 0.01 0.1
0.08 0.02 0.
0.08 0.02 0.01
0.08 0.02 0.02
0.08 0.02 0.03
0.08 0.02 0.04
0.08 0.02 0.05
0.08 0.02 0.06
0.08 0.02 0.07
0.08 0.02 0.08
0.08 0.02 0.09
0.08 0.02 0.1
0.08 0.03 0.
0.08 0.03 0.01
0.08 0.03 0.02
0.08 0.03 0.03
0.08 0.03 0.04
0.08 0.03 0.05
0.08 0.03 0.06
0.08 0.03 0.07
0.08 0.03 0.08
0.08 0.03 0.09
0.08 0.03 0.1
0.08 0.04 0.
0.08 0.04 0.01
0.08 0.04 0.02
0.08 0.04 0.03
0.08 0.04 0.04
0.08 0.04 0.05
0.08 0.04 0.06
0.08 0.04 0.07
0.08 0.04 0.08
0.08 0.04 0.09
0.08 0.04 0.1
0.08 0.05 0.
0.08 0.05 0.01
0.08 0.05 0.02
0.08 0.05 0.03
0.08 0.05 0.04
0.08 0.05 0.05
0.08 0.05 0.06
0.08 0.05 0.07
0.08 0.05 0.08
0.08 0.05 0.09
0.08 0.05 0.1
0.08 0.06 0.
0.08 0.06 0.01
0.08 0.06 0.02
0.08 0.06 0.03
0.08 0.06 0.04
0.08 0.06 0.05
0.08 0.06 0.06
0.08 0.06 0.07
0.08 0.06 0.08
0.08 0.06 0.09
0.08 0.06 0.1
0.08 0.07 0.
0.08 0.07 0.01
0.08 0.07 0.02
0.08 0.07 0.03
0.08 0.07 0.04
0.08 0.07 0.05
0.08 0.07 0.06
0.08 0.07 0.07
0.08 0.07 0.08
0.08 0.07 0.09
0.08 0.07 0.1
0.08 0.08 0.
0.08 0.08 0.01
0.08 0.08 0.02
0.08 0.08 0.03
0.08 0.08 0.04
0.08 0.08 0.05
0.08 0.08 0.06
0.08 0.08 0.07
0.08 0.08 0.08
0.08 0.08 0.09
0.08 0.08 0.1
0.08 0.09 0.
0.08 0.09 0.01
0.08 0.09 0.02
0.08 0.09 0.03
0.08 0.09 0.04
0.08 0.09 0.05
0.08 0.09 0.06
0.08 0.09 0.07
0.08 0.09 0.08
0.08 0.09 0.09
0.08 0.09 0.1
0.08 0.1 0.
0.08 0.1 0.01
0.08 0.1 0.02
0.08 0.1 0.03
0.08 0.1 0.04
0.08 0.1 0.05
0.08 0.1 0.06
0.08 0.1 0.07
0.08 0.1 0.08
0.08 0.1 0.09
0.08 0.1 0.1
0.09 0. 0.
0.09 0. 0.01
0.09 0. 0.02
0.09 0. 0.03
0.09 0. 0.04
0.09 0. 0.05
0.09 0. 0.06
0.09 0. 0.07
0.09 0. 0.08
0.09 0. 0.09
0.09 0. 0.1
0.09 0.01 0.
0.09 0.01 0.01
0.09 0.01 0.02
0.09 0.01 0.03
0.09 0.01 0.04
0.09 0.01 0.05
0.09 0.01 0.06
0.09 0.01 0.07
0.09 0.01 0.08
0.09 0.01 0.09
0.09 0.01 0.1
0.09 0.02 0.
0.09 0.02 0.01
0.09 0.02 0.02
0.09 0.02 0.03
0.09 0.02 0.04
0.09 0.02 0.05
0.09 0.02 0.06
0.09 0.02 0.07
0.09 0.02 0.08
0.09 0.02 0.09
0.09 0.02 0.1
0.09 0.03 0.
0.09 0.03 0.01
0.09 0.03 0.02
0.09 0.03 0.03
0.09 0.03 0.04
0.09 0.03 0.05
0.09 0.03 0.06
0.09 0.03 0.07
0.09 0.03 0.08
0.09 0.03 0.09
0.09 0.03 0.1
0.09 0.04 0.
0.09 0.04 0.01
0.09 0.04 0.02
0.09 0.04 0.03
0.09 0.04 0.04
0.09 0.04 0.05
0.09 0.04 0.06
0.09 0.04 0.07
0.09 0.04 0.08
0.09 0.04 0.09
0.09 0.04 0.1
0.09 0.05 0.
0.09 0.05 0.01
0.09 0.05 0.02
0.09 0.05 0.03
0.09 0.05 0.04
0.09 0.05 0.05
0.09 0.05 0.06
0.09 0.05 0.07
0.09 0.05 0.08
0.09 0.05 0.09
0.09 0.05 0.1
0.09 0.06 0.
0.09 0.06 0.01
0.09 0.06 0.02
0.09 0.06 0.03
0.09 0.06 0.04
0.09 0.06 0.05
0.09 0.06 0.06
0.09 0.06 0.07
0.09 0.06 0.08
0.09 0.06 0.09
0.09 0.06 0.1
0.09 0.07 0.
0.09 0.07 0.01
0.09 0.07 0.02
0.09 0.07 0.03
0.09 0.07 0.04
0.09 0.07 0.05
0.09 0.07 0.06
0.09 0.07 0.07
0.09 0.07 0.08
0.09 0.07 0.09
0.09 0.07 0.1
0.09 0.08 0.
0.09 0.08 0.01
0.09 0.08 0.02
0.09 0.08 0.03
0.09 0.08 0.04
0.09 0.08 0.05
0.09 0.08 0.06
0.09 0.08 0.07
0.09 0.08 0.08
0.09 0.08 0.09
0.09 0.08 0.1
0.09 0.09 0.
0.09 0.09 0.01
0.09 0.09 0.02
0.09 0.09 0.03
0.09 0.09 0.04
0.09 0.09 0.05
0.09 0.09 0.06
0.09 0.09 0.07
0.09 0.09 0.08
0.09 0.09 0.09
0.09 0.09 0.1
0.09 0.1 0.
0.09 0.1 0.01
0.09 0.1 0.02
0.09 0.1 0.03
0.09 0.1 0.04
0.09 0.1 0.05
0.09 0.1 0.06
0.09 0.1 0.07
0.09 0.1 0.08
0.09 0.1 0.09
0.09 0.1 0.1
0.1 0. 0.
0.1 0. 0.01
0.1 0. 0.02
0.1 0. 0.03
0.1 0. 0.04
0.1 0. 0.05
0.1 0. 0.06
0.1 0. 0.07
0.1 0. 0.08
0.1 0. 0.09
0.1 0. 0.1
0.1 0.01 0.
0.1 0.01 0.01
0.1 0.01 0.02
0.1 0.01 0.03
0.1 0.01 0.04
0.1 0.01 0.05
0.1 0.01 0.06
0.1 0.01 0.07
0.1 0.01 0.08
0.1 0.01 0.09
0.1 0.01 0.1
0.1 0.02 0.
0.1 0.02 0.01
0.1 0.02 0.02
0.1 0.02 0.03
0.1 0.02 0.04
0.1 0.02 0.05
0.1 0.02 0.06
0.1 0.02 0.07
0.1 0.02 0.08
0.1 0.02 0.09
0.1 0.02 0.1
0.1 0.03 0.
0.1 0.03 0.01
0.1 0.03 0.02
0.1 0.03 0.03
0.1 0.03 0.04
0.1 0.03 0.05
0.1 0.03 0.06
0.1 0.03 0.07
0.1 0.03 0.08
0.1 0.03 0.09
0.1 0.03 0.1
0.1 0.04 0.
0.1 0.04 0.01
0.1 0.04 0.02
0.1 0.04 0.03
0.1 0.04 0.04
0.1 0.04 0.05
0.1 0.04 0.06
0.1 0.04 0.07
0.1 0.04 0.08
0.1 0.04 0.09
0.1 0.04 0.1
0.1 0.05 0.
0.1 0.05 0.01
0.1 0.05 0.02
0.1 0.05 0.03
0.1 0.05 0.04
0.1 0.05 0.05
0.1 0.05 0.06
0.1 0.05 0.07
0.1 0.05 0.08
0.1 0.05 0.09
0.1 0.05 0.1
0.1 0.06 0.
0.1 0.06 0.01
0.1 0.06 0.02
0.1 0.06 0.03
0.1 0.06 0.04
0.1 0.06 0.05
0.1 0.06 0.06
0.1 0.06 0.07
0.1 0.06 0.08
0.1 0.06 0.09
0.1 0.06 0.1
0.1 0.07 0.
0.1 0.07 0.01
0.1 0.07 0.02
0.1 0.07 0.03
0.1 0.07 0.04
0.1 0.07 0.05
0.1 0.07 0.06
0.1 0.07 0.07
0.1 0.07 0.08
0.1 0.07 0.09
0.1 0.07 0.1
0.1 0.08 0.
0.1 0.08 0.01
0.1 0.08 0.02
0.1 0.08 0.03
0.1 0.08 0.04
0.1 0.08 0.05
0.1 0.08 0.06
0.1 0.08 0.07
0.1 0.08 0.08
0.1 0.08 0.09
0.1 0.08 0.1
0.1 0.09 0.
0.1 0.09 0.01
0.1 0.09 0.02
0.1 0.09 0.03
0.1 0.09 0.04
0.1 0.09 0.05
0.1 0.09 0.06
0.1 0.09 0.07
0.1 0.09 0.08
0.1 0.09 0.09
0.1 0.09 0.1
0.1 0.1 0.
0.1 0.1 0.01
0.1 0.1 0.02
0.1 0.1 0.03
0.1 0.1 0.04
0.1 0.1 0.05
0.1 0.1 0.06
0.1 0.1 0.07
0.1 0.1 0.08
0.1 0.1 0.09
0.1 0.1 0.1
0.11 0. 0.
0.11 0. 0.01
0.11 0. 0.02
0.11 0. 0.03
0.11 0. 0.04
0.11 0. 0.05
0.11 0. 0.06
0.11 0. 0.07
0.11 0. 0.08
0.11 0. 0.09
0.11 0. 0.1
0.11 0.01 0.
0.11 0.01 0.01
0.11 0.01 0.02
0.11 0.01 0.03
0.11 0.01 0.04
0.11 0.01 0.05
0.11 0.01 0.06
0.11 0.01 0.07
0.11 0.01 0.08
0.11 0.01 0.09
0.11 0.01 0.1
0.11 0.02 0.
0.11 0.02 0.01
0.11 0.02 0.02
0.11 0.02 0.03
0.11 0.02 0.04
0.11 0.02 0.05
0.11 0.02 0.06
0.11 0.02 0.07
0.11 0.02 0.08
0.11 0.02 0.09
0.11 0.02 0.1
0.11 0.03 0.
0.11 0.03 0.01
0.11 0.03 0.02
0.11 0.03 0.03
0.11 0.03 0.04
0.11 0.03 0.05
0.11 0.03 0.06
0.11 0.03 0.07
0.11 0.03 0.08
0.11 0.03 0.09
0.11 0.03 0.1
0.11 0.04 0.
0.11 0.04 0.01
0.11 0.04 0.02
0.11 0.04 0.03
0.11 0.04 0.04
0.11 0.04 0.05
0.11 0.04 0.06
0.11 0.04 0.07
0.11 0.04 0.08
0.11 0.04 0.09
0.11 0.04 0.1
0.11 0.05 0.
0.11 0.05 0.01
0.11 0.05 0.02
0.11 0.05 0.03
0.11 0.05 0.04
0.11 0.05 0.05
0.11 0.05 0.06
0.11 0.05 0.07
0.11 0.05 0.08
0.11 0.05 0.09
0.11 0.05 0.1
0.11 0.06 0.
0.11 0.06 0.01
0.11 0.06 0.02
0.11 0.06 0.03
0.11 0.06 0.04
0.11 0.06 0.05
0.11 0.06 0.06
0.11 0.06 0.07
0.11 0.06 0.08
0.11 0.06 0.09
0.11 0.06 0.1
0.11 0.07 0.
0.11 0.07 0.01
0.11 0.07 0.02
0.11 0.07 0.03
0.11 0.07 0.04
0.11 0.07 0.05
0.11 0.07 0.06
0.11 0.07 0.07
0.11 0.07 0.08
0.11 0.07 0.09
0.11 0.07 0.1
0.11 0.08 0.
0.11 0.08 0.01
0.11 0.08 0.02
0.11 0.08 0.03
0.11 0.08 0.04
0.11 0.08 0.05
0.11 0.08 0.06
0.11 0.08 0.07
0.11 0.08 0.08
0.11 0.08 0.09
0.11 0.08 0.1
0.11 0.09 0.
0.11 0.09 0.01
0.11 0.09 0.02
0.11 0.09 0.03
0.11 0.09 0.04
0.11 0.09 0.05
0.11 0.09 0.06
0.11 0.09 0.07
0.11 0.09 0.08
0.11 0.09 0.09
0.11 0.09 0.1
0.11 0.1 0.
0.11 0.1 0.01
0.11 0.1 0.02
0.11 0.1 0.03
0.11 0.1 0.04
0.11 0.1 0.05
0.11 0.1 0.06
0.11 0.1 0.07
0.11 0.1 0.08
0.11 0.1 0.09
0.11 0.1 0.1
0.12 0. 0.
0.12 0. 0.01
0.12 0. 0.02
0.12 0. 0.03
0.12 0. 0.04
0.12 0. 0.05
0.12 0. 0.06
0.12 0. 0.07
0.12 0. 0.08
0.12 0. 0.09
0.12 0. 0.1
0.12 0.01 0.
0.12 0.01 0.01
0.12 0.01 0.02
0.12 0.01 0.03
0.12 0.01 0.04
0.12 0.01 0.05
0.12 0.01 0.06
0.12 0.01 0.07
0.12 0.01 0.08
0.12 0.01 0.09
0.12 0.01 0.1
0.12 0.02 0.
0.12 0.02 0.01
0.12 0.02 0.02
0.12 0.02 0.03
0.12 0.02 0.04
0.12 0.02 0.05
0.12 0.02 0.06
0.12 0.02 0.07
0.12 0.02 0.08
0.12 0.02 0.09
0.12 0.02 0.1
0.12 0.03 0.
0.12 0.03 0.01
0.12 0.03 0.02
0.12 0.03 0.03
0.12 0.03 0.04
0.12 0.03 0.05
0.12 0.03 0.06
0.12 0.03 0.07
0.12 0.03 0.08
0.12 0.03 0.09
0.12 0.03 0.1
0.12 0.04 0.
0.12 0.04 0.01
0.12 0.04 0.02
0.12 0.04 0.03
0.12 0.04 0.04
0.12 0.04 0.05
0.12 0.04 0.06
0.12 0.04 0.07
0.12 0.04 0.08
0.12 0.04 0.09
0.12 0.04 0.1
0.12 0.05 0.
0.12 0.05 0.01
0.12 0.05 0.02
0.12 0.05 0.03
0.12 0.05 0.04
0.12 0.05 0.05
0.12 0.05 0.06
0.12 0.05 0.07
0.12 0.05 0.08
0.12 0.05 0.09
0.12 0.05 0.1
0.12 0.06 0.
0.12 0.06 0.01
0.12 0.06 0.02
0.12 0.06 0.03
0.12 0.06 0.04
0.12 0.06 0.05
0.12 0.06 0.06
0.12 0.06 0.07
0.12 0.06 0.08
0.12 0.06 0.09
0.12 0.06 0.1
0.12 0.07 0.
0.12 0.07 0.01
0.12 0.07 0.02
0.12 0.07 0.03
0.12 0.07 0.04
0.12 0.07 0.05
0.12 0.07 0.06
0.12 0.07 0.07
0.12 0.07 0.08
0.12 0.07 0.09
0.12 0.07 0.1
0.12 0.08 0.
0.12 0.08 0.01
0.12 0.08 0.02
0.12 0.08 0.03
0.12 0.08 0.04
0.12 0.08 0.05
0.12 0.08 0.06
0.12 0.08 0.07
0.12 0.08 0.08
0.12 0.08 0.09
0.12 0.08 0.1
0.12 0.09 0.
0.12 0.09 0.01
0.12 0.09 0.02
0.12 0.09 0.03
0.12 0.09 0.04
0.12 0.09 0.05
0.12 0.09 0.06
0.12 0.09 0.07
0.12 0.09 0.08
0.12 0.09 0.09
0.12 0.09 0.1
0.12 0.1 0.
0.12 0.1 0.01
0.12 0.1 0.02
0.12 0.1 0.03
0.12 0.1 0.04
0.12 0.1 0.05
0.12 0.1 0.06
0.12 0.1 0.07
0.12 0.1 0.08
0.12 0.1 0.09
0.12 0.1 0.1
0.13 0. 0.
0.13 0. 0.01
0.13 0. 0.02
0.13 0. 0.03
0.13 0. 0.04
0.13 0. 0.05
0.13 0. 0.06
0.13 0. 0.07
0.13 0. 0.08
0.13 0. 0.09
0.13 0. 0.1
0.13 0.01 0.
0.13 0.01 0.01
0.13 0.01 0.02
0.13 0.01 0.03
0.13 0.01 0.04
0.13 0.01 0.05
0.13 0.01 0.06
0.13 0.01 0.07
0.13 0.01 0.08
0.13 0.01 0.09
0.13 0.01 0.1
0.13 0.02 0.
0.13 0.02 0.01
0.13 0.02 0.02
0.13 0.02 0.03
0.13 0.02 0.04
0.13 0.02 0.05
0.13 0.02 0.06
0.13 0.02 0.07
0.13 0.02 0.08
0.13 0.02 0.09
0.13 0.02 0.1
0.13 0.03 0.
0.13 0.03 0.01
0.13 0.03 0.02
0.13 0.03 0.03
0.13 0.03 0.04
0.13 0.03 0.05
0.13 0.03 0.06
0.13 0.03 0.07
0.13 0.03 0.08
0.13 0.03 0.09
0.13 0.03 0.1
0.13 0.04 0.
0.13 0.04 0.01
0.13 0.04 0.02
0.13 0.04 0.03
0.13 0.04 0.04
0.13 0.04 0.05
0.13 0.04 0.06
0.13 0.04 0.07
0.13 0.04 0.08
0.13 0.04 0.09
0.13 0.04 0.1
0.13 0.05 0.
0.13 0.05 0.01
0.13 0.05 0.02
0.13 0.05 0.03
0.13 0.05 0.04
0.13 0.05 0.05
0.13 0.05 0.06
0.13 0.05 0.07
0.13 0.05 0.08
0.13 0.05 0.09
0.13 0.05 0.1
0.13 0.06 0.
0.13 0.06 0.01
0.13 0.06 0.02
0.13 0.06 0.03
0.13 0.06 0.04
0.13 0.06 0.05
0.13 0.06 0.06
0.13 0.06 0.07
0.13 0.06 0.08
0.13 0.06 0.09
0.13 0.06 0.1
0.13 0.07 0.
0.13 0.07 0.01
0.13 0.07 0.02
0.13 0.07 0.03
0.13 0.07 0.04
0.13 0.07 0.05
0.13 0.07 0.06
0.13 0.07 0.07
0.13 0.07 0.08
0.13 0.07 0.09
0.13 0.07 0.1
0.13 0.08 0.
0.13 0.08 0.01
0.13 0.08 0.02
0.13 0.08 0.03
0.13 0.08 0.04
0.13 0.08 0.05
0.13 0.08 0.06
0.13 0.08 0.07
0.13 0.08 0.08
0.13 0.08 0.09
0.13 0.08 0.1
0.13 0.09 0.
0.13 0.09 0.01
0.13 0.09 0.02
0.13 0.09 0.03
0.13 0.09 0.04
0.13 0.09 0.05
0.13 0.09 0.06
0.13 0.09 0.07
0.13 0.09 0.08
0.13 0.09 0.09
0.13 0.09 0.1
0.13 0.1 0.
0.13 0.1 0.01
0.13 0.1 0.02
0.13 0.1 0.03
0.13 0.1 0.04
0.13 0.1 0.05
0.13 0.1 0.06
0.13 0.1 0.07
0.13 0.1 0.08
0.13 0.1 0.09
0.13 0.1 0.1
0.14 0. 0.
0.14 0. 0.01
0.14 0. 0.02
0.14 0. 0.03
0.14 0. 0.04
0.14 0. 0.05
0.14 0. 0.06
0.14 0. 0.07
0.14 0. 0.08
0.14 0. 0.09
0.14 0. 0.1
0.14 0.01 0.
0.14 0.01 0.01
0.14 0.01 0.02
0.14 0.01 0.03
0.14 0.01 0.04
0.14 0.01 0.05
0.14 0.01 0.06
0.14 0.01 0.07
0.14 0.01 0.08
0.14 0.01 0.09
0.14 0.01 0.1
0.14 0.02 0.
0.14 0.02 0.01
0.14 0.02 0.02
0.14 0.02 0.03
0.14 0.02 0.04
0.14 0.02 0.05
0.14 0.02 0.06
0.14 0.02 0.07
0.14 0.02 0.08
0.14 0.02 0.09
0.14 0.02 0.1
0.14 0.03 0.
0.14 0.03 0.01
0.14 0.03 0.02
0.14 0.03 0.03
0.14 0.03 0.04
0.14 0.03 0.05
0.14 0.03 0.06
0.14 0.03 0.07
0.14 0.03 0.08
0.14 0.03 0.09
0.14 0.03 0.1
0.14 0.04 0.
0.14 0.04 0.01
0.14 0.04 0.02
0.14 0.04 0.03
0.14 0.04 0.04
0.14 0.04 0.05
0.14 0.04 0.06
0.14 0.04 0.07
0.14 0.04 0.08
0.14 0.04 0.09
0.14 0.04 0.1
0.14 0.05 0.
0.14 0.05 0.01
0.14 0.05 0.02
0.14 0.05 0.03
0.14 0.05 0.04
0.14 0.05 0.05
0.14 0.05 0.06
0.14 0.05 0.07
0.14 0.05 0.08
0.14 0.05 0.09
0.14 0.05 0.1
0.14 0.06 0.
0.14 0.06 0.01
0.14 0.06 0.02
0.14 0.06 0.03
0.14 0.06 0.04
0.14 0.06 0.05
0.14 0.06 0.06
0.14 0.06 0.07
0.14 0.06 0.08
0.14 0.06 0.09
0.14 0.06 0.1
0.14 0.07 0.
0.14 0.07 0.01
0.14 0.07 0.02
0.14 0.07 0.03
0.14 0.07 0.04
0.14 0.07 0.05
0.14 0.07 0.06
0.14 0.07 0.07
0.14 0.07 0.08
0.14 0.07 0.09
0.14 0.07 0.1
0.14 0.08 0.
0.14 0.08 0.01
0.14 0.08 0.02
0.14 0.08 0.03
0.14 0.08 0.04
0.14 0.08 0.05
0.14 0.08 0.06
0.14 0.08 0.07
0.14 0.08 0.08
0.14 0.08 0.09
0.14 0.08 0.1
0.14 0.09 0.
0.14 0.09 0.01
0.14 0.09 0.02
0.14 0.09 0.03
0.14 0.09 0.04
0.14 0.09 0.05
0.14 0.09 0.06
0.14 0.09 0.07
0.14 0.09 0.08
0.14 0.09 0.09
0.14 0.09 0.1
0.14 0.1 0.
0.14 0.1 0.01
0.14 0.1 0.02
0.14 0.1 0.03
0.14 0.1 0.04
0.14 0.1 0.05
0.14 0.1 0.06
0.14 0.1 0.07
0.14 0.1 0.08
0.14 0.1 0.09
0.14 0.1 0.1
0.15 0. 0.
0.15 0. 0.01
0.15 0. 0.02
0.15 0. 0.03
0.15 0. 0.04
0.15 0. 0.05
0.15 0. 0.06
0.15 0. 0.07
0.15 0. 0.08
0.15 0. 0.09
0.15 0. 0.1
0.15 0.01 0.
0.15 0.01 0.01
0.15 0.01 0.02
0.15 0.01 0.03
0.15 0.01 0.04
0.15 0.01 0.05
0.15 0.01 0.06
0.15 0.01 0.07
0.15 0.01 0.08
0.15 0.01 0.09
0.15 0.01 0.1
0.15 0.02 0.
0.15 0.02 0.01
0.15 0.02 0.02
0.15 0.02 0.03
0.15 0.02 0.04
0.15 0.02 0.05
0.15 0.02 0.06
0.15 0.02 0.07
0.15 0.02 0.08
0.15 0.02 0.09
0.15 0.02 0.1
0.15 0.03 0.
0.15 0.03 0.01
0.15 0.03 0.02
0.15 0.03 0.03
0.15 0.03 0.04
0.15 0.03 0.05
0.15 0.03 0.06
0.15 0.03 0.07
0.15 0.03 0.08
0.15 0.03 0.09
0.15 0.03 0.1
0.15 0.04 0.
0.15 0.04 0.01
0.15 0.04 0.02
0.15 0.04 0.03
0.15 0.04 0.04
0.15 0.04 0.05
0.15 0.04 0.06
0.15 0.04 0.07
0.15 0.04 0.08
0.15 0.04 0.09
0.15 0.04 0.1
0.15 0.05 0.
0.15 0.05 0.01
0.15 0.05 0.02
0.15 0.05 0.03
0.15 0.05 0.04
0.15 0.05 0.05
0.15 0.05 0.06
0.15 0.05 0.07
0.15 0.05 0.08
0.15 0.05 0.09
0.15 0.05 0.1
0.15 0.06 0.
0.15 0.06 0.01
0.15 0.06 0.02
0.15 0.06 0.03
0.15 0.06 0.04
0.15 0.06 0.05
0.15 0.06 0.06
0.15 0.06 0.07
0.15 0.06 0.08
0.15 0.06 0.09
0.15 0.06 0.1
0.15 0.07 0.
0.15 0.07 0.01
0.15 0.07 0.02
0.15 0.07 0.03
0.15 0.07 0.04
0.15 0.07 0.05
0.15 0.07 0.06
0.15 0.07 0.07
0.15 0.07 0.08
0.15 0.07 0.09
0.15 0.07 0.1
0.15 0.08 0.
0.15 0.08 0.01
0.15 0.08 0.02
0.15 0.08 0.03
0.15 0.08 0.04
0.15 0.08 0.05
0.15 0.08 0.06
0.15 0.08 0.07
0.15 0.08 0.08
0.15 0.08 0.09
0.15 0.08 0.1
0.15 0.09 0.
0.15 0.09 0.01
0.15 0.09 0.02
0.15 0.09 0.03
0.15 0.09 0.04
0.15 0.09 0.05
0.15 0.09 0.06
0.15 0.09 0.07
0.15 0.09 0.08
0.15 0.09 0.09
0.15 0.09 0.1
0.15 0.1 0.
0.15 0.1 0.01
0.15 0.1 0.02
0.15 0.1 0.03
0.15 0.1 0.04
0.15 0.1 0.05
0.15 0.1 0.06
0.15 0.1 0.07
0.15 0.1 0.08
0.15 0.1 0.09
0.15 0.1 0.1
0.16 0. 0.
0.16 0. 0.01
0.16 0. 0.02
0.16 0. 0.03
0.16 0. 0.04
0.16 0. 0.05
0.16 0. 0.06
0.16 0. 0.07
0.16 0. 0.08
0.16 0. 0.09
0.16 0. 0.1
0.16 0.01 0.
0.16 0.01 0.01
0.16 0.01 0.02
0.16 0.01 0.03
0.16 0.01 0.04
0.16 0.01 0.05
0.16 0.01 0.06
0.16 0.01 0.07
0.16 0.01 0.08
0.16 0.01 0.09
0.16 0.01 0.1
0.16 0.02 0.
0.16 0.02 0.01
0.16 0.02 0.02
0.16 0.02 0.03
0.16 0.02 0.04
0.16 0.02 0.05
0.16 0.02 0.06
0.16 0.02 0.07
0.16 0.02 0.08
0.16 0.02 0.09
0.16 0.02 0.1
0.16 0.03 0.
0.16 0.03 0.01
0.16 0.03 0.02
0.16 0.03 0.03
0.16 0.03 0.04
0.16 0.03 0.05
0.16 0.03 0.06
0.16 0.03 0.07
0.16 0.03 0.08
0.16 0.03 0.09
0.16 0.03 0.1
0.16 0.04 0.
0.16 0.04 0.01
0.16 0.04 0.02
0.16 0.04 0.03
0.16 0.04 0.04
0.16 0.04 0.05
0.16 0.04 0.06
0.16 0.04 0.07
0.16 0.04 0.08
0.16 0.04 0.09
0.16 0.04 0.1
0.16 0.05 0.
0.16 0.05 0.01
0.16 0.05 0.02
0.16 0.05 0.03
0.16 0.05 0.04
0.16 0.05 0.05
0.16 0.05 0.06
0.16 0.05 0.07
0.16 0.05 0.08
0.16 0.05 0.09
0.16 0.05 0.1
0.16 0.06 0.
0.16 0.06 0.01
0.16 0.06 0.02
0.16 0.06 0.03
0.16 0.06 0.04
0.16 0.06 0.05
0.16 0.06 0.06
0.16 0.06 0.07
0.16 0.06 0.08
0.16 0.06 0.09
0.16 0.06 0.1
0.16 0.07 0.
0.16 0.07 0.01
0.16 0.07 0.02
0.16 0.07 0.03
0.16 0.07 0.04
0.16 0.07 0.05
0.16 0.07 0.06
0.16 0.07 0.07
0.16 0.07 0.08
0.16 0.07 0.09
0.16 0.07 0.1
0.16 0.08 0.
0.16 0.08 0.01
0.16 0.08 0.02
0.16 0.08 0.03
0.16 0.08 0.04
0.16 0.08 0.05
0.16 0.08 0.06
0.16 0.08 0.07
0.16 0.08 0.08
0.16 0.08 0.09
0.16 0.08 0.1
0.16 0.09 0.
0.16 0.09 0.01
0.16 0.09 0.02
0.16 0.09 0.03
0.16 0.09 0.04
0.16 0.09 0.05
0.16 0.09 0.06
0.16 0.09 0.07
0.16 0.09 0.08
0.16 0.09 0.09
0.16 0.09 0.1
0.16 0.1 0.
0.16 0.1 0.01
0.16 0.1 0.02
0.16 0.1 0.03
0.16 0.1 0.04
0.16 0.1 0.05
0.16 0.1 0.06
0.16 0.1 0.07
0.16 0.1 0.08
0.16 0.1 0.09
0.16 0.1 0.1
0.17 0. 0.
0.17 0. 0.01
0.17 0. 0.02
0.17 0. 0.03
0.17 0. 0.04
0.17 0. 0.05
0.17 0. 0.06
0.17 0. 0.07
0.17 0. 0.08
0.17 0. 0.09
0.17 0. 0.1
0.17 0.01 0.
0.17 0.01 0.01
0.17 0.01 0.02
0.17 0.01 0.03
0.17 0.01 0.04
0.17 0.01 0.05
0.17 0.01 0.06
0.17 0.01 0.07
0.17 0.01 0.08
0.17 0.01 0.09
0.17 0.01 0.1
0.17 0.02 0.
0.17 0.02 0.01
0.17 0.02 0.02
0.17 0.02 0.03
0.17 0.02 0.04
0.17 0.02 0.05
0.17 0.02 0.06
0.17 0.02 0.07
0.17 0.02 0.08
0.17 0.02 0.09
0.17 0.02 0.1
0.17 0.03 0.
0.17 0.03 0.01
0.17 0.03 0.02
0.17 0.03 0.03
0.17 0.03 0.04
0.17 0.03 0.05
0.17 0.03 0.06
0.17 0.03 0.07
0.17 0.03 0.08
0.17 0.03 0.09
0.17 0.03 0.1
0.17 0.04 0.
0.17 0.04 0.01
0.17 0.04 0.02
0.17 0.04 0.03
0.17 0.04 0.04
0.17 0.04 0.05
0.17 0.04 0.06
0.17 0.04 0.07
0.17 0.04 0.08
0.17 0.04 0.09
0.17 0.04 0.1
0.17 0.05 0.
0.17 0.05 0.01
0.17 0.05 0.02
0.17 0.05 0.03
0.17 0.05 0.04
0.17 0.05 0.05
0.17 0.05 0.06
0.17 0.05 0.07
0.17 0.05 0.08
0.17 0.05 0.09
0.17 0.05 0.1
0.17 0.06 0.
0.17 0.06 0.01
0.17 0.06 0.02
0.17 0.06 0.03
0.17 0.06 0.04
0.17 0.06 0.05
0.17 0.06 0.06
0.17 0.06 0.07
0.17 0.06 0.08
0.17 0.06 0.09
0.17 0.06 0.1
0.17 0.07 0.
0.17 0.07 0.01
0.17 0.07 0.02
0.17 0.07 0.03
0.17 0.07 0.04
0.17 0.07 0.05
0.17 0.07 0.06
0.17 0.07 0.07
0.17 0.07 0.08
0.17 0.07 0.09
0.17 0.07 0.1
0.17 0.08 0.
0.17 0.08 0.01
0.17 0.08 0.02
0.17 0.08 0.03
0.17 0.08 0.04
0.17 0.08 0.05
0.17 0.08 0.06
0.17 0.08 0.07
0.17 0.08 0.08
0.17 0.08 0.09
0.17 0.08 0.1
0.17 0.09 0.
0.17 0.09 0.01
0.17 0.09 0.02
0.17 0.09 0.03
0.17 0.09 0.04
0.17 0.09 0.05
0.17 0.09 0.06
0.17 0.09 0.07
0.17 0.09 0.08
0.17 0.09 0.09
0.17 0.09 0.1
0.17 0.1 0.
0.17 0.1 0.01
0.17 0.1 0.02
0.17 0.1 0.03
0.17 0.1 0.04
0.17 0.1 0.05
0.17 0.1 0.06
0.17 0.1 0.07
0.17 0.1 0.08
0.17 0.1 0.09
0.17 0.1 0.1
0.18 0. 0.
0.18 0. 0.01
0.18 0. 0.02
0.18 0. 0.03
0.18 0. 0.04
0.18 0. 0.05
0.18 0. 0.06
0.18 0. 0.07
0.18 0. 0.08
0.18 0. 0.09
0.18 0. 0.1
0.18 0.01 0.
0.18 0.01 0.01
0.18 0.01 0.02
0.18 0.01 0.03
0.18 0.01 0.04
0.18 0.01 0.05
0.18 0.01 0.06
0.18 0.01 0.07
0.18 0.01 0.08
0.18 0.01 0.09
0.18 0.01 0.1
0.18 0.02 0.
0.18 0.02 0.01
0.18 0.02 0.02
0.18 0.02 0.03
0.18 0.02 0.04
0.18 0.02 0.05
0.18 0.02 0.06
0.18 0.02 0.07
0.18 0.02 0.08
0.18 0.02 0.09
0.18 0.02 0.1
0.18 0.03 0.
0.18 0.03 0.01
0.18 0.03 0.02
0.18 0.03 0.03
0.18 0.03 0.04
0.18 0.03 0.05
0.18 0.03 0.06
0.18 0.03 0.07
0.18 0.03 0.08
0.18 0.03 0.09
0.18 0.03 0.1
0.18 0.04 0.
0.18 0.04 0.01
0.18 0.04 0.02
0.18 0.04 0.03
0.18 0.04 0.04
0.18 0.04 0.05
0.18 0.04 0.06
0.18 0.04 0.07
0.18 0.04 0.08
0.18 0.04 0.09
0.18 0.04 0.1
0.18 0.05 0.
0.18 0.05 0.01
0.18 0.05 0.02
0.18 0.05 0.03
0.18 0.05 0.04
0.18 0.05 0.05
0.18 0.05 0.06
0.18 0.05 0.07
0.18 0.05 0.08
0.18 0.05 0.09
0.18 0.05 0.1
0.18 0.06 0.
0.18 0.06 0.01
0.18 0.06 0.02
0.18 0.06 0.03
0.18 0.06 0.04
0.18 0.06 0.05
0.18 0.06 0.06
0.18 0.06 0.07
0.18 0.06 0.08
0.18 0.06 0.09
0.18 0.06 0.1
0.18 0.07 0.
0.18 0.07 0.01
0.18 0.07 0.02
0.18 0.07 0.03
0.18 0.07 0.04
0.18 0.07 0.05
0.18 0.07 0.06
0.18 0.07 0.07
0.18 0.07 0.08
0.18 0.07 0.09
0.18 0.07 0.1
0.18 0.08 0.
0.18 0.08 0.01
0.18 0.08 0.02
0.18 0.08 0.03
0.18 0.08 0.04
0.18 0.08 0.05
0.18 0.08 0.06
0.18 0.08 0.07
0.18 0.08 0.08
0.18 0.08 0.09
0.18 0.08 0.1
0.18 0.09 0.
0.18 0.09 0.01
0.18 0.09 0.02
0.18 0.09 0.03
0.18 0.09 0.04
0.18 0.09 0.05
0.18 0.09 0.06
0.18 0.09 0.07
0.18 0.09 0.08
0.18 0.09 0.09
0.18 0.09 0.1
0.18 0.1 0.
0.18 0.1 0.01
0.18 0.1 0.02
0.18 0.1 0.03
0.18 0.1 0.04
0.18 0.1 0.05
0.18 0.1 0.06
0.18 0.1 0.07
0.18 0.1 0.08
0.18 0.1 0.09
0.18 0.1 0.1
0.19 0. 0.
0.19 0. 0.01
0.19 0. 0.02
0.19 0. 0.03
0.19 0. 0.04
0.19 0. 0.05
0.19 0. 0.06
0.19 0. 0.07
0.19 0. 0.08
0.19 0. 0.09
0.19 0. 0.1
0.19 0.01 0.
0.19 0.01 0.01
0.19 0.01 0.02
0.19 0.01 0.03
0.19 0.01 0.04
0.19 0.01 0.05
0.19 0.01 0.06
0.19 0.01 0.07
0.19 0.01 0.08
0.19 0.01 0.09
0.19 0.01 0.1
0.19 0.02 0.
0.19 0.02 0.01
0.19 0.02 0.02
0.19 0.02 0.03
0.19 0.02 0.04
0.19 0.02 0.05
0.19 0.02 0.06
0.19 0.02 0.07
0.19 0.02 0.08
0.19 0.02 0.09
0.19 0.02 0.1
0.19 0.03 0.
0.19 0.03 0.01
0.19 0.03 0.02
0.19 0.03 0.03
0.19 0.03 0.04
0.19 0.03 0.05
0.19 0.03 0.06
0.19 0.03 0.07
0.19 0.03 0.08
0.19 0.03 0.09
0.19 0.03 0.1
0.19 0.04 0.
0.19 0.04 0.01
0.19 0.04 0.02
0.19 0.04 0.03
0.19 0.04 0.04
0.19 0.04 0.05
0.19 0.04 0.06
0.19 0.04 0.07
0.19 0.04 0.08
0.19 0.04 0.09
0.19 0.04 0.1
0.19 0.05 0.
0.19 0.05 0.01
0.19 0.05 0.02
0.19 0.05 0.03
0.19 0.05 0.04
0.19 0.05 0.05
0.19 0.05 0.06
0.19 0.05 0.07
0.19 0.05 0.08
0.19 0.05 0.09
0.19 0.05 0.1
0.19 0.06 0.
0.19 0.06 0.01
0.19 0.06 0.02
0.19 0.06 0.03
0.19 0.06 0.04
0.19 0.06 0.05
0.19 0.06 0.06
0.19 0.06 0.07
0.19 0.06 0.08
0.19 0.06 0.09
0.19 0.06 0.1
0.19 0.07 0.
0.19 0.07 0.01
0.19 0.07 0.02
0.19 0.07 0.03
0.19 0.07 0.04
0.19 0.07 0.05
0.19 0.07 0.06
0.19 0.07 0.07
0.19 0.07 0.08
0.19 0.07 0.09
0.19 0.07 0.1
0.19 0.08 0.
0.19 0.08 0.01
0.19 0.08 0.02
0.19 0.08 0.03
0.19 0.08 0.04
0.19 0.08 0.05
0.19 0.08 0.06
0.19 0.08 0.07
0.19 0.08 0.08
0.19 0.08 0.09
0.19 0.08 0.1
0.19 0.09 0.
0.19 0.09 0.01
0.19 0.09 0.02
0.19 0.09 0.03
0.19 0.09 0.04
0.19 0.09 0.05
0.19 0.09 0.06
0.19 0.09 0.07
0.19 0.09 0.08
0.19 0.09 0.09
0.19 0.09 0.1
0.19 0.1 0.
0.19 0.1 0.01
0.19 0.1 0.02
0.19 0.1 0.03
0.19 0.1 0.04
0.19 0.1 0.05
0.19 0.1 0.06
0.19 0.1 0.07
0.19 0.1 0.08
0.19 0.1 0.09
0.19 0.1 0.1
0.2 0. 0.
0.2 0. 0.01
0.2 0. 0.02
0.2 0. 0.03
0.2 0. 0.04
0.2 0. 0.05
0.2 0. 0.06
0.2 0. 0.07
0.2 0. 0.08
0.2 0. 0.09
0.2 0. 0.1
0.2 0.01 0.
0.2 0.01 0.01
0.2 0.01 0.02
0.2 0.01 0.03
0.2 0.01 0.04
0.2 0.01 0.05
0.2 0.01 0.06
0.2 0.01 0.07
0.2 0.01 0.08
0.2 0.01 0.09
0.2 0.01 0.1
0.2 0.02 0.
0.2 0.02 0.01
0.2 0.02 0.02
0.2 0.02 0.03
0.2 0.02 0.04
0.2 0.02 0.05
0.2 0.02 0.06
0.2 0.02 0.07
0.2 0.02 0.08
0.2 0.02 0.09
0.2 0.02 0.1
0.2 0.03 0.
0.2 0.03 0.01
0.2 0.03 0.02
0.2 0.03 0.03
0.2 0.03 0.04
0.2 0.03 0.05
0.2 0.03 0.06
0.2 0.03 0.07
0.2 0.03 0.08
0.2 0.03 0.09
0.2 0.03 0.1
0.2 0.04 0.
0.2 0.04 0.01
0.2 0.04 0.02
0.2 0.04 0.03
0.2 0.04 0.04
0.2 0.04 0.05
0.2 0.04 0.06
0.2 0.04 0.07
0.2 0.04 0.08
0.2 0.04 0.09
0.2 0.04 0.1
0.2 0.05 0.
0.2 0.05 0.01
0.2 0.05 0.02
0.2 0.05 0.03
0.2 0.05 0.04
0.2 0.05 0.05
0.2 0.05 0.06
0.2 0.05 0.07
0.2 0.05 0.08
0.2 0.05 0.09
0.2 0.05 0.1
0.2 0.06 0.
0.2 0.06 0.01
0.2 0.06 0.02
0.2 0.06 0.03
0.2 0.06 0.04
0.2 0.06 0.05
0.2 0.06 0.06
0.2 0.06 0.07
0.2 0.06 0.08
0.2 0.06 0.09
0.2 0.06 0.1
0.2 0.07 0.
0.2 0.07 0.01
0.2 0.07 0.02
0.2 0.07 0.03
0.2 0.07 0.04
0.2 0.07 0.05
0.2 0.07 0.06
0.2 0.07 0.07
0.2 0.07 0.08
0.2 0.07 0.09
0.2 0.07 0.1
0.2 0.08 0.
0.2 0.08 0.01
0.2 0.08 0.02
0.2 0.08 0.03
0.2 0.08 0.04
0.2 0.08 0.05
0.2 0.08 0.06
0.2 0.08 0.07
0.2 0.08 0.08
0.2 0.08 0.09
0.2 0.08 0.1
0.2 0.09 0.
0.2 0.09 0.01
0.2 0.09 0.02
0.2 0.09 0.03
0.2 0.09 0.04
0.2 0.09 0.05
0.2 0.09 0.06
0.2 0.09 0.07
0.2 0.09 0.08
0.2 0.09 0.09
0.2 0.09 0.1
0.2 0.1 0.
0.2 0.1 0.01
0.2 0.1 0.02
0.2 0.1 0.03
0.2 0.1 0.04
0.2 0.1 0.05
0.2 0.1 0.06
0.2 0.1 0.07
0.2 0.1 0.08
0.2 0.1 0.09
0.2 0.1 0.1
0.21 0. 0.
0.21 0. 0.01
0.21 0. 0.02
0.21 0. 0.03
0.21 0. 0.04
0.21 0. 0.05
0.21 0. 0.06
0.21 0. 0.07
0.21 0. 0.08
0.21 0. 0.09
0.21 0. 0.1
0.21 0.01 0.
0.21 0.01 0.01
0.21 0.01 0.02
0.21 0.01 0.03
0.21 0.01 0.04
0.21 0.01 0.05
0.21 0.01 0.06
0.21 0.01 0.07
0.21 0.01 0.08
0.21 0.01 0.09
0.21 0.01 0.1
0.21 0.02 0.
0.21 0.02 0.01
0.21 0.02 0.02
0.21 0.02 0.03
0.21 0.02 0.04
0.21 0.02 0.05
0.21 0.02 0.06
0.21 0.02 0.07
0.21 0.02 0.08
0.21 0.02 0.09
0.21 0.02 0.1
0.21 0.03 0.
0.21 0.03 0.01
0.21 0.03 0.02
0.21 0.03 0.03
0.21 0.03 0.04
0.21 0.03 0.05
0.21 0.03 0.06
0.21 0.03 0.07
0.21 0.03 0.08
0.21 0.03 0.09
0.21 0.03 0.1
0.21 0.04 0.
0.21 0.04 0.01
0.21 0.04 0.02
0.21 0.04 0.03
0.21 0.04 0.04
0.21 0.04 0.05
0.21 0.04 0.06
0.21 0.04 0.07
0.21 0.04 0.08
0.21 0.04 0.09
0.21 0.04 0.1
0.21 0.05 0.
0.21 0.05 0.01
0.21 0.05 0.02
0.21 0.05 0.03
0.21 0.05 0.04
0.21 0.05 0.05
0.21 0.05 0.06
0.21 0.05 0.07
0.21 0.05 0.08
0.21 0.05 0.09
0.21 0.05 0.1
0.21 0.06 0.
0.21 0.06 0.01
0.21 0.06 0.02
0.21 0.06 0.03
0.21 0.06 0.04
0.21 0.06 0.05
0.21 0.06 0.06
0.21 0.06 0.07
0.21 0.06 0.08
0.21 0.06 0.09
0.21 0.06 0.1
0.21 0.07 0.
0.21 0.07 0.01
0.21 0.07 0.02
0.21 0.07 0.03
0.21 0.07 0.04
0.21 0.07 0.05
0.21 0.07 0.06
0.21 0.07 0.07
0.21 0.07 0.08
0.21 0.07 0.09
0.21 0.07 0.1
0.21 0.08 0.
0.21 0.08 0.01
0.21 0.08 0.02
0.21 0.08 0.03
0.21 0.08 0.04
0.21 0.08 0.05
0.21 0.08 0.06
0.21 0.08 0.07
0.21 0.08 0.08
0.21 0.08 0.09
0.21 0.08 0.1
0.21 0.09 0.
0.21 0.09 0.01
0.21 0.09 0.02
0.21 0.09 0.03
0.21 0.09 0.04
0.21 0.09 0.05
0.21 0.09 0.06
0.21 0.09 0.07
0.21 0.09 0.08
0.21 0.09 0.09
0.21 0.09 0.1
0.21 0.1 0.
0.21 0.1 0.01
0.21 0.1 0.02
0.21 0.1 0.03
0.21 0.1 0.04
0.21 0.1 0.05
0.21 0.1 0.06
0.21 0.1 0.07
0.21 0.1 0.08
0.21 0.1 0.09
0.21 0.1 0.1
0.22 0. 0.
0.22 0. 0.01
0.22 0. 0.02
0.22 0. 0.03
0.22 0. 0.04
0.22 0. 0.05
0.22 0. 0.06
0.22 0. 0.07
0.22 0. 0.08
0.22 0. 0.09
0.22 0. 0.1
0.22 0.01 0.
0.22 0.01 0.01
0.22 0.01 0.02
0.22 0.01 0.03
0.22 0.01 0.04
0.22 0.01 0.05
0.22 0.01 0.06
0.22 0.01 0.07
0.22 0.01 0.08
0.22 0.01 0.09
0.22 0.01 0.1
0.22 0.02 0.
0.22 0.02 0.01
0.22 0.02 0.02
0.22 0.02 0.03
0.22 0.02 0.04
0.22 0.02 0.05
0.22 0.02 0.06
0.22 0.02 0.07
0.22 0.02 0.08
0.22 0.02 0.09
0.22 0.02 0.1
0.22 0.03 0.
0.22 0.03 0.01
0.22 0.03 0.02
0.22 0.03 0.03
0.22 0.03 0.04
0.22 0.03 0.05
0.22 0.03 0.06
0.22 0.03 0.07
0.22 0.03 0.08
0.22 0.03 0.09
0.22 0.03 0.1
0.22 0.04 0.
0.22 0.04 0.01
0.22 0.04 0.02
0.22 0.04 0.03
0.22 0.04 0.04
0.22 0.04 0.05
0.22 0.04 0.06
0.22 0.04 0.07
0.22 0.04 0.08
0.22 0.04 0.09
0.22 0.04 0.1
0.22 0.05 0.
0.22 0.05 0.01
0.22 0.05 0.02
0.22 0.05 0.03
0.22 0.05 0.04
0.22 0.05 0.05
0.22 0.05 0.06
0.22 0.05 0.07
0.22 0.05 0.08
0.22 0.05 0.09
0.22 0.05 0.1
0.22 0.06 0.
0.22 0.06 0.01
0.22 0.06 0.02
0.22 0.06 0.03
0.22 0.06 0.04
0.22 0.06 0.05
0.22 0.06 0.06
0.22 0.06 0.07
0.22 0.06 0.08
0.22 0.06 0.09
0.22 0.06 0.1
0.22 0.07 0.
0.22 0.07 0.01
0.22 0.07 0.02
0.22 0.07 0.03
0.22 0.07 0.04
0.22 0.07 0.05
0.22 0.07 0.06
0.22 0.07 0.07
0.22 0.07 0.08
0.22 0.07 0.09
0.22 0.07 0.1
0.22 0.08 0.
0.22 0.08 0.01
0.22 0.08 0.02
0.22 0.08 0.03
0.22 0.08 0.04
0.22 0.08 0.05
0.22 0.08 0.06
0.22 0.08 0.07
0.22 0.08 0.08
0.22 0.08 0.09
0.22 0.08 0.1
0.22 0.09 0.
0.22 0.09 0.01
0.22 0.09 0.02
0.22 0.09 0.03
0.22 0.09 0.04
0.22 0.09 0.05
0.22 0.09 0.06
0.22 0.09 0.07
0.22 0.09 0.08
0.22 0.09 0.09
0.22 0.09 0.1
0.22 0.1 0.
0.22 0.1 0.01
0.22 0.1 0.02
0.22 0.1 0.03
0.22 0.1 0.04
0.22 0.1 0.05
0.22 0.1 0.06
0.22 0.1 0.07
0.22 0.1 0.08
0.22 0.1 0.09
0.22 0.1 0.1
0.23 0. 0.
0.23 0. 0.01
0.23 0. 0.02
0.23 0. 0.03
0.23 0. 0.04
0.23 0. 0.05
0.23 0. 0.06
0.23 0. 0.07
0.23 0. 0.08
0.23 0. 0.09
0.23 0. 0.1
0.23 0.01 0.
0.23 0.01 0.01
0.23 0.01 0.02
0.23 0.01 0.03
0.23 0.01 0.04
0.23 0.01 0.05
0.23 0.01 0.06
0.23 0.01 0.07
0.23 0.01 0.08
0.23 0.01 0.09
0.23 0.01 0.1
0.23 0.02 0.
0.23 0.02 0.01
0.23 0.02 0.02
0.23 0.02 0.03
0.23 0.02 0.04
0.23 0.02 0.05
0.23 0.02 0.06
0.23 0.02 0.07
0.23 0.02 0.08
0.23 0.02 0.09
0.23 0.02 0.1
0.23 0.03 0.
0.23 0.03 0.01
0.23 0.03 0.02
0.23 0.03 0.03
0.23 0.03 0.04
0.23 0.03 0.05
0.23 0.03 0.06
0.23 0.03 0.07
0.23 0.03 0.08
0.23 0.03 0.09
0.23 0.03 0.1
0.23 0.04 0.
0.23 0.04 0.01
0.23 0.04 0.02
0.23 0.04 0.03
0.23 0.04 0.04
0.23 0.04 0.05
0.23 0.04 0.06
0.23 0.04 0.07
0.23 0.04 0.08
0.23 0.04 0.09
0.23 0.04 0.1
0.23 0.05 0.
0.23 0.05 0.01
0.23 0.05 0.02
0.23 0.05 0.03
0.23 0.05 0.04
0.23 0.05 0.05
0.23 0.05 0.06
0.23 0.05 0.07
0.23 0.05 0.08
0.23 0.05 0.09
0.23 0.05 0.1
0.23 0.06 0.
0.23 0.06 0.01
0.23 0.06 0.02
0.23 0.06 0.03
0.23 0.06 0.04
0.23 0.06 0.05
0.23 0.06 0.06
0.23 0.06 0.07
0.23 0.06 0.08
0.23 0.06 0.09
0.23 0.06 0.1
0.23 0.07 0.
0.23 0.07 0.01
0.23 0.07 0.02
0.23 0.07 0.03
0.23 0.07 0.04
0.23 0.07 0.05
0.23 0.07 0.06
0.23 0.07 0.07
0.23 0.07 0.08
0.23 0.07 0.09
0.23 0.07 0.1
0.23 0.08 0.
0.23 0.08 0.01
0.23 0.08 0.02
0.23 0.08 0.03
0.23 0.08 0.04
0.23 0.08 0.05
0.23 0.08 0.06
0.23 0.08 0.07
0.23 0.08 0.08
0.23 0.08 0.09
0.23 0.08 0.1
0.23 0.09 0.
0.23 0.09 0.01
0.23 0.09 0.02
0.23 0.09 0.03
0.23 0.09 0.04
0.23 0.09 0.05
0.23 0.09 0.06
0.23 0.09 0.07
0.23 0.09 0.08
0.23 0.09 0.09
0.23 0.09 0.1
0.23 0.1 0.
0.23 0.1 0.01
0.23 0.1 0.02
0.23 0.1 0.03
0.23 0.1 0.04
0.23 0.1 0.05
0.23 0.1 0.06
0.23 0.1 0.07
0.23 0.1 0.08
0.23 0.1 0.09
0.23 0.1 0.1
0.24 0. 0.
0.24 0. 0.01
0.24 0. 0.02
0.24 0. 0.03
0.24 0. 0.04
0.24 0. 0.05
0.24 0. 0.06
0.24 0. 0.07
0.24 0. 0.08
0.24 0. 0.09
0.24 0. 0.1
0.24 0.01 0.
0.24 0.01 0.01
0.24 0.01 0.02
0.24 0.01 0.03
0.24 0.01 0.04
0.24 0.01 0.05
0.24 0.01 0.06
0.24 0.01 0.07
0.24 0.01 0.08
0.24 0.01 0.09
0.24 0.01 0.1
0.24 0.02 0.
0.24 0.02 0.01
0.24 0.02 0.02
0.24 0.02 0.03
0.24 0.02 0.04
0.24 0.02 0.05
0.24 0.02 0.06
0.24 0.02 0.07
0.24 0.02 0.08
0.24 0.02 0.09
0.24 0.02 0.1
0.24 0.03 0.
0.24 0.03 0.01
0.24 0.03 0.02
0.24 0.03 0.03
0.24 0.03 0.04
0.24 0.03 0.05
0.24 0.03 0.06
0.24 0.03 0.07
0.24 0.03 0.08
0.24 0.03 0.09
0.24 0.03 0.1
0.24 0.04 0.
0.24 0.04 0.01
0.24 0.04 0.02
0.24 0.04 0.03
0.24 0.04 0.04
0.24 0.04 0.05
0.24 0.04 0.06
0.24 0.04 0.07
0.24 0.04 0.08
0.24 0.04 0.09
0.24 0.04 0.1
0.24 0.05 0.
0.24 0.05 0.01
0.24 0.05 0.02
0.24 0.05 0.03
0.24 0.05 0.04
0.24 0.05 0.05
0.24 0.05 0.06
0.24 0.05 0.07
0.24 0.05 0.08
0.24 0.05 0.09
0.24 0.05 0.1
0.24 0.06 0.
0.24 0.06 0.01
0.24 0.06 0.02
0.24 0.06 0.03
0.24 0.06 0.04
0.24 0.06 0.05
0.24 0.06 0.06
0.24 0.06 0.07
0.24 0.06 0.08
0.24 0.06 0.09
0.24 0.06 0.1
0.24 0.07 0.
0.24 0.07 0.01
0.24 0.07 0.02
0.24 0.07 0.03
0.24 0.07 0.04
0.24 0.07 0.05
0.24 0.07 0.06
0.24 0.07 0.07
0.24 0.07 0.08
0.24 0.07 0.09
0.24 0.07 0.1
0.24 0.08 0.
0.24 0.08 0.01
0.24 0.08 0.02
0.24 0.08 0.03
0.24 0.08 0.04
0.24 0.08 0.05
0.24 0.08 0.06
0.24 0.08 0.07
0.24 0.08 0.08
0.24 0.08 0.09
0.24 0.08 0.1
0.24 0.09 0.
0.24 0.09 0.01
0.24 0.09 0.02
0.24 0.09 0.03
0.24 0.09 0.04
0.24 0.09 0.05
0.24 0.09 0.06
0.24 0.09 0.07
0.24 0.09 0.08
0.24 0.09 0.09
0.24 0.09 0.1
0.24 0.1 0.
0.24 0.1 0.01
0.24 0.1 0.02
0.24 0.1 0.03
0.24 0.1 0.04
0.24 0.1 0.05
0.24 0.1 0.06
0.24 0.1 0.07
0.24 0.1 0.08
0.24 0.1 0.09
0.24 0.1 0.1
0.25 0. 0.
0.25 0. 0.01
0.25 0. 0.02
0.25 0. 0.03
0.25 0. 0.04
0.25 0. 0.05
0.25 0. 0.06
0.25 0. 0.07
0.25 0. 0.08
0.25 0. 0.09
0.25 0. 0.1
0.25 0.01 0.
0.25 0.01 0.01
0.25 0.01 0.02
0.25 0.01 0.03
0.25 0.01 0.04
0.25 0.01 0.05
0.25 0.01 0.06
0.25 0.01 0.07
0.25 0.01 0.08
0.25 0.01 0.09
0.25 0.01 0.1
0.25 0.02 0.
0.25 0.02 0.01
0.25 0.02 0.02
0.25 0.02 0.03
0.25 0.02 0.04
0.25 0.02 0.05
0.25 0.02 0.06
0.25 0.02 0.07
0.25 0.02 0.08
0.25 0.02 0.09
0.25 0.02 0.1
0.25 0.03 0.
0.25 0.03 0.01
0.25 0.03 0.02
0.25 0.03 0.03
0.25 0.03 0.04
0.25 0.03 0.05
0.25 0.03 0.06
0.25 0.03 0.07
0.25 0.03 0.08
0.25 0.03 0.09
0.25 0.03 0.1
0.25 0.04 0.
0.25 0.04 0.01
0.25 0.04 0.02
0.25 0.04 0.03
0.25 0.04 0.04
0.25 0.04 0.05
0.25 0.04 0.06
0.25 0.04 0.07
0.25 0.04 0.08
0.25 0.04 0.09
0.25 0.04 0.1
0.25 0.05 0.
0.25 0.05 0.01
0.25 0.05 0.02
0.25 0.05 0.03
0.25 0.05 0.04
0.25 0.05 0.05
0.25 0.05 0.06
0.25 0.05 0.07
0.25 0.05 0.08
0.25 0.05 0.09
0.25 0.05 0.1
0.25 0.06 0.
0.25 0.06 0.01
0.25 0.06 0.02
0.25 0.06 0.03
0.25 0.06 0.04
0.25 0.06 0.05
0.25 0.06 0.06
0.25 0.06 0.07
0.25 0.06 0.08
0.25 0.06 0.09
0.25 0.06 0.1
0.25 0.07 0.
0.25 0.07 0.01
0.25 0.07 0.02
0.25 0.07 0.03
0.25 0.07 0.04
0.25 0.07 0.05
0.25 0.07 0.06
0.25 0.07 0.07
0.25 0.07 0.08
0.25 0.07 0.09
0.25 0.07 0.1
0.25 0.08 0.
0.25 0.08 0.01
0.25 0.08 0.02
0.25 0.08 0.03
0.25 0.08 0.04
0.25 0.08 0.05
0.25 0.08 0.06
0.25 0.08 0.07
0.25 0.08 0.08
0.25 0.08 0.09
0.25 0.08 0.1
0.25 0.09 0.
0.25 0.09 0.01
0.25 0.09 0.02
0.25 0.09 0.03
0.25 0.09 0.04
0.25 0.09 0.05
0.25 0.09 0.06
0.25 0.09 0.07
0.25 0.09 0.08
0.25 0.09 0.09
0.25 0.09 0.1
0.25 0.1 0.
0.25 0.1 0.01
0.25 0.1 0.02
0.25 0.1 0.03
0.25 0.1 0.04
0.25 0.1 0.05
0.25 0.1 0.06
0.25 0.1 0.07
0.25 0.1 0.08
0.25 0.1 0.09
0.25 0.1 0.1
0.26 0. 0.
0.26 0. 0.01
0.26 0. 0.02
0.26 0. 0.03
0.26 0. 0.04
0.26 0. 0.05
0.26 0. 0.06
0.26 0. 0.07
0.26 0. 0.08
0.26 0. 0.09
0.26 0. 0.1
0.26 0.01 0.
0.26 0.01 0.01
0.26 0.01 0.02
0.26 0.01 0.03
0.26 0.01 0.04
0.26 0.01 0.05
0.26 0.01 0.06
0.26 0.01 0.07
0.26 0.01 0.08
0.26 0.01 0.09
0.26 0.01 0.1
0.26 0.02 0.
0.26 0.02 0.01
0.26 0.02 0.02
0.26 0.02 0.03
0.26 0.02 0.04
0.26 0.02 0.05
0.26 0.02 0.06
0.26 0.02 0.07
0.26 0.02 0.08
0.26 0.02 0.09
0.26 0.02 0.1
0.26 0.03 0.
0.26 0.03 0.01
0.26 0.03 0.02
0.26 0.03 0.03
0.26 0.03 0.04
0.26 0.03 0.05
0.26 0.03 0.06
0.26 0.03 0.07
0.26 0.03 0.08
0.26 0.03 0.09
0.26 0.03 0.1
0.26 0.04 0.
0.26 0.04 0.01
0.26 0.04 0.02
0.26 0.04 0.03
0.26 0.04 0.04
0.26 0.04 0.05
0.26 0.04 0.06
0.26 0.04 0.07
0.26 0.04 0.08
0.26 0.04 0.09
0.26 0.04 0.1
0.26 0.05 0.
0.26 0.05 0.01
0.26 0.05 0.02
0.26 0.05 0.03
0.26 0.05 0.04
0.26 0.05 0.05
0.26 0.05 0.06
0.26 0.05 0.07
0.26 0.05 0.08
0.26 0.05 0.09
0.26 0.05 0.1
0.26 0.06 0.
0.26 0.06 0.01
0.26 0.06 0.02
0.26 0.06 0.03
0.26 0.06 0.04
0.26 0.06 0.05
0.26 0.06 0.06
0.26 0.06 0.07
0.26 0.06 0.08
0.26 0.06 0.09
0.26 0.06 0.1
0.26 0.07 0.
0.26 0.07 0.01
0.26 0.07 0.02
0.26 0.07 0.03
0.26 0.07 0.04
0.26 0.07 0.05
0.26 0.07 0.06
0.26 0.07 0.07
0.26 0.07 0.08
0.26 0.07 0.09
0.26 0.07 0.1
0.26 0.08 0.
0.26 0.08 0.01
0.26 0.08 0.02
0.26 0.08 0.03
0.26 0.08 0.04
0.26 0.08 0.05
0.26 0.08 0.06
0.26 0.08 0.07
0.26 0.08 0.08
0.26 0.08 0.09
0.26 0.08 0.1
0.26 0.09 0.
0.26 0.09 0.01
0.26 0.09 0.02
0.26 0.09 0.03
0.26 0.09 0.04
0.26 0.09 0.05
0.26 0.09 0.06
0.26 0.09 0.07
0.26 0.09 0.08
0.26 0.09 0.09
0.26 0.09 0.1
0.26 0.1 0.
0.26 0.1 0.01
0.26 0.1 0.02
0.26 0.1 0.03
0.26 0.1 0.04
0.26 0.1 0.05
0.26 0.1 0.06
0.26 0.1 0.07
0.26 0.1 0.08
0.26 0.1 0.09
0.26 0.1 0.1
0.27 0. 0.
0.27 0. 0.01
0.27 0. 0.02
0.27 0. 0.03
0.27 0. 0.04
0.27 0. 0.05
0.27 0. 0.06
0.27 0. 0.07
0.27 0. 0.08
0.27 0. 0.09
0.27 0. 0.1
0.27 0.01 0.
0.27 0.01 0.01
0.27 0.01 0.02
0.27 0.01 0.03
0.27 0.01 0.04
0.27 0.01 0.05
0.27 0.01 0.06
0.27 0.01 0.07
0.27 0.01 0.08
0.27 0.01 0.09
0.27 0.01 0.1
0.27 0.02 0.
0.27 0.02 0.01
0.27 0.02 0.02
0.27 0.02 0.03
0.27 0.02 0.04
0.27 0.02 0.05
0.27 0.02 0.06
0.27 0.02 0.07
0.27 0.02 0.08
0.27 0.02 0.09
0.27 0.02 0.1
0.27 0.03 0.
0.27 0.03 0.01
0.27 0.03 0.02
0.27 0.03 0.03
0.27 0.03 0.04
0.27 0.03 0.05
0.27 0.03 0.06
0.27 0.03 0.07
0.27 0.03 0.08
0.27 0.03 0.09
0.27 0.03 0.1
0.27 0.04 0.
0.27 0.04 0.01
0.27 0.04 0.02
0.27 0.04 0.03
0.27 0.04 0.04
0.27 0.04 0.05
0.27 0.04 0.06
0.27 0.04 0.07
0.27 0.04 0.08
0.27 0.04 0.09
0.27 0.04 0.1
0.27 0.05 0.
0.27 0.05 0.01
0.27 0.05 0.02
0.27 0.05 0.03
0.27 0.05 0.04
0.27 0.05 0.05
0.27 0.05 0.06
0.27 0.05 0.07
0.27 0.05 0.08
0.27 0.05 0.09
0.27 0.05 0.1
0.27 0.06 0.
0.27 0.06 0.01
0.27 0.06 0.02
0.27 0.06 0.03
0.27 0.06 0.04
0.27 0.06 0.05
0.27 0.06 0.06
0.27 0.06 0.07
0.27 0.06 0.08
0.27 0.06 0.09
0.27 0.06 0.1
0.27 0.07 0.
0.27 0.07 0.01
0.27 0.07 0.02
0.27 0.07 0.03
0.27 0.07 0.04
0.27 0.07 0.05
0.27 0.07 0.06
0.27 0.07 0.07
0.27 0.07 0.08
0.27 0.07 0.09
0.27 0.07 0.1
0.27 0.08 0.
0.27 0.08 0.01
0.27 0.08 0.02
0.27 0.08 0.03
0.27 0.08 0.04
0.27 0.08 0.05
0.27 0.08 0.06
0.27 0.08 0.07
0.27 0.08 0.08
0.27 0.08 0.09
0.27 0.08 0.1
0.27 0.09 0.
0.27 0.09 0.01
0.27 0.09 0.02
0.27 0.09 0.03
0.27 0.09 0.04
0.27 0.09 0.05
0.27 0.09 0.06
0.27 0.09 0.07
0.27 0.09 0.08
0.27 0.09 0.09
0.27 0.09 0.1
0.27 0.1 0.
0.27 0.1 0.01
0.27 0.1 0.02
0.27 0.1 0.03
0.27 0.1 0.04
0.27 0.1 0.05
0.27 0.1 0.06
0.27 0.1 0.07
0.27 0.1 0.08
0.27 0.1 0.09
0.27 0.1 0.1
0.28 0. 0.
0.28 0. 0.01
0.28 0. 0.02
0.28 0. 0.03
0.28 0. 0.04
0.28 0. 0.05
0.28 0. 0.06
0.28 0. 0.07
0.28 0. 0.08
0.28 0. 0.09
0.28 0. 0.1
0.28 0.01 0.
0.28 0.01 0.01
0.28 0.01 0.02
0.28 0.01 0.03
0.28 0.01 0.04
0.28 0.01 0.05
0.28 0.01 0.06
0.28 0.01 0.07
0.28 0.01 0.08
0.28 0.01 0.09
0.28 0.01 0.1
0.28 0.02 0.
0.28 0.02 0.01
0.28 0.02 0.02
0.28 0.02 0.03
0.28 0.02 0.04
0.28 0.02 0.05
0.28 0.02 0.06
0.28 0.02 0.07
0.28 0.02 0.08
0.28 0.02 0.09
0.28 0.02 0.1
0.28 0.03 0.
0.28 0.03 0.01
0.28 0.03 0.02
0.28 0.03 0.03
0.28 0.03 0.04
0.28 0.03 0.05
0.28 0.03 0.06
0.28 0.03 0.07
0.28 0.03 0.08
0.28 0.03 0.09
0.28 0.03 0.1
0.28 0.04 0.
0.28 0.04 0.01
0.28 0.04 0.02
0.28 0.04 0.03
0.28 0.04 0.04
0.28 0.04 0.05
0.28 0.04 0.06
0.28 0.04 0.07
0.28 0.04 0.08
0.28 0.04 0.09
0.28 0.04 0.1
0.28 0.05 0.
0.28 0.05 0.01
0.28 0.05 0.02
0.28 0.05 0.03
0.28 0.05 0.04
0.28 0.05 0.05
0.28 0.05 0.06
0.28 0.05 0.07
0.28 0.05 0.08
0.28 0.05 0.09
0.28 0.05 0.1
0.28 0.06 0.
0.28 0.06 0.01
0.28 0.06 0.02
0.28 0.06 0.03
0.28 0.06 0.04
0.28 0.06 0.05
0.28 0.06 0.06
0.28 0.06 0.07
0.28 0.06 0.08
0.28 0.06 0.09
0.28 0.06 0.1
0.28 0.07 0.
0.28 0.07 0.01
0.28 0.07 0.02
0.28 0.07 0.03
0.28 0.07 0.04
0.28 0.07 0.05
0.28 0.07 0.06
0.28 0.07 0.07
0.28 0.07 0.08
0.28 0.07 0.09
0.28 0.07 0.1
0.28 0.08 0.
0.28 0.08 0.01
0.28 0.08 0.02
0.28 0.08 0.03
0.28 0.08 0.04
0.28 0.08 0.05
0.28 0.08 0.06
0.28 0.08 0.07
0.28 0.08 0.08
0.28 0.08 0.09
0.28 0.08 0.1
0.28 0.09 0.
0.28 0.09 0.01
0.28 0.09 0.02
0.28 0.09 0.03
0.28 0.09 0.04
0.28 0.09 0.05
0.28 0.09 0.06
0.28 0.09 0.07
0.28 0.09 0.08
0.28 0.09 0.09
0.28 0.09 0.1
0.28 0.1 0.
0.28 0.1 0.01
0.28 0.1 0.02
0.28 0.1 0.03
0.28 0.1 0.04
0.28 0.1 0.05
0.28 0.1 0.06
0.28 0.1 0.07
0.28 0.1 0.08
0.28 0.1 0.09
0.28 0.1 0.1
0.29 0. 0.
0.29 0. 0.01
0.29 0. 0.02
0.29 0. 0.03
0.29 0. 0.04
0.29 0. 0.05
0.29 0. 0.06
0.29 0. 0.07
0.29 0. 0.08
0.29 0. 0.09
0.29 0. 0.1
0.29 0.01 0.
0.29 0.01 0.01
0.29 0.01 0.02
0.29 0.01 0.03
0.29 0.01 0.04
0.29 0.01 0.05
0.29 0.01 0.06
0.29 0.01 0.07
0.29 0.01 0.08
0.29 0.01 0.09
0.29 0.01 0.1
0.29 0.02 0.
0.29 0.02 0.01
0.29 0.02 0.02
0.29 0.02 0.03
0.29 0.02 0.04
0.29 0.02 0.05
0.29 0.02 0.06
0.29 0.02 0.07
0.29 0.02 0.08
0.29 0.02 0.09
0.29 0.02 0.1
0.29 0.03 0.
0.29 0.03 0.01
0.29 0.03 0.02
0.29 0.03 0.03
0.29 0.03 0.04
0.29 0.03 0.05
0.29 0.03 0.06
0.29 0.03 0.07
0.29 0.03 0.08
0.29 0.03 0.09
0.29 0.03 0.1
0.29 0.04 0.
0.29 0.04 0.01
0.29 0.04 0.02
0.29 0.04 0.03
0.29 0.04 0.04
0.29 0.04 0.05
0.29 0.04 0.06
0.29 0.04 0.07
0.29 0.04 0.08
0.29 0.04 0.09
0.29 0.04 0.1
0.29 0.05 0.
0.29 0.05 0.01
0.29 0.05 0.02
0.29 0.05 0.03
0.29 0.05 0.04
0.29 0.05 0.05
0.29 0.05 0.06
0.29 0.05 0.07
0.29 0.05 0.08
0.29 0.05 0.09
0.29 0.05 0.1
0.29 0.06 0.
0.29 0.06 0.01
0.29 0.06 0.02
0.29 0.06 0.03
0.29 0.06 0.04
0.29 0.06 0.05
0.29 0.06 0.06
0.29 0.06 0.07
0.29 0.06 0.08
0.29 0.06 0.09
0.29 0.06 0.1
0.29 0.07 0.
0.29 0.07 0.01
0.29 0.07 0.02
0.29 0.07 0.03
0.29 0.07 0.04
0.29 0.07 0.05
0.29 0.07 0.06
0.29 0.07 0.07
0.29 0.07 0.08
0.29 0.07 0.09
0.29 0.07 0.1
0.29 0.08 0.
0.29 0.08 0.01
0.29 0.08 0.02
0.29 0.08 0.03
0.29 0.08 0.04
0.29 0.08 0.05
0.29 0.08 0.06
0.29 0.08 0.07
0.29 0.08 0.08
0.29 0.08 0.09
0.29 0.08 0.1
0.29 0.09 0.
0.29 0.09 0.01
0.29 0.09 0.02
0.29 0.09 0.03
0.29 0.09 0.04
0.29 0.09 0.05
0.29 0.09 0.06
0.29 0.09 0.07
0.29 0.09 0.08
0.29 0.09 0.09
0.29 0.09 0.1
0.29 0.1 0.
0.29 0.1 0.01
0.29 0.1 0.02
0.29 0.1 0.03
0.29 0.1 0.04
0.29 0.1 0.05
0.29 0.1 0.06
0.29 0.1 0.07
0.29 0.1 0.08
0.29 0.1 0.09
0.29 0.1 0.1
0.3 0. 0.
0.3 0. 0.01
0.3 0. 0.02
0.3 0. 0.03
0.3 0. 0.04
0.3 0. 0.05
0.3 0. 0.06
0.3 0. 0.07
0.3 0. 0.08
0.3 0. 0.09
0.3 0. 0.1
0.3 0.01 0.
0.3 0.01 0.01
0.3 0.01 0.02
0.3 0.01 0.03
0.3 0.01 0.04
0.3 0.01 0.05
0.3 0.01 0.06
0.3 0.01 0.07
0.3 0.01 0.08
0.3 0.01 0.09
0.3 0.01 0.1
0.3 0.02 0.
0.3 0.02 0.01
0.3 0.02 0.02
0.3 0.02 0.03
0.3 0.02 0.04
0.3 0.02 0.05
0.3 0.02 0.06
0.3 0.02 0.07
0.3 0.02 0.08
0.3 0.02 0.09
0.3 0.02 0.1
0.3 0.03 0.
0.3 0.03 0.01
0.3 0.03 0.02
0.3 0.03 0.03
0.3 0.03 0.04
0.3 0.03 0.05
0.3 0.03 0.06
0.3 0.03 0.07
0.3 0.03 0.08
0.3 0.03 0.09
0.3 0.03 0.1
0.3 0.04 0.
0.3 0.04 0.01
0.3 0.04 0.02
0.3 0.04 0.03
0.3 0.04 0.04
0.3 0.04 0.05
0.3 0.04 0.06
0.3 0.04 0.07
0.3 0.04 0.08
0.3 0.04 0.09
0.3 0.04 0.1
0.3 0.05 0.
0.3 0.05 0.01
0.3 0.05 0.02
0.3 0.05 0.03
0.3 0.05 0.04
0.3 0.05 0.05
0.3 0.05 0.06
0.3 0.05 0.07
0.3 0.05 0.08
0.3 0.05 0.09
0.3 0.05 0.1
0.3 0.06 0.
0.3 0.06 0.01
0.3 0.06 0.02
0.3 0.06 0.03
0.3 0.06 0.04
0.3 0.06 0.05
0.3 0.06 0.06
0.3 0.06 0.07
0.3 0.06 0.08
0.3 0.06 0.09
0.3 0.06 0.1
0.3 0.07 0.
0.3 0.07 0.01
0.3 0.07 0.02
0.3 0.07 0.03
0.3 0.07 0.04
0.3 0.07 0.05
0.3 0.07 0.06
0.3 0.07 0.07
0.3 0.07 0.08
0.3 0.07 0.09
0.3 0.07 0.1
0.3 0.08 0.
0.3 0.08 0.01
0.3 0.08 0.02
0.3 0.08 0.03
0.3 0.08 0.04
0.3 0.08 0.05
0.3 0.08 0.06
0.3 0.08 0.07
0.3 0.08 0.08
0.3 0.08 0.09
0.3 0.08 0.1
0.3 0.09 0.
0.3 0.09 0.01
0.3 0.09 0.02
0.3 0.09 0.03
0.3 0.09 0.04
0.3 0.09 0.05
0.3 0.09 0.06
0.3 0.09 0.07
0.3 0.09 0.08
0.3 0.09 0.09
0.3 0.09 0.1
0.3 0.1 0.
0.3 0.1 0.01
0.3 0.1 0.02
0.3 0.1 0.03
0.3 0.1 0.04
0.3 0.1 0.05
0.3 0.1 0.06
0.3 0.1 0.07
0.3 0.1 0.08
0.3 0.1 0.09
0.3 0.1 0.1
0.31 0. 0.
0.31 0. 0.01
0.31 0. 0.02
0.31 0. 0.03
0.31 0. 0.04
0.31 0. 0.05
0.31 0. 0.06
0.31 0. 0.07
0.31 0. 0.08
0.31 0. 0.09
0.31 0. 0.1
0.31 0.01 0.
0.31 0.01 0.01
0.31 0.01 0.02
0.31 0.01 0.03
0.31 0.01 0.04
0.31 0.01 0.05
0.31 0.01 0.06
0.31 0.01 0.07
0.31 0.01 0.08
0.31 0.01 0.09
0.31 0.01 0.1
0.31 0.02 0.
0.31 0.02 0.01
0.31 0.02 0.02
0.31 0.02 0.03
0.31 0.02 0.04
0.31 0.02 0.05
0.31 0.02 0.06
0.31 0.02 0.07
0.31 0.02 0.08
0.31 0.02 0.09
0.31 0.02 0.1
0.31 0.03 0.
0.31 0.03 0.01
0.31 0.03 0.02
0.31 0.03 0.03
0.31 0.03 0.04
0.31 0.03 0.05
0.31 0.03 0.06
0.31 0.03 0.07
0.31 0.03 0.08
0.31 0.03 0.09
0.31 0.03 0.1
0.31 0.04 0.
0.31 0.04 0.01
0.31 0.04 0.02
0.31 0.04 0.03
0.31 0.04 0.04
0.31 0.04 0.05
0.31 0.04 0.06
0.31 0.04 0.07
0.31 0.04 0.08
0.31 0.04 0.09
0.31 0.04 0.1
0.31 0.05 0.
0.31 0.05 0.01
0.31 0.05 0.02
0.31 0.05 0.03
0.31 0.05 0.04
0.31 0.05 0.05
0.31 0.05 0.06
0.31 0.05 0.07
0.31 0.05 0.08
0.31 0.05 0.09
0.31 0.05 0.1
0.31 0.06 0.
0.31 0.06 0.01
0.31 0.06 0.02
0.31 0.06 0.03
0.31 0.06 0.04
0.31 0.06 0.05
0.31 0.06 0.06
0.31 0.06 0.07
0.31 0.06 0.08
0.31 0.06 0.09
0.31 0.06 0.1
0.31 0.07 0.
0.31 0.07 0.01
0.31 0.07 0.02
0.31 0.07 0.03
0.31 0.07 0.04
0.31 0.07 0.05
0.31 0.07 0.06
0.31 0.07 0.07
0.31 0.07 0.08
0.31 0.07 0.09
0.31 0.07 0.1
0.31 0.08 0.
0.31 0.08 0.01
0.31 0.08 0.02
0.31 0.08 0.03
0.31 0.08 0.04
0.31 0.08 0.05
0.31 0.08 0.06
0.31 0.08 0.07
0.31 0.08 0.08
0.31 0.08 0.09
0.31 0.08 0.1
0.31 0.09 0.
0.31 0.09 0.01
0.31 0.09 0.02
0.31 0.09 0.03
0.31 0.09 0.04
0.31 0.09 0.05
0.31 0.09 0.06
0.31 0.09 0.07
0.31 0.09 0.08
0.31 0.09 0.09
0.31 0.09 0.1
0.31 0.1 0.
0.31 0.1 0.01
0.31 0.1 0.02
0.31 0.1 0.03
0.31 0.1 0.04
0.31 0.1 0.05
0.31 0.1 0.06
0.31 0.1 0.07
0.31 0.1 0.08
0.31 0.1 0.09
0.31 0.1 0.1
0.32 0. 0.
0.32 0. 0.01
0.32 0. 0.02
0.32 0. 0.03
0.32 0. 0.04
0.32 0. 0.05
0.32 0. 0.06
0.32 0. 0.07
0.32 0. 0.08
0.32 0. 0.09
0.32 0. 0.1
0.32 0.01 0.
0.32 0.01 0.01
0.32 0.01 0.02
0.32 0.01 0.03
0.32 0.01 0.04
0.32 0.01 0.05
0.32 0.01 0.06
0.32 0.01 0.07
0.32 0.01 0.08
0.32 0.01 0.09
0.32 0.01 0.1
0.32 0.02 0.
0.32 0.02 0.01
0.32 0.02 0.02
0.32 0.02 0.03
0.32 0.02 0.04
0.32 0.02 0.05
0.32 0.02 0.06
0.32 0.02 0.07
0.32 0.02 0.08
0.32 0.02 0.09
0.32 0.02 0.1
0.32 0.03 0.
0.32 0.03 0.01
0.32 0.03 0.02
0.32 0.03 0.03
0.32 0.03 0.04
0.32 0.03 0.05
0.32 0.03 0.06
0.32 0.03 0.07
0.32 0.03 0.08
0.32 0.03 0.09
0.32 0.03 0.1
0.32 0.04 0.
0.32 0.04 0.01
0.32 0.04 0.02
0.32 0.04 0.03
0.32 0.04 0.04
0.32 0.04 0.05
0.32 0.04 0.06
0.32 0.04 0.07
0.32 0.04 0.08
0.32 0.04 0.09
0.32 0.04 0.1
0.32 0.05 0.
0.32 0.05 0.01
0.32 0.05 0.02
0.32 0.05 0.03
0.32 0.05 0.04
0.32 0.05 0.05
0.32 0.05 0.06
0.32 0.05 0.07
0.32 0.05 0.08
0.32 0.05 0.09
0.32 0.05 0.1
0.32 0.06 0.
0.32 0.06 0.01
0.32 0.06 0.02
0.32 0.06 0.03
0.32 0.06 0.04
0.32 0.06 0.05
0.32 0.06 0.06
0.32 0.06 0.07
0.32 0.06 0.08
0.32 0.06 0.09
0.32 0.06 0.1
0.32 0.07 0.
0.32 0.07 0.01
0.32 0.07 0.02
0.32 0.07 0.03
0.32 0.07 0.04
0.32 0.07 0.05
0.32 0.07 0.06
0.32 0.07 0.07
0.32 0.07 0.08
0.32 0.07 0.09
0.32 0.07 0.1
0.32 0.08 0.
0.32 0.08 0.01
0.32 0.08 0.02
0.32 0.08 0.03
0.32 0.08 0.04
0.32 0.08 0.05
0.32 0.08 0.06
0.32 0.08 0.07
0.32 0.08 0.08
0.32 0.08 0.09
0.32 0.08 0.1
0.32 0.09 0.
0.32 0.09 0.01
0.32 0.09 0.02
0.32 0.09 0.03
0.32 0.09 0.04
0.32 0.09 0.05
0.32 0.09 0.06
0.32 0.09 0.07
0.32 0.09 0.08
0.32 0.09 0.09
0.32 0.09 0.1
0.32 0.1 0.
0.32 0.1 0.01
0.32 0.1 0.02
0.32 0.1 0.03
0.32 0.1 0.04
0.32 0.1 0.05
0.32 0.1 0.06
0.32 0.1 0.07
0.32 0.1 0.08
0.32 0.1 0.09
0.32 0.1 0.1
0.33 0. 0.
0.33 0. 0.01
0.33 0. 0.02
0.33 0. 0.03
0.33 0. 0.04
0.33 0. 0.05
0.33 0. 0.06
0.33 0. 0.07
0.33 0. 0.08
0.33 0. 0.09
0.33 0. 0.1
0.33 0.01 0.
0.33 0.01 0.01
0.33 0.01 0.02
0.33 0.01 0.03
0.33 0.01 0.04
0.33 0.01 0.05
0.33 0.01 0.06
0.33 0.01 0.07
0.33 0.01 0.08
0.33 0.01 0.09
0.33 0.01 0.1
0.33 0.02 0.
0.33 0.02 0.01
0.33 0.02 0.02
0.33 0.02 0.03
0.33 0.02 0.04
0.33 0.02 0.05
0.33 0.02 0.06
0.33 0.02 0.07
0.33 0.02 0.08
0.33 0.02 0.09
0.33 0.02 0.1
0.33 0.03 0.
0.33 0.03 0.01
0.33 0.03 0.02
0.33 0.03 0.03
0.33 0.03 0.04
0.33 0.03 0.05
0.33 0.03 0.06
0.33 0.03 0.07
0.33 0.03 0.08
0.33 0.03 0.09
0.33 0.03 0.1
0.33 0.04 0.
0.33 0.04 0.01
0.33 0.04 0.02
0.33 0.04 0.03
0.33 0.04 0.04
0.33 0.04 0.05
0.33 0.04 0.06
0.33 0.04 0.07
0.33 0.04 0.08
0.33 0.04 0.09
0.33 0.04 0.1
0.33 0.05 0.
0.33 0.05 0.01
0.33 0.05 0.02
0.33 0.05 0.03
0.33 0.05 0.04
0.33 0.05 0.05
0.33 0.05 0.06
0.33 0.05 0.07
0.33 0.05 0.08
0.33 0.05 0.09
0.33 0.05 0.1
0.33 0.06 0.
0.33 0.06 0.01
0.33 0.06 0.02
0.33 0.06 0.03
0.33 0.06 0.04
0.33 0.06 0.05
0.33 0.06 0.06
0.33 0.06 0.07
0.33 0.06 0.08
0.33 0.06 0.09
0.33 0.06 0.1
0.33 0.07 0.
0.33 0.07 0.01
0.33 0.07 0.02
0.33 0.07 0.03
0.33 0.07 0.04
0.33 0.07 0.05
0.33 0.07 0.06
0.33 0.07 0.07
0.33 0.07 0.08
0.33 0.07 0.09
0.33 0.07 0.1
0.33 0.08 0.
0.33 0.08 0.01
0.33 0.08 0.02
0.33 0.08 0.03
0.33 0.08 0.04
0.33 0.08 0.05
0.33 0.08 0.06
0.33 0.08 0.07
0.33 0.08 0.08
0.33 0.08 0.09
0.33 0.08 0.1
0.33 0.09 0.
0.33 0.09 0.01
0.33 0.09 0.02
0.33 0.09 0.03
0.33 0.09 0.04
0.33 0.09 0.05
0.33 0.09 0.06
0.33 0.09 0.07
0.33 0.09 0.08
0.33 0.09 0.09
0.33 0.09 0.1
0.33 0.1 0.
0.33 0.1 0.01
0.33 0.1 0.02
0.33 0.1 0.03
0.33 0.1 0.04
0.33 0.1 0.05
0.33 0.1 0.06
0.33 0.1 0.07
0.33 0.1 0.08
0.33 0.1 0.09
0.33 0.1 0.1
0.34 0. 0.
0.34 0. 0.01
0.34 0. 0.02
0.34 0. 0.03
0.34 0. 0.04
0.34 0. 0.05
0.34 0. 0.06
0.34 0. 0.07
0.34 0. 0.08
0.34 0. 0.09
0.34 0. 0.1
0.34 0.01 0.
0.34 0.01 0.01
0.34 0.01 0.02
0.34 0.01 0.03
0.34 0.01 0.04
0.34 0.01 0.05
0.34 0.01 0.06
0.34 0.01 0.07
0.34 0.01 0.08
0.34 0.01 0.09
0.34 0.01 0.1
0.34 0.02 0.
0.34 0.02 0.01
0.34 0.02 0.02
0.34 0.02 0.03
0.34 0.02 0.04
0.34 0.02 0.05
0.34 0.02 0.06
0.34 0.02 0.07
0.34 0.02 0.08
0.34 0.02 0.09
0.34 0.02 0.1
0.34 0.03 0.
0.34 0.03 0.01
0.34 0.03 0.02
0.34 0.03 0.03
0.34 0.03 0.04
0.34 0.03 0.05
0.34 0.03 0.06
0.34 0.03 0.07
0.34 0.03 0.08
0.34 0.03 0.09
0.34 0.03 0.1
0.34 0.04 0.
0.34 0.04 0.01
0.34 0.04 0.02
0.34 0.04 0.03
0.34 0.04 0.04
0.34 0.04 0.05
0.34 0.04 0.06
0.34 0.04 0.07
0.34 0.04 0.08
0.34 0.04 0.09
0.34 0.04 0.1
0.34 0.05 0.
0.34 0.05 0.01
0.34 0.05 0.02
0.34 0.05 0.03
0.34 0.05 0.04
0.34 0.05 0.05
0.34 0.05 0.06
0.34 0.05 0.07
0.34 0.05 0.08
0.34 0.05 0.09
0.34 0.05 0.1
0.34 0.06 0.
0.34 0.06 0.01
0.34 0.06 0.02
0.34 0.06 0.03
0.34 0.06 0.04
0.34 0.06 0.05
0.34 0.06 0.06
0.34 0.06 0.07
0.34 0.06 0.08
0.34 0.06 0.09
0.34 0.06 0.1
0.34 0.07 0.
0.34 0.07 0.01
0.34 0.07 0.02
0.34 0.07 0.03
0.34 0.07 0.04
0.34 0.07 0.05
0.34 0.07 0.06
0.34 0.07 0.07
0.34 0.07 0.08
0.34 0.07 0.09
0.34 0.07 0.1
0.34 0.08 0.
0.34 0.08 0.01
0.34 0.08 0.02
0.34 0.08 0.03
0.34 0.08 0.04
0.34 0.08 0.05
0.34 0.08 0.06
0.34 0.08 0.07
0.34 0.08 0.08
0.34 0.08 0.09
0.34 0.08 0.1
0.34 0.09 0.
0.34 0.09 0.01
0.34 0.09 0.02
0.34 0.09 0.03
0.34 0.09 0.04
0.34 0.09 0.05
0.34 0.09 0.06
0.34 0.09 0.07
0.34 0.09 0.08
0.34 0.09 0.09
0.34 0.09 0.1
0.34 0.1 0.
0.34 0.1 0.01
0.34 0.1 0.02
0.34 0.1 0.03
0.34 0.1 0.04
0.34 0.1 0.05
0.34 0.1 0.06
0.34 0.1 0.07
0.34 0.1 0.08
0.34 0.1 0.09
0.34 0.1 0.1
0.35 0. 0.
0.35 0. 0.01
0.35 0. 0.02
0.35 0. 0.03
0.35 0. 0.04
0.35 0. 0.05
0.35 0. 0.06
0.35 0. 0.07
0.35 0. 0.08
0.35 0. 0.09
0.35 0. 0.1
0.35 0.01 0.
0.35 0.01 0.01
0.35 0.01 0.02
0.35 0.01 0.03
0.35 0.01 0.04
0.35 0.01 0.05
0.35 0.01 0.06
0.35 0.01 0.07
0.35 0.01 0.08
0.35 0.01 0.09
0.35 0.01 0.1
0.35 0.02 0.
0.35 0.02 0.01
0.35 0.02 0.02
0.35 0.02 0.03
0.35 0.02 0.04
0.35 0.02 0.05
0.35 0.02 0.06
0.35 0.02 0.07
0.35 0.02 0.08
0.35 0.02 0.09
0.35 0.02 0.1
0.35 0.03 0.
0.35 0.03 0.01
0.35 0.03 0.02
0.35 0.03 0.03
0.35 0.03 0.04
0.35 0.03 0.05
0.35 0.03 0.06
0.35 0.03 0.07
0.35 0.03 0.08
0.35 0.03 0.09
0.35 0.03 0.1
0.35 0.04 0.
0.35 0.04 0.01
0.35 0.04 0.02
0.35 0.04 0.03
0.35 0.04 0.04
0.35 0.04 0.05
0.35 0.04 0.06
0.35 0.04 0.07
0.35 0.04 0.08
0.35 0.04 0.09
0.35 0.04 0.1
0.35 0.05 0.
0.35 0.05 0.01
0.35 0.05 0.02
0.35 0.05 0.03
0.35 0.05 0.04
0.35 0.05 0.05
0.35 0.05 0.06
0.35 0.05 0.07
0.35 0.05 0.08
0.35 0.05 0.09
0.35 0.05 0.1
0.35 0.06 0.
0.35 0.06 0.01
0.35 0.06 0.02
0.35 0.06 0.03
0.35 0.06 0.04
0.35 0.06 0.05
0.35 0.06 0.06
0.35 0.06 0.07
0.35 0.06 0.08
0.35 0.06 0.09
0.35 0.06 0.1
0.35 0.07 0.
0.35 0.07 0.01
0.35 0.07 0.02
0.35 0.07 0.03
0.35 0.07 0.04
0.35 0.07 0.05
0.35 0.07 0.06
0.35 0.07 0.07
0.35 0.07 0.08
0.35 0.07 0.09
0.35 0.07 0.1
0.35 0.08 0.
0.35 0.08 0.01
0.35 0.08 0.02
0.35 0.08 0.03
0.35 0.08 0.04
0.35 0.08 0.05
0.35 0.08 0.06
0.35 0.08 0.07
0.35 0.08 0.08
0.35 0.08 0.09
0.35 0.08 0.1
0.35 0.09 0.
0.35 0.09 0.01
0.35 0.09 0.02
0.35 0.09 0.03
0.35 0.09 0.04
0.35 0.09 0.05
0.35 0.09 0.06
0.35 0.09 0.07
0.35 0.09 0.08
0.35 0.09 0.09
0.35 0.09 0.1
0.35 0.1 0.
0.35 0.1 0.01
0.35 0.1 0.02
0.35 0.1 0.03
0.35 0.1 0.04
0.35 0.1 0.05
0.35 0.1 0.06
0.35 0.1 0.07
0.35 0.1 0.08
0.35 0.1 0.09
0.35 0.1 0.1
0.36 0. 0.
0.36 0. 0.01
0.36 0. 0.02
0.36 0. 0.03
0.36 0. 0.04
0.36 0. 0.05
0.36 0. 0.06
0.36 0. 0.07
0.36 0. 0.08
0.36 0. 0.09
0.36 0. 0.1
0.36 0.01 0.
0.36 0.01 0.01
0.36 0.01 0.02
0.36 0.01 0.03
0.36 0.01 0.04
0.36 0.01 0.05
0.36 0.01 0.06
0.36 0.01 0.07
0.36 0.01 0.08
0.36 0.01 0.09
0.36 0.01 0.1
0.36 0.02 0.
0.36 0.02 0.01
0.36 0.02 0.02
0.36 0.02 0.03
0.36 0.02 0.04
0.36 0.02 0.05
0.36 0.02 0.06
0.36 0.02 0.07
0.36 0.02 0.08
0.36 0.02 0.09
0.36 0.02 0.1
0.36 0.03 0.
0.36 0.03 0.01
0.36 0.03 0.02
0.36 0.03 0.03
0.36 0.03 0.04
0.36 0.03 0.05
0.36 0.03 0.06
0.36 0.03 0.07
0.36 0.03 0.08
0.36 0.03 0.09
0.36 0.03 0.1
0.36 0.04 0.
0.36 0.04 0.01
0.36 0.04 0.02
0.36 0.04 0.03
0.36 0.04 0.04
0.36 0.04 0.05
0.36 0.04 0.06
0.36 0.04 0.07
0.36 0.04 0.08
0.36 0.04 0.09
0.36 0.04 0.1
0.36 0.05 0.
0.36 0.05 0.01
0.36 0.05 0.02
0.36 0.05 0.03
0.36 0.05 0.04
0.36 0.05 0.05
0.36 0.05 0.06
0.36 0.05 0.07
0.36 0.05 0.08
0.36 0.05 0.09
0.36 0.05 0.1
0.36 0.06 0.
0.36 0.06 0.01
0.36 0.06 0.02
0.36 0.06 0.03
0.36 0.06 0.04
0.36 0.06 0.05
0.36 0.06 0.06
0.36 0.06 0.07
0.36 0.06 0.08
0.36 0.06 0.09
0.36 0.06 0.1
0.36 0.07 0.
0.36 0.07 0.01
0.36 0.07 0.02
0.36 0.07 0.03
0.36 0.07 0.04
0.36 0.07 0.05
0.36 0.07 0.06
0.36 0.07 0.07
0.36 0.07 0.08
0.36 0.07 0.09
0.36 0.07 0.1
0.36 0.08 0.
0.36 0.08 0.01
0.36 0.08 0.02
0.36 0.08 0.03
0.36 0.08 0.04
0.36 0.08 0.05
0.36 0.08 0.06
0.36 0.08 0.07
0.36 0.08 0.08
0.36 0.08 0.09
0.36 0.08 0.1
0.36 0.09 0.
0.36 0.09 0.01
0.36 0.09 0.02
0.36 0.09 0.03
0.36 0.09 0.04
0.36 0.09 0.05
0.36 0.09 0.06
0.36 0.09 0.07
0.36 0.09 0.08
0.36 0.09 0.09
0.36 0.09 0.1
0.36 0.1 0.
0.36 0.1 0.01
0.36 0.1 0.02
0.36 0.1 0.03
0.36 0.1 0.04
0.36 0.1 0.05
0.36 0.1 0.06
0.36 0.1 0.07
0.36 0.1 0.08
0.36 0.1 0.09
0.36 0.1 0.1
0.37 0. 0.
0.37 0. 0.01
0.37 0. 0.02
0.37 0. 0.03
0.37 0. 0.04
0.37 0. 0.05
0.37 0. 0.06
0.37 0. 0.07
0.37 0. 0.08
0.37 0. 0.09
0.37 0. 0.1
0.37 0.01 0.
0.37 0.01 0.01
0.37 0.01 0.02
0.37 0.01 0.03
0.37 0.01 0.04
0.37 0.01 0.05
0.37 0.01 0.06
0.37 0.01 0.07
0.37 0.01 0.08
0.37 0.01 0.09
0.37 0.01 0.1
0.37 0.02 0.
0.37 0.02 0.01
0.37 0.02 0.02
0.37 0.02 0.03
0.37 0.02 0.04
0.37 0.02 0.05
0.37 0.02 0.06
0.37 0.02 0.07
0.37 0.02 0.08
0.37 0.02 0.09
0.37 0.02 0.1
0.37 0.03 0.
0.37 0.03 0.01
0.37 0.03 0.02
0.37 0.03 0.03
0.37 0.03 0.04
0.37 0.03 0.05
0.37 0.03 0.06
0.37 0.03 0.07
0.37 0.03 0.08
0.37 0.03 0.09
0.37 0.03 0.1
0.37 0.04 0.
0.37 0.04 0.01
0.37 0.04 0.02
0.37 0.04 0.03
0.37 0.04 0.04
0.37 0.04 0.05
0.37 0.04 0.06
0.37 0.04 0.07
0.37 0.04 0.08
0.37 0.04 0.09
0.37 0.04 0.1
0.37 0.05 0.
0.37 0.05 0.01
0.37 0.05 0.02
0.37 0.05 0.03
0.37 0.05 0.04
0.37 0.05 0.05
0.37 0.05 0.06
0.37 0.05 0.07
0.37 0.05 0.08
0.37 0.05 0.09
0.37 0.05 0.1
0.37 0.06 0.
0.37 0.06 0.01
0.37 0.06 0.02
0.37 0.06 0.03
0.37 0.06 0.04
0.37 0.06 0.05
0.37 0.06 0.06
0.37 0.06 0.07
0.37 0.06 0.08
0.37 0.06 0.09
0.37 0.06 0.1
0.37 0.07 0.
0.37 0.07 0.01
0.37 0.07 0.02
0.37 0.07 0.03
0.37 0.07 0.04
0.37 0.07 0.05
0.37 0.07 0.06
0.37 0.07 0.07
0.37 0.07 0.08
0.37 0.07 0.09
0.37 0.07 0.1
0.37 0.08 0.
0.37 0.08 0.01
0.37 0.08 0.02
0.37 0.08 0.03
0.37 0.08 0.04
0.37 0.08 0.05
0.37 0.08 0.06
0.37 0.08 0.07
0.37 0.08 0.08
0.37 0.08 0.09
0.37 0.08 0.1
0.37 0.09 0.
0.37 0.09 0.01
0.37 0.09 0.02
0.37 0.09 0.03
0.37 0.09 0.04
0.37 0.09 0.05
0.37 0.09 0.06
0.37 0.09 0.07
0.37 0.09 0.08
0.37 0.09 0.09
0.37 0.09 0.1
0.37 0.1 0.
0.37 0.1 0.01
0.37 0.1 0.02
0.37 0.1 0.03
0.37 0.1 0.04
0.37 0.1 0.05
0.37 0.1 0.06
0.37 0.1 0.07
0.37 0.1 0.08
0.37 0.1 0.09
0.37 0.1 0.1
0.38 0. 0.
0.38 0. 0.01
0.38 0. 0.02
0.38 0. 0.03
0.38 0. 0.04
0.38 0. 0.05
0.38 0. 0.06
0.38 0. 0.07
0.38 0. 0.08
0.38 0. 0.09
0.38 0. 0.1
0.38 0.01 0.
0.38 0.01 0.01
0.38 0.01 0.02
0.38 0.01 0.03
0.38 0.01 0.04
0.38 0.01 0.05
0.38 0.01 0.06
0.38 0.01 0.07
0.38 0.01 0.08
0.38 0.01 0.09
0.38 0.01 0.1
0.38 0.02 0.
0.38 0.02 0.01
0.38 0.02 0.02
0.38 0.02 0.03
0.38 0.02 0.04
0.38 0.02 0.05
0.38 0.02 0.06
0.38 0.02 0.07
0.38 0.02 0.08
0.38 0.02 0.09
0.38 0.02 0.1
0.38 0.03 0.
0.38 0.03 0.01
0.38 0.03 0.02
0.38 0.03 0.03
0.38 0.03 0.04
0.38 0.03 0.05
0.38 0.03 0.06
0.38 0.03 0.07
0.38 0.03 0.08
0.38 0.03 0.09
0.38 0.03 0.1
0.38 0.04 0.
0.38 0.04 0.01
0.38 0.04 0.02
0.38 0.04 0.03
0.38 0.04 0.04
0.38 0.04 0.05
0.38 0.04 0.06
0.38 0.04 0.07
0.38 0.04 0.08
0.38 0.04 0.09
0.38 0.04 0.1
0.38 0.05 0.
0.38 0.05 0.01
0.38 0.05 0.02
0.38 0.05 0.03
0.38 0.05 0.04
0.38 0.05 0.05
0.38 0.05 0.06
0.38 0.05 0.07
0.38 0.05 0.08
0.38 0.05 0.09
0.38 0.05 0.1
0.38 0.06 0.
0.38 0.06 0.01
0.38 0.06 0.02
0.38 0.06 0.03
0.38 0.06 0.04
0.38 0.06 0.05
0.38 0.06 0.06
0.38 0.06 0.07
0.38 0.06 0.08
0.38 0.06 0.09
0.38 0.06 0.1
0.38 0.07 0.
0.38 0.07 0.01
0.38 0.07 0.02
0.38 0.07 0.03
0.38 0.07 0.04
0.38 0.07 0.05
0.38 0.07 0.06
0.38 0.07 0.07
0.38 0.07 0.08
0.38 0.07 0.09
0.38 0.07 0.1
0.38 0.08 0.
0.38 0.08 0.01
0.38 0.08 0.02
0.38 0.08 0.03
0.38 0.08 0.04
0.38 0.08 0.05
0.38 0.08 0.06
0.38 0.08 0.07
0.38 0.08 0.08
0.38 0.08 0.09
0.38 0.08 0.1
0.38 0.09 0.
0.38 0.09 0.01
0.38 0.09 0.02
0.38 0.09 0.03
0.38 0.09 0.04
0.38 0.09 0.05
0.38 0.09 0.06
0.38 0.09 0.07
0.38 0.09 0.08
0.38 0.09 0.09
0.38 0.09 0.1
0.38 0.1 0.
0.38 0.1 0.01
0.38 0.1 0.02
0.38 0.1 0.03
0.38 0.1 0.04
0.38 0.1 0.05
0.38 0.1 0.06
0.38 0.1 0.07
0.38 0.1 0.08
0.38 0.1 0.09
0.38 0.1 0.1
0.39 0. 0.
0.39 0. 0.01
0.39 0. 0.02
0.39 0. 0.03
0.39 0. 0.04
0.39 0. 0.05
0.39 0. 0.06
0.39 0. 0.07
0.39 0. 0.08
0.39 0. 0.09
0.39 0. 0.1
0.39 0.01 0.
0.39 0.01 0.01
0.39 0.01 0.02
0.39 0.01 0.03
0.39 0.01 0.04
0.39 0.01 0.05
0.39 0.01 0.06
0.39 0.01 0.07
0.39 0.01 0.08
0.39 0.01 0.09
0.39 0.01 0.1
0.39 0.02 0.
0.39 0.02 0.01
0.39 0.02 0.02
0.39 0.02 0.03
0.39 0.02 0.04
0.39 0.02 0.05
0.39 0.02 0.06
0.39 0.02 0.07
0.39 0.02 0.08
0.39 0.02 0.09
0.39 0.02 0.1
0.39 0.03 0.
0.39 0.03 0.01
0.39 0.03 0.02
0.39 0.03 0.03
0.39 0.03 0.04
0.39 0.03 0.05
0.39 0.03 0.06
0.39 0.03 0.07
0.39 0.03 0.08
0.39 0.03 0.09
0.39 0.03 0.1
0.39 0.04 0.
0.39 0.04 0.01
0.39 0.04 0.02
0.39 0.04 0.03
0.39 0.04 0.04
0.39 0.04 0.05
0.39 0.04 0.06
0.39 0.04 0.07
0.39 0.04 0.08
0.39 0.04 0.09
0.39 0.04 0.1
0.39 0.05 0.
0.39 0.05 0.01
0.39 0.05 0.02
0.39 0.05 0.03
0.39 0.05 0.04
0.39 0.05 0.05
0.39 0.05 0.06
0.39 0.05 0.07
0.39 0.05 0.08
0.39 0.05 0.09
0.39 0.05 0.1
0.39 0.06 0.
0.39 0.06 0.01
0.39 0.06 0.02
0.39 0.06 0.03
0.39 0.06 0.04
0.39 0.06 0.05
0.39 0.06 0.06
0.39 0.06 0.07
0.39 0.06 0.08
0.39 0.06 0.09
0.39 0.06 0.1
0.39 0.07 0.
0.39 0.07 0.01
0.39 0.07 0.02
0.39 0.07 0.03
0.39 0.07 0.04
0.39 0.07 0.05
0.39 0.07 0.06
0.39 0.07 0.07
0.39 0.07 0.08
0.39 0.07 0.09
0.39 0.07 0.1
0.39 0.08 0.
0.39 0.08 0.01
0.39 0.08 0.02
0.39 0.08 0.03
0.39 0.08 0.04
0.39 0.08 0.05
0.39 0.08 0.06
0.39 0.08 0.07
0.39 0.08 0.08
0.39 0.08 0.09
0.39 0.08 0.1
0.39 0.09 0.
0.39 0.09 0.01
0.39 0.09 0.02
0.39 0.09 0.03
0.39 0.09 0.04
0.39 0.09 0.05
0.39 0.09 0.06
0.39 0.09 0.07
0.39 0.09 0.08
0.39 0.09 0.09
0.39 0.09 0.1
0.39 0.1 0.
0.39 0.1 0.01
0.39 0.1 0.02
0.39 0.1 0.03
0.39 0.1 0.04
0.39 0.1 0.05
0.39 0.1 0.06
0.39 0.1 0.07
0.39 0.1 0.08
0.39 0.1 0.09
0.39 0.1 0.1
0.4 0. 0.
0.4 0. 0.01
0.4 0. 0.02
0.4 0. 0.03
0.4 0. 0.04
0.4 0. 0.05
0.4 0. 0.06
0.4 0. 0.07
0.4 0. 0.08
0.4 0. 0.09
0.4 0. 0.1
0.4 0.01 0.
0.4 0.01 0.01
0.4 0.01 0.02
0.4 0.01 0.03
0.4 0.01 0.04
0.4 0.01 0.05
0.4 0.01 0.06
0.4 0.01 0.07
0.4 0.01 0.08
0.4 0.01 0.09
0.4 0.01 0.1
0.4 0.02 0.
0.4 0.02 0.01
0.4 0.02 0.02
0.4 0.02 0.03
0.4 0.02 0.04
0.4 0.02 0.05
0.4 0.02 0.06
0.4 0.02 0.07
0.4 0.02 0.08
0.4 0.02 0.09
0.4 0.02 0.1
0.4 0.03 0.
0.4 0.03 0.01
0.4 0.03 0.02
0.4 0.03 0.03
0.4 0.03 0.04
0.4 0.03 0.05
0.4 0.03 0.06
0.4 0.03 0.07
0.4 0.03 0.08
0.4 0.03 0.09
0.4 0.03 0.1
0.4 0.04 0.
0.4 0.04 0.01
0.4 0.04 0.02
0.4 0.04 0.03
0.4 0.04 0.04
0.4 0.04 0.05
0.4 0.04 0.06
0.4 0.04 0.07
0.4 0.04 0.08
0.4 0.04 0.09
0.4 0.04 0.1
0.4 0.05 0.
0.4 0.05 0.01
0.4 0.05 0.02
0.4 0.05 0.03
0.4 0.05 0.04
0.4 0.05 0.05
0.4 0.05 0.06
0.4 0.05 0.07
0.4 0.05 0.08
0.4 0.05 0.09
0.4 0.05 0.1
0.4 0.06 0.
0.4 0.06 0.01
0.4 0.06 0.02
0.4 0.06 0.03
0.4 0.06 0.04
0.4 0.06 0.05
0.4 0.06 0.06
0.4 0.06 0.07
0.4 0.06 0.08
0.4 0.06 0.09
0.4 0.06 0.1
0.4 0.07 0.
0.4 0.07 0.01
0.4 0.07 0.02
0.4 0.07 0.03
0.4 0.07 0.04
0.4 0.07 0.05
0.4 0.07 0.06
0.4 0.07 0.07
0.4 0.07 0.08
0.4 0.07 0.09
0.4 0.07 0.1
0.4 0.08 0.
0.4 0.08 0.01
0.4 0.08 0.02
0.4 0.08 0.03
0.4 0.08 0.04
0.4 0.08 0.05
0.4 0.08 0.06
0.4 0.08 0.07
0.4 0.08 0.08
0.4 0.08 0.09
0.4 0.08 0.1
0.4 0.09 0.
0.4 0.09 0.01
0.4 0.09 0.02
0.4 0.09 0.03
0.4 0.09 0.04
0.4 0.09 0.05
0.4 0.09 0.06
0.4 0.09 0.07
0.4 0.09 0.08
0.4 0.09 0.09
0.4 0.09 0.1
0.4 0.1 0.
0.4 0.1 0.01
0.4 0.1 0.02
0.4 0.1 0.03
0.4 0.1 0.04
0.4 0.1 0.05
0.4 0.1 0.06
0.4 0.1 0.07
0.4 0.1 0.08
0.4 0.1 0.09
0.4 0.1 0.1
0.41 0. 0.
0.41 0. 0.01
0.41 0. 0.02
0.41 0. 0.03
0.41 0. 0.04
0.41 0. 0.05
0.41 0. 0.06
0.41 0. 0.07
0.41 0. 0.08
0.41 0. 0.09
0.41 0. 0.1
0.41 0.01 0.
0.41 0.01 0.01
0.41 0.01 0.02
0.41 0.01 0.03
0.41 0.01 0.04
0.41 0.01 0.05
0.41 0.01 0.06
0.41 0.01 0.07
0.41 0.01 0.08
0.41 0.01 0.09
0.41 0.01 0.1
0.41 0.02 0.
0.41 0.02 0.01
0.41 0.02 0.02
0.41 0.02 0.03
0.41 0.02 0.04
0.41 0.02 0.05
0.41 0.02 0.06
0.41 0.02 0.07
0.41 0.02 0.08
0.41 0.02 0.09
0.41 0.02 0.1
0.41 0.03 0.
0.41 0.03 0.01
0.41 0.03 0.02
0.41 0.03 0.03
0.41 0.03 0.04
0.41 0.03 0.05
0.41 0.03 0.06
0.41 0.03 0.07
0.41 0.03 0.08
0.41 0.03 0.09
0.41 0.03 0.1
0.41 0.04 0.
0.41 0.04 0.01
0.41 0.04 0.02
0.41 0.04 0.03
0.41 0.04 0.04
0.41 0.04 0.05
0.41 0.04 0.06
0.41 0.04 0.07
0.41 0.04 0.08
0.41 0.04 0.09
0.41 0.04 0.1
0.41 0.05 0.
0.41 0.05 0.01
0.41 0.05 0.02
0.41 0.05 0.03
0.41 0.05 0.04
0.41 0.05 0.05
0.41 0.05 0.06
0.41 0.05 0.07
0.41 0.05 0.08
0.41 0.05 0.09
0.41 0.05 0.1
0.41 0.06 0.
0.41 0.06 0.01
0.41 0.06 0.02
0.41 0.06 0.03
0.41 0.06 0.04
0.41 0.06 0.05
0.41 0.06 0.06
0.41 0.06 0.07
0.41 0.06 0.08
0.41 0.06 0.09
0.41 0.06 0.1
0.41 0.07 0.
0.41 0.07 0.01
0.41 0.07 0.02
0.41 0.07 0.03
0.41 0.07 0.04
0.41 0.07 0.05
0.41 0.07 0.06
0.41 0.07 0.07
0.41 0.07 0.08
0.41 0.07 0.09
0.41 0.07 0.1
0.41 0.08 0.
0.41 0.08 0.01
0.41 0.08 0.02
0.41 0.08 0.03
0.41 0.08 0.04
0.41 0.08 0.05
0.41 0.08 0.06
0.41 0.08 0.07
0.41 0.08 0.08
0.41 0.08 0.09
0.41 0.08 0.1
0.41 0.09 0.
0.41 0.09 0.01
0.41 0.09 0.02
0.41 0.09 0.03
0.41 0.09 0.04
0.41 0.09 0.05
0.41 0.09 0.06
0.41 0.09 0.07
0.41 0.09 0.08
0.41 0.09 0.09
0.41 0.09 0.1
0.41 0.1 0.
0.41 0.1 0.01
0.41 0.1 0.02
0.41 0.1 0.03
0.41 0.1 0.04
0.41 0.1 0.05
0.41 0.1 0.06
0.41 0.1 0.07
0.41 0.1 0.08
0.41 0.1 0.09
0.41 0.1 0.1
0.42 0. 0.
0.42 0. 0.01
0.42 0. 0.02
0.42 0. 0.03
0.42 0. 0.04
0.42 0. 0.05
0.42 0. 0.06
0.42 0. 0.07
0.42 0. 0.08
0.42 0. 0.09
0.42 0. 0.1
0.42 0.01 0.
0.42 0.01 0.01
0.42 0.01 0.02
0.42 0.01 0.03
0.42 0.01 0.04
0.42 0.01 0.05
0.42 0.01 0.06
0.42 0.01 0.07
0.42 0.01 0.08
0.42 0.01 0.09
0.42 0.01 0.1
0.42 0.02 0.
0.42 0.02 0.01
0.42 0.02 0.02
0.42 0.02 0.03
0.42 0.02 0.04
0.42 0.02 0.05
0.42 0.02 0.06
0.42 0.02 0.07
0.42 0.02 0.08
0.42 0.02 0.09
0.42 0.02 0.1
0.42 0.03 0.
0.42 0.03 0.01
0.42 0.03 0.02
0.42 0.03 0.03
0.42 0.03 0.04
0.42 0.03 0.05
0.42 0.03 0.06
0.42 0.03 0.07
0.42 0.03 0.08
0.42 0.03 0.09
0.42 0.03 0.1
0.42 0.04 0.
0.42 0.04 0.01
0.42 0.04 0.02
0.42 0.04 0.03
0.42 0.04 0.04
0.42 0.04 0.05
0.42 0.04 0.06
0.42 0.04 0.07
0.42 0.04 0.08
0.42 0.04 0.09
0.42 0.04 0.1
0.42 0.05 0.
0.42 0.05 0.01
0.42 0.05 0.02
0.42 0.05 0.03
0.42 0.05 0.04
0.42 0.05 0.05
0.42 0.05 0.06
0.42 0.05 0.07
0.42 0.05 0.08
0.42 0.05 0.09
0.42 0.05 0.1
0.42 0.06 0.
0.42 0.06 0.01
0.42 0.06 0.02
0.42 0.06 0.03
0.42 0.06 0.04
0.42 0.06 0.05
0.42 0.06 0.06
0.42 0.06 0.07
0.42 0.06 0.08
0.42 0.06 0.09
0.42 0.06 0.1
0.42 0.07 0.
0.42 0.07 0.01
0.42 0.07 0.02
0.42 0.07 0.03
0.42 0.07 0.04
0.42 0.07 0.05
0.42 0.07 0.06
0.42 0.07 0.07
0.42 0.07 0.08
0.42 0.07 0.09
0.42 0.07 0.1
0.42 0.08 0.
0.42 0.08 0.01
0.42 0.08 0.02
0.42 0.08 0.03
0.42 0.08 0.04
0.42 0.08 0.05
0.42 0.08 0.06
0.42 0.08 0.07
0.42 0.08 0.08
0.42 0.08 0.09
0.42 0.08 0.1
0.42 0.09 0.
0.42 0.09 0.01
0.42 0.09 0.02
0.42 0.09 0.03
0.42 0.09 0.04
0.42 0.09 0.05
0.42 0.09 0.06
0.42 0.09 0.07
0.42 0.09 0.08
0.42 0.09 0.09
0.42 0.09 0.1
0.42 0.1 0.
0.42 0.1 0.01
0.42 0.1 0.02
0.42 0.1 0.03
0.42 0.1 0.04
0.42 0.1 0.05
0.42 0.1 0.06
0.42 0.1 0.07
0.42 0.1 0.08
0.42 0.1 0.09
0.42 0.1 0.1
0.43 0. 0.
0.43 0. 0.01
0.43 0. 0.02
0.43 0. 0.03
0.43 0. 0.04
0.43 0. 0.05
0.43 0. 0.06
0.43 0. 0.07
0.43 0. 0.08
0.43 0. 0.09
0.43 0. 0.1
0.43 0.01 0.
0.43 0.01 0.01
0.43 0.01 0.02
0.43 0.01 0.03
0.43 0.01 0.04
0.43 0.01 0.05
0.43 0.01 0.06
0.43 0.01 0.07
0.43 0.01 0.08
0.43 0.01 0.09
0.43 0.01 0.1
0.43 0.02 0.
0.43 0.02 0.01
0.43 0.02 0.02
0.43 0.02 0.03
0.43 0.02 0.04
0.43 0.02 0.05
0.43 0.02 0.06
0.43 0.02 0.07
0.43 0.02 0.08
0.43 0.02 0.09
0.43 0.02 0.1
0.43 0.03 0.
0.43 0.03 0.01
0.43 0.03 0.02
0.43 0.03 0.03
0.43 0.03 0.04
0.43 0.03 0.05
0.43 0.03 0.06
0.43 0.03 0.07
0.43 0.03 0.08
0.43 0.03 0.09
0.43 0.03 0.1
0.43 0.04 0.
0.43 0.04 0.01
0.43 0.04 0.02
0.43 0.04 0.03
0.43 0.04 0.04
0.43 0.04 0.05
0.43 0.04 0.06
0.43 0.04 0.07
0.43 0.04 0.08
0.43 0.04 0.09
0.43 0.04 0.1
0.43 0.05 0.
0.43 0.05 0.01
0.43 0.05 0.02
0.43 0.05 0.03
0.43 0.05 0.04
0.43 0.05 0.05
0.43 0.05 0.06
0.43 0.05 0.07
0.43 0.05 0.08
0.43 0.05 0.09
0.43 0.05 0.1
0.43 0.06 0.
0.43 0.06 0.01
0.43 0.06 0.02
0.43 0.06 0.03
0.43 0.06 0.04
0.43 0.06 0.05
0.43 0.06 0.06
0.43 0.06 0.07
0.43 0.06 0.08
0.43 0.06 0.09
0.43 0.06 0.1
0.43 0.07 0.
0.43 0.07 0.01
0.43 0.07 0.02
0.43 0.07 0.03
0.43 0.07 0.04
0.43 0.07 0.05
0.43 0.07 0.06
0.43 0.07 0.07
0.43 0.07 0.08
0.43 0.07 0.09
0.43 0.07 0.1
0.43 0.08 0.
0.43 0.08 0.01
0.43 0.08 0.02
0.43 0.08 0.03
0.43 0.08 0.04
0.43 0.08 0.05
0.43 0.08 0.06
0.43 0.08 0.07
0.43 0.08 0.08
0.43 0.08 0.09
0.43 0.08 0.1
0.43 0.09 0.
0.43 0.09 0.01
0.43 0.09 0.02
0.43 0.09 0.03
0.43 0.09 0.04
0.43 0.09 0.05
0.43 0.09 0.06
0.43 0.09 0.07
0.43 0.09 0.08
0.43 0.09 0.09
0.43 0.09 0.1
0.43 0.1 0.
0.43 0.1 0.01
0.43 0.1 0.02
0.43 0.1 0.03
0.43 0.1 0.04
0.43 0.1 0.05
0.43 0.1 0.06
0.43 0.1 0.07
0.43 0.1 0.08
0.43 0.1 0.09
0.43 0.1 0.1
0.44 0. 0.
0.44 0. 0.01
0.44 0. 0.02
0.44 0. 0.03
0.44 0. 0.04
0.44 0. 0.05
0.44 0. 0.06
0.44 0. 0.07
0.44 0. 0.08
0.44 0. 0.09
0.44 0. 0.1
0.44 0.01 0.
0.44 0.01 0.01
0.44 0.01 0.02
0.44 0.01 0.03
0.44 0.01 0.04
0.44 0.01 0.05
0.44 0.01 0.06
0.44 0.01 0.07
0.44 0.01 0.08
0.44 0.01 0.09
0.44 0.01 0.1
0.44 0.02 0.
0.44 0.02 0.01
0.44 0.02 0.02
0.44 0.02 0.03
0.44 0.02 0.04
0.44 0.02 0.05
0.44 0.02 0.06
0.44 0.02 0.07
0.44 0.02 0.08
0.44 0.02 0.09
0.44 0.02 0.1
0.44 0.03 0.
0.44 0.03 0.01
0.44 0.03 0.02
0.44 0.03 0.03
0.44 0.03 0.04
0.44 0.03 0.05
0.44 0.03 0.06
0.44 0.03 0.07
0.44 0.03 0.08
0.44 0.03 0.09
0.44 0.03 0.1
0.44 0.04 0.
0.44 0.04 0.01
0.44 0.04 0.02
0.44 0.04 0.03
0.44 0.04 0.04
0.44 0.04 0.05
0.44 0.04 0.06
0.44 0.04 0.07
0.44 0.04 0.08
0.44 0.04 0.09
0.44 0.04 0.1
0.44 0.05 0.
0.44 0.05 0.01
0.44 0.05 0.02
0.44 0.05 0.03
0.44 0.05 0.04
0.44 0.05 0.05
0.44 0.05 0.06
0.44 0.05 0.07
0.44 0.05 0.08
0.44 0.05 0.09
0.44 0.05 0.1
0.44 0.06 0.
0.44 0.06 0.01
0.44 0.06 0.02
0.44 0.06 0.03
0.44 0.06 0.04
0.44 0.06 0.05
0.44 0.06 0.06
0.44 0.06 0.07
0.44 0.06 0.08
0.44 0.06 0.09
0.44 0.06 0.1
0.44 0.07 0.
0.44 0.07 0.01
0.44 0.07 0.02
0.44 0.07 0.03
0.44 0.07 0.04
0.44 0.07 0.05
0.44 0.07 0.06
0.44 0.07 0.07
0.44 0.07 0.08
0.44 0.07 0.09
0.44 0.07 0.1
0.44 0.08 0.
0.44 0.08 0.01
0.44 0.08 0.02
0.44 0.08 0.03
0.44 0.08 0.04
0.44 0.08 0.05
0.44 0.08 0.06
0.44 0.08 0.07
0.44 0.08 0.08
0.44 0.08 0.09
0.44 0.08 0.1
0.44 0.09 0.
0.44 0.09 0.01
0.44 0.09 0.02
0.44 0.09 0.03
0.44 0.09 0.04
0.44 0.09 0.05
0.44 0.09 0.06
0.44 0.09 0.07
0.44 0.09 0.08
0.44 0.09 0.09
0.44 0.09 0.1
0.44 0.1 0.
0.44 0.1 0.01
0.44 0.1 0.02
0.44 0.1 0.03
0.44 0.1 0.04
0.44 0.1 0.05
0.44 0.1 0.06
0.44 0.1 0.07
0.44 0.1 0.08
0.44 0.1 0.09
0.44 0.1 0.1
0.45 0. 0.
0.45 0. 0.01
0.45 0. 0.02
0.45 0. 0.03
0.45 0. 0.04
0.45 0. 0.05
0.45 0. 0.06
0.45 0. 0.07
0.45 0. 0.08
0.45 0. 0.09
0.45 0. 0.1
0.45 0.01 0.
0.45 0.01 0.01
0.45 0.01 0.02
0.45 0.01 0.03
0.45 0.01 0.04
0.45 0.01 0.05
0.45 0.01 0.06
0.45 0.01 0.07
0.45 0.01 0.08
0.45 0.01 0.09
0.45 0.01 0.1
0.45 0.02 0.
0.45 0.02 0.01
0.45 0.02 0.02
0.45 0.02 0.03
0.45 0.02 0.04
0.45 0.02 0.05
0.45 0.02 0.06
0.45 0.02 0.07
0.45 0.02 0.08
0.45 0.02 0.09
0.45 0.02 0.1
0.45 0.03 0.
0.45 0.03 0.01
0.45 0.03 0.02
0.45 0.03 0.03
0.45 0.03 0.04
0.45 0.03 0.05
0.45 0.03 0.06
0.45 0.03 0.07
0.45 0.03 0.08
0.45 0.03 0.09
0.45 0.03 0.1
0.45 0.04 0.
0.45 0.04 0.01
0.45 0.04 0.02
0.45 0.04 0.03
0.45 0.04 0.04
0.45 0.04 0.05
0.45 0.04 0.06
0.45 0.04 0.07
0.45 0.04 0.08
0.45 0.04 0.09
0.45 0.04 0.1
0.45 0.05 0.
0.45 0.05 0.01
0.45 0.05 0.02
0.45 0.05 0.03
0.45 0.05 0.04
0.45 0.05 0.05
0.45 0.05 0.06
0.45 0.05 0.07
0.45 0.05 0.08
0.45 0.05 0.09
0.45 0.05 0.1
0.45 0.06 0.
0.45 0.06 0.01
0.45 0.06 0.02
0.45 0.06 0.03
0.45 0.06 0.04
0.45 0.06 0.05
0.45 0.06 0.06
0.45 0.06 0.07
0.45 0.06 0.08
0.45 0.06 0.09
0.45 0.06 0.1
0.45 0.07 0.
0.45 0.07 0.01
0.45 0.07 0.02
0.45 0.07 0.03
0.45 0.07 0.04
0.45 0.07 0.05
0.45 0.07 0.06
0.45 0.07 0.07
0.45 0.07 0.08
0.45 0.07 0.09
0.45 0.07 0.1
0.45 0.08 0.
0.45 0.08 0.01
0.45 0.08 0.02
0.45 0.08 0.03
0.45 0.08 0.04
0.45 0.08 0.05
0.45 0.08 0.06
0.45 0.08 0.07
0.45 0.08 0.08
0.45 0.08 0.09
0.45 0.08 0.1
0.45 0.09 0.
0.45 0.09 0.01
0.45 0.09 0.02
0.45 0.09 0.03
0.45 0.09 0.04
0.45 0.09 0.05
0.45 0.09 0.06
0.45 0.09 0.07
0.45 0.09 0.08
0.45 0.09 0.09
0.45 0.09 0.1
0.45 0.1 0.
0.45 0.1 0.01
0.45 0.1 0.02
0.45 0.1 0.03
0.45 0.1 0.04
0.45 0.1 0.05
0.45 0.1 0.06
0.45 0.1 0.07
0.45 0.1 0.08
0.45 0.1 0.09
0.45 0.1 0.1
0.46 0. 0.
0.46 0. 0.01
0.46 0. 0.02
0.46 0. 0.03
0.46 0. 0.04
0.46 0. 0.05
0.46 0. 0.06
0.46 0. 0.07
0.46 0. 0.08
0.46 0. 0.09
0.46 0. 0.1
0.46 0.01 0.
0.46 0.01 0.01
0.46 0.01 0.02
0.46 0.01 0.03
0.46 0.01 0.04
0.46 0.01 0.05
0.46 0.01 0.06
0.46 0.01 0.07
0.46 0.01 0.08
0.46 0.01 0.09
0.46 0.01 0.1
0.46 0.02 0.
0.46 0.02 0.01
0.46 0.02 0.02
0.46 0.02 0.03
0.46 0.02 0.04
0.46 0.02 0.05
0.46 0.02 0.06
0.46 0.02 0.07
0.46 0.02 0.08
0.46 0.02 0.09
0.46 0.02 0.1
0.46 0.03 0.
0.46 0.03 0.01
0.46 0.03 0.02
0.46 0.03 0.03
0.46 0.03 0.04
0.46 0.03 0.05
0.46 0.03 0.06
0.46 0.03 0.07
0.46 0.03 0.08
0.46 0.03 0.09
0.46 0.03 0.1
0.46 0.04 0.
0.46 0.04 0.01
0.46 0.04 0.02
0.46 0.04 0.03
0.46 0.04 0.04
0.46 0.04 0.05
0.46 0.04 0.06
0.46 0.04 0.07
0.46 0.04 0.08
0.46 0.04 0.09
0.46 0.04 0.1
0.46 0.05 0.
0.46 0.05 0.01
0.46 0.05 0.02
0.46 0.05 0.03
0.46 0.05 0.04
0.46 0.05 0.05
0.46 0.05 0.06
0.46 0.05 0.07
0.46 0.05 0.08
0.46 0.05 0.09
0.46 0.05 0.1
0.46 0.06 0.
0.46 0.06 0.01
0.46 0.06 0.02
0.46 0.06 0.03
0.46 0.06 0.04
0.46 0.06 0.05
0.46 0.06 0.06
0.46 0.06 0.07
0.46 0.06 0.08
0.46 0.06 0.09
0.46 0.06 0.1
0.46 0.07 0.
0.46 0.07 0.01
0.46 0.07 0.02
0.46 0.07 0.03
0.46 0.07 0.04
0.46 0.07 0.05
0.46 0.07 0.06
0.46 0.07 0.07
0.46 0.07 0.08
0.46 0.07 0.09
0.46 0.07 0.1
0.46 0.08 0.
0.46 0.08 0.01
0.46 0.08 0.02
0.46 0.08 0.03
0.46 0.08 0.04
0.46 0.08 0.05
0.46 0.08 0.06
0.46 0.08 0.07
0.46 0.08 0.08
0.46 0.08 0.09
0.46 0.08 0.1
0.46 0.09 0.
0.46 0.09 0.01
0.46 0.09 0.02
0.46 0.09 0.03
0.46 0.09 0.04
0.46 0.09 0.05
0.46 0.09 0.06
0.46 0.09 0.07
0.46 0.09 0.08
0.46 0.09 0.09
0.46 0.09 0.1
0.46 0.1 0.
0.46 0.1 0.01
0.46 0.1 0.02
0.46 0.1 0.03
0.46 0.1 0.04
0.46 0.1 0.05
0.46 0.1 0.06
0.46 0.1 0.07
0.46 0.1 0.08
0.46 0.1 0.09
0.46 0.1 0.1
0.47 0. 0.
0.47 0. 0.01
0.47 0. 0.02
0.47 0. 0.03
0.47 0. 0.04
0.47 0. 0.05
0.47 0. 0.06
0.47 0. 0.07
0.47 0. 0.08
0.47 0. 0.09
0.47 0. 0.1
0.47 0.01 0.
0.47 0.01 0.01
0.47 0.01 0.02
0.47 0.01 0.03
0.47 0.01 0.04
0.47 0.01 0.05
0.47 0.01 0.06
0.47 0.01 0.07
0.47 0.01 0.08
0.47 0.01 0.09
0.47 0.01 0.1
0.47 0.02 0.
0.47 0.02 0.01
0.47 0.02 0.02
0.47 0.02 0.03
0.47 0.02 0.04
0.47 0.02 0.05
0.47 0.02 0.06
0.47 0.02 0.07
0.47 0.02 0.08
0.47 0.02 0.09
0.47 0.02 0.1
0.47 0.03 0.
0.47 0.03 0.01
0.47 0.03 0.02
0.47 0.03 0.03
0.47 0.03 0.04
0.47 0.03 0.05
0.47 0.03 0.06
0.47 0.03 0.07
0.47 0.03 0.08
0.47 0.03 0.09
0.47 0.03 0.1
0.47 0.04 0.
0.47 0.04 0.01
0.47 0.04 0.02
0.47 0.04 0.03
0.47 0.04 0.04
0.47 0.04 0.05
0.47 0.04 0.06
0.47 0.04 0.07
0.47 0.04 0.08
0.47 0.04 0.09
0.47 0.04 0.1
0.47 0.05 0.
0.47 0.05 0.01
0.47 0.05 0.02
0.47 0.05 0.03
0.47 0.05 0.04
0.47 0.05 0.05
0.47 0.05 0.06
0.47 0.05 0.07
0.47 0.05 0.08
0.47 0.05 0.09
0.47 0.05 0.1
0.47 0.06 0.
0.47 0.06 0.01
0.47 0.06 0.02
0.47 0.06 0.03
0.47 0.06 0.04
0.47 0.06 0.05
0.47 0.06 0.06
0.47 0.06 0.07
0.47 0.06 0.08
0.47 0.06 0.09
0.47 0.06 0.1
0.47 0.07 0.
0.47 0.07 0.01
0.47 0.07 0.02
0.47 0.07 0.03
0.47 0.07 0.04
0.47 0.07 0.05
0.47 0.07 0.06
0.47 0.07 0.07
0.47 0.07 0.08
0.47 0.07 0.09
0.47 0.07 0.1
0.47 0.08 0.
0.47 0.08 0.01
0.47 0.08 0.02
0.47 0.08 0.03
0.47 0.08 0.04
0.47 0.08 0.05
0.47 0.08 0.06
0.47 0.08 0.07
0.47 0.08 0.08
0.47 0.08 0.09
0.47 0.08 0.1
0.47 0.09 0.
0.47 0.09 0.01
0.47 0.09 0.02
0.47 0.09 0.03
0.47 0.09 0.04
0.47 0.09 0.05
0.47 0.09 0.06
0.47 0.09 0.07
0.47 0.09 0.08
0.47 0.09 0.09
0.47 0.09 0.1
0.47 0.1 0.
0.47 0.1 0.01
0.47 0.1 0.02
0.47 0.1 0.03
0.47 0.1 0.04
0.47 0.1 0.05
0.47 0.1 0.06
0.47 0.1 0.07
0.47 0.1 0.08
0.47 0.1 0.09
0.47 0.1 0.1
0.48 0. 0.
0.48 0. 0.01
0.48 0. 0.02
0.48 0. 0.03
0.48 0. 0.04
0.48 0. 0.05
0.48 0. 0.06
0.48 0. 0.07
0.48 0. 0.08
0.48 0. 0.09
0.48 0. 0.1
0.48 0.01 0.
0.48 0.01 0.01
0.48 0.01 0.02
0.48 0.01 0.03
0.48 0.01 0.04
0.48 0.01 0.05
0.48 0.01 0.06
0.48 0.01 0.07
0.48 0.01 0.08
0.48 0.01 0.09
0.48 0.01 0.1
0.48 0.02 0.
0.48 0.02 0.01
0.48 0.02 0.02
0.48 0.02 0.03
0.48 0.02 0.04
0.48 0.02 0.05
0.48 0.02 0.06
0.48 0.02 0.07
0.48 0.02 0.08
0.48 0.02 0.09
0.48 0.02 0.1
0.48 0.03 0.
0.48 0.03 0.01
0.48 0.03 0.02
0.48 0.03 0.03
0.48 0.03 0.04
0.48 0.03 0.05
0.48 0.03 0.06
0.48 0.03 0.07
0.48 0.03 0.08
0.48 0.03 0.09
0.48 0.03 0.1
0.48 0.04 0.
0.48 0.04 0.01
0.48 0.04 0.02
0.48 0.04 0.03
0.48 0.04 0.04
0.48 0.04 0.05
0.48 0.04 0.06
0.48 0.04 0.07
0.48 0.04 0.08
0.48 0.04 0.09
0.48 0.04 0.1
0.48 0.05 0.
0.48 0.05 0.01
0.48 0.05 0.02
0.48 0.05 0.03
0.48 0.05 0.04
0.48 0.05 0.05
0.48 0.05 0.06
0.48 0.05 0.07
0.48 0.05 0.08
0.48 0.05 0.09
0.48 0.05 0.1
0.48 0.06 0.
0.48 0.06 0.01
0.48 0.06 0.02
0.48 0.06 0.03
0.48 0.06 0.04
0.48 0.06 0.05
0.48 0.06 0.06
0.48 0.06 0.07
0.48 0.06 0.08
0.48 0.06 0.09
0.48 0.06 0.1
0.48 0.07 0.
0.48 0.07 0.01
0.48 0.07 0.02
0.48 0.07 0.03
0.48 0.07 0.04
0.48 0.07 0.05
0.48 0.07 0.06
0.48 0.07 0.07
0.48 0.07 0.08
0.48 0.07 0.09
0.48 0.07 0.1
0.48 0.08 0.
0.48 0.08 0.01
0.48 0.08 0.02
0.48 0.08 0.03
0.48 0.08 0.04
0.48 0.08 0.05
0.48 0.08 0.06
0.48 0.08 0.07
0.48 0.08 0.08
0.48 0.08 0.09
0.48 0.08 0.1
0.48 0.09 0.
0.48 0.09 0.01
0.48 0.09 0.02
0.48 0.09 0.03
0.48 0.09 0.04
0.48 0.09 0.05
0.48 0.09 0.06
0.48 0.09 0.07
0.48 0.09 0.08
0.48 0.09 0.09
0.48 0.09 0.1
0.48 0.1 0.
0.48 0.1 0.01
0.48 0.1 0.02
0.48 0.1 0.03
0.48 0.1 0.04
0.48 0.1 0.05
0.48 0.1 0.06
0.48 0.1 0.07
0.48 0.1 0.08
0.48 0.1 0.09
0.48 0.1 0.1
0.49 0. 0.
0.49 0. 0.01
0.49 0. 0.02
0.49 0. 0.03
0.49 0. 0.04
0.49 0. 0.05
0.49 0. 0.06
0.49 0. 0.07
0.49 0. 0.08
0.49 0. 0.09
0.49 0. 0.1
0.49 0.01 0.
0.49 0.01 0.01
0.49 0.01 0.02
0.49 0.01 0.03
0.49 0.01 0.04
0.49 0.01 0.05
0.49 0.01 0.06
0.49 0.01 0.07
0.49 0.01 0.08
0.49 0.01 0.09
0.49 0.01 0.1
0.49 0.02 0.
0.49 0.02 0.01
0.49 0.02 0.02
0.49 0.02 0.03
0.49 0.02 0.04
0.49 0.02 0.05
0.49 0.02 0.06
0.49 0.02 0.07
0.49 0.02 0.08
0.49 0.02 0.09
0.49 0.02 0.1
0.49 0.03 0.
0.49 0.03 0.01
0.49 0.03 0.02
0.49 0.03 0.03
0.49 0.03 0.04
0.49 0.03 0.05
0.49 0.03 0.06
0.49 0.03 0.07
0.49 0.03 0.08
0.49 0.03 0.09
0.49 0.03 0.1
0.49 0.04 0.
0.49 0.04 0.01
0.49 0.04 0.02
0.49 0.04 0.03
0.49 0.04 0.04
0.49 0.04 0.05
0.49 0.04 0.06
0.49 0.04 0.07
0.49 0.04 0.08
0.49 0.04 0.09
0.49 0.04 0.1
0.49 0.05 0.
0.49 0.05 0.01
0.49 0.05 0.02
0.49 0.05 0.03
0.49 0.05 0.04
0.49 0.05 0.05
0.49 0.05 0.06
0.49 0.05 0.07
0.49 0.05 0.08
0.49 0.05 0.09
0.49 0.05 0.1
0.49 0.06 0.
0.49 0.06 0.01
0.49 0.06 0.02
0.49 0.06 0.03
0.49 0.06 0.04
0.49 0.06 0.05
0.49 0.06 0.06
0.49 0.06 0.07
0.49 0.06 0.08
0.49 0.06 0.09
0.49 0.06 0.1
0.49 0.07 0.
0.49 0.07 0.01
0.49 0.07 0.02
0.49 0.07 0.03
0.49 0.07 0.04
0.49 0.07 0.05
0.49 0.07 0.06
0.49 0.07 0.07
0.49 0.07 0.08
0.49 0.07 0.09
0.49 0.07 0.1
0.49 0.08 0.
0.49 0.08 0.01
0.49 0.08 0.02
0.49 0.08 0.03
0.49 0.08 0.04
0.49 0.08 0.05
0.49 0.08 0.06
0.49 0.08 0.07
0.49 0.08 0.08
0.49 0.08 0.09
0.49 0.08 0.1
0.49 0.09 0.
0.49 0.09 0.01
0.49 0.09 0.02
0.49 0.09 0.03
0.49 0.09 0.04
0.49 0.09 0.05
0.49 0.09 0.06
0.49 0.09 0.07
0.49 0.09 0.08
0.49 0.09 0.09
0.49 0.09 0.1
0.49 0.1 0.
0.49 0.1 0.01
0.49 0.1 0.02
0.49 0.1 0.03
0.49 0.1 0.04
0.49 0.1 0.05
0.49 0.1 0.06
0.49 0.1 0.07
0.49 0.1 0.08
0.49 0.1 0.09
0.49 0.1 0.1
0.5 0. 0.
0.5 0. 0.01
0.5 0. 0.02
0.5 0. 0.03
0.5 0. 0.04
0.5 0. 0.05
0.5 0. 0.06
0.5 0. 0.07
0.5 0. 0.08
0.5 0. 0.09
0.5 0. 0.1
0.5 0.01 0.
0.5 0.01 0.01
0.5 0.01 0.02
0.5 0.01 0.03
0.5 0.01 0.04
0.5 0.01 0.05
0.5 0.01 0.06
0.5 0.01 0.07
0.5 0.01 0.08
0.5 0.01 0.09
0.5 0.01 0.1
0.5 0.02 0.
0.5 0.02 0.01
0.5 0.02 0.02
0.5 0.02 0.03
0.5 0.02 0.04
0.5 0.02 0.05
0.5 0.02 0.06
0.5 0.02 0.07
0.5 0.02 0.08
0.5 0.02 0.09
0.5 0.02 0.1
0.5 0.03 0.
0.5 0.03 0.01
0.5 0.03 0.02
0.5 0.03 0.03
0.5 0.03 0.04
0.5 0.03 0.05
0.5 0.03 0.06
0.5 0.03 0.07
0.5 0.03 0.08
0.5 0.03 0.09
0.5 0.03 0.1
0.5 0.04 0.
0.5 0.04 0.01
0.5 0.04 0.02
0.5 0.04 0.03
0.5 0.04 0.04
0.5 0.04 0.05
0.5 0.04 0.06
0.5 0.04 0.07
0.5 0.04 0.08
0.5 0.04 0.09
0.5 0.04 0.1
0.5 0.05 0.
0.5 0.05 0.01
0.5 0.05 0.02
0.5 0.05 0.03
0.5 0.05 0.04
0.5 0.05 0.05
0.5 0.05 0.06
0.5 0.05 0.07
0.5 0.05 0.08
0.5 0.05 0.09
0.5 0.05 0.1
0.5 0.06 0.
0.5 0.06 0.01
0.5 0.06 0.02
0.5 0.06 0.03
0.5 0.06 0.04
0.5 0.06 0.05
0.5 0.06 0.06
0.5 0.06 0.07
0.5 0.06 0.08
0.5 0.06 0.09
0.5 0.06 0.1
0.5 0.07 0.
0.5 0.07 0.01
0.5 0.07 0.02
0.5 0.07 0.03
0.5 0.07 0.04
0.5 0.07 0.05
0.5 0.07 0.06
0.5 0.07 0.07
0.5 0.07 0.08
0.5 0.07 0.09
0.5 0.07 0.1
0.5 0.08 0.
0.5 0.08 0.01
0.5 0.08 0.02
0.5 0.08 0.03
0.5 0.08 0.04
0.5 0.08 0.05
0.5 0.08 0.06
0.5 0.08 0.07
0.5 0.08 0.08
0.5 0.08 0.09
0.5 0.08 0.1
0.5 0.09 0.
0.5 0.09 0.01
0.5 0.09 0.02
0.5 0.09 0.03
0.5 0.09 0.04
0.5 0.09 0.05
0.5 0.09 0.06
0.5 0.09 0.07
0.5 0.09 0.08
0.5 0.09 0.09
0.5 0.09 0.1
0.5 0.1 0.
0.5 0.1 0.01
0.5 0.1 0.02
0.5 0.1 0.03
0.5 0.1 0.04
0.5 0.1 0.05
0.5 0.1 0.06
0.5 0.1 0.07
0.5 0.1 0.08
0.5 0.1 0.09
0.5 0.1 0.1
0.51 0. 0.
0.51 0. 0.01
0.51 0. 0.02
0.51 0. 0.03
0.51 0. 0.04
0.51 0. 0.05
0.51 0. 0.06
0.51 0. 0.07
0.51 0. 0.08
0.51 0. 0.09
0.51 0. 0.1
0.51 0.01 0.
0.51 0.01 0.01
0.51 0.01 0.02
0.51 0.01 0.03
0.51 0.01 0.04
0.51 0.01 0.05
0.51 0.01 0.06
0.51 0.01 0.07
0.51 0.01 0.08
0.51 0.01 0.09
0.51 0.01 0.1
0.51 0.02 0.
0.51 0.02 0.01
0.51 0.02 0.02
0.51 0.02 0.03
0.51 0.02 0.04
0.51 0.02 0.05
0.51 0.02 0.06
0.51 0.02 0.07
0.51 0.02 0.08
0.51 0.02 0.09
0.51 0.02 0.1
0.51 0.03 0.
0.51 0.03 0.01
0.51 0.03 0.02
0.51 0.03 0.03
0.51 0.03 0.04
0.51 0.03 0.05
0.51 0.03 0.06
0.51 0.03 0.07
0.51 0.03 0.08
0.51 0.03 0.09
0.51 0.03 0.1
0.51 0.04 0.
0.51 0.04 0.01
0.51 0.04 0.02
0.51 0.04 0.03
0.51 0.04 0.04
0.51 0.04 0.05
0.51 0.04 0.06
0.51 0.04 0.07
0.51 0.04 0.08
0.51 0.04 0.09
0.51 0.04 0.1
0.51 0.05 0.
0.51 0.05 0.01
0.51 0.05 0.02
0.51 0.05 0.03
0.51 0.05 0.04
0.51 0.05 0.05
0.51 0.05 0.06
0.51 0.05 0.07
0.51 0.05 0.08
0.51 0.05 0.09
0.51 0.05 0.1
0.51 0.06 0.
0.51 0.06 0.01
0.51 0.06 0.02
0.51 0.06 0.03
0.51 0.06 0.04
0.51 0.06 0.05
0.51 0.06 0.06
0.51 0.06 0.07
0.51 0.06 0.08
0.51 0.06 0.09
0.51 0.06 0.1
0.51 0.07 0.
0.51 0.07 0.01
0.51 0.07 0.02
0.51 0.07 0.03
0.51 0.07 0.04
0.51 0.07 0.05
0.51 0.07 0.06
0.51 0.07 0.07
0.51 0.07 0.08
0.51 0.07 0.09
0.51 0.07 0.1
0.51 0.08 0.
0.51 0.08 0.01
0.51 0.08 0.02
0.51 0.08 0.03
0.51 0.08 0.04
0.51 0.08 0.05
0.51 0.08 0.06
0.51 0.08 0.07
0.51 0.08 0.08
0.51 0.08 0.09
0.51 0.08 0.1
0.51 0.09 0.
0.51 0.09 0.01
0.51 0.09 0.02
0.51 0.09 0.03
0.51 0.09 0.04
0.51 0.09 0.05
0.51 0.09 0.06
0.51 0.09 0.07
0.51 0.09 0.08
0.51 0.09 0.09
0.51 0.09 0.1
0.51 0.1 0.
0.51 0.1 0.01
0.51 0.1 0.02
0.51 0.1 0.03
0.51 0.1 0.04
0.51 0.1 0.05
0.51 0.1 0.06
0.51 0.1 0.07
0.51 0.1 0.08
0.51 0.1 0.09
0.51 0.1 0.1
0.52 0. 0.
0.52 0. 0.01
0.52 0. 0.02
0.52 0. 0.03
0.52 0. 0.04
0.52 0. 0.05
0.52 0. 0.06
0.52 0. 0.07
0.52 0. 0.08
0.52 0. 0.09
0.52 0. 0.1
0.52 0.01 0.
0.52 0.01 0.01
0.52 0.01 0.02
0.52 0.01 0.03
0.52 0.01 0.04
0.52 0.01 0.05
0.52 0.01 0.06
0.52 0.01 0.07
0.52 0.01 0.08
0.52 0.01 0.09
0.52 0.01 0.1
0.52 0.02 0.
0.52 0.02 0.01
0.52 0.02 0.02
0.52 0.02 0.03
0.52 0.02 0.04
0.52 0.02 0.05
0.52 0.02 0.06
0.52 0.02 0.07
0.52 0.02 0.08
0.52 0.02 0.09
0.52 0.02 0.1
0.52 0.03 0.
0.52 0.03 0.01
0.52 0.03 0.02
0.52 0.03 0.03
0.52 0.03 0.04
0.52 0.03 0.05
0.52 0.03 0.06
0.52 0.03 0.07
0.52 0.03 0.08
0.52 0.03 0.09
0.52 0.03 0.1
0.52 0.04 0.
0.52 0.04 0.01
0.52 0.04 0.02
0.52 0.04 0.03
0.52 0.04 0.04
0.52 0.04 0.05
0.52 0.04 0.06
0.52 0.04 0.07
0.52 0.04 0.08
0.52 0.04 0.09
0.52 0.04 0.1
0.52 0.05 0.
0.52 0.05 0.01
0.52 0.05 0.02
0.52 0.05 0.03
0.52 0.05 0.04
0.52 0.05 0.05
0.52 0.05 0.06
0.52 0.05 0.07
0.52 0.05 0.08
0.52 0.05 0.09
0.52 0.05 0.1
0.52 0.06 0.
0.52 0.06 0.01
0.52 0.06 0.02
0.52 0.06 0.03
0.52 0.06 0.04
0.52 0.06 0.05
0.52 0.06 0.06
0.52 0.06 0.07
0.52 0.06 0.08
0.52 0.06 0.09
0.52 0.06 0.1
0.52 0.07 0.
0.52 0.07 0.01
0.52 0.07 0.02
0.52 0.07 0.03
0.52 0.07 0.04
0.52 0.07 0.05
0.52 0.07 0.06
0.52 0.07 0.07
0.52 0.07 0.08
0.52 0.07 0.09
0.52 0.07 0.1
0.52 0.08 0.
0.52 0.08 0.01
0.52 0.08 0.02
0.52 0.08 0.03
0.52 0.08 0.04
0.52 0.08 0.05
0.52 0.08 0.06
0.52 0.08 0.07
0.52 0.08 0.08
0.52 0.08 0.09
0.52 0.08 0.1
0.52 0.09 0.
0.52 0.09 0.01
0.52 0.09 0.02
0.52 0.09 0.03
0.52 0.09 0.04
0.52 0.09 0.05
0.52 0.09 0.06
0.52 0.09 0.07
0.52 0.09 0.08
0.52 0.09 0.09
0.52 0.09 0.1
0.52 0.1 0.
0.52 0.1 0.01
0.52 0.1 0.02
0.52 0.1 0.03
0.52 0.1 0.04
0.52 0.1 0.05
0.52 0.1 0.06
0.52 0.1 0.07
0.52 0.1 0.08
0.52 0.1 0.09
0.52 0.1 0.1
0.53 0. 0.
0.53 0. 0.01
0.53 0. 0.02
0.53 0. 0.03
0.53 0. 0.04
0.53 0. 0.05
0.53 0. 0.06
0.53 0. 0.07
0.53 0. 0.08
0.53 0. 0.09
0.53 0. 0.1
0.53 0.01 0.
0.53 0.01 0.01
0.53 0.01 0.02
0.53 0.01 0.03
0.53 0.01 0.04
0.53 0.01 0.05
0.53 0.01 0.06
0.53 0.01 0.07
0.53 0.01 0.08
0.53 0.01 0.09
0.53 0.01 0.1
0.53 0.02 0.
0.53 0.02 0.01
0.53 0.02 0.02
0.53 0.02 0.03
0.53 0.02 0.04
0.53 0.02 0.05
0.53 0.02 0.06
0.53 0.02 0.07
0.53 0.02 0.08
0.53 0.02 0.09
0.53 0.02 0.1
0.53 0.03 0.
0.53 0.03 0.01
0.53 0.03 0.02
0.53 0.03 0.03
0.53 0.03 0.04
0.53 0.03 0.05
0.53 0.03 0.06
0.53 0.03 0.07
0.53 0.03 0.08
0.53 0.03 0.09
0.53 0.03 0.1
0.53 0.04 0.
0.53 0.04 0.01
0.53 0.04 0.02
0.53 0.04 0.03
0.53 0.04 0.04
0.53 0.04 0.05
0.53 0.04 0.06
0.53 0.04 0.07
0.53 0.04 0.08
0.53 0.04 0.09
0.53 0.04 0.1
0.53 0.05 0.
0.53 0.05 0.01
0.53 0.05 0.02
0.53 0.05 0.03
0.53 0.05 0.04
0.53 0.05 0.05
0.53 0.05 0.06
0.53 0.05 0.07
0.53 0.05 0.08
0.53 0.05 0.09
0.53 0.05 0.1
0.53 0.06 0.
0.53 0.06 0.01
0.53 0.06 0.02
0.53 0.06 0.03
0.53 0.06 0.04
0.53 0.06 0.05
0.53 0.06 0.06
0.53 0.06 0.07
0.53 0.06 0.08
0.53 0.06 0.09
0.53 0.06 0.1
0.53 0.07 0.
0.53 0.07 0.01
0.53 0.07 0.02
0.53 0.07 0.03
0.53 0.07 0.04
0.53 0.07 0.05
0.53 0.07 0.06
0.53 0.07 0.07
0.53 0.07 0.08
0.53 0.07 0.09
0.53 0.07 0.1
0.53 0.08 0.
0.53 0.08 0.01
0.53 0.08 0.02
0.53 0.08 0.03
0.53 0.08 0.04
0.53 0.08 0.05
0.53 0.08 0.06
0.53 0.08 0.07
0.53 0.08 0.08
0.53 0.08 0.09
0.53 0.08 0.1
0.53 0.09 0.
0.53 0.09 0.01
0.53 0.09 0.02
0.53 0.09 0.03
0.53 0.09 0.04
0.53 0.09 0.05
0.53 0.09 0.06
0.53 0.09 0.07
0.53 0.09 0.08
0.53 0.09 0.09
0.53 0.09 0.1
0.53 0.1 0.
0.53 0.1 0.01
0.53 0.1 0.02
0.53 0.1 0.03
0.53 0.1 0.04
0.53 0.1 0.05
0.53 0.1 0.06
0.53 0.1 0.07
0.53 0.1 0.08
0.53 0.1 0.09
0.53 0.1 0.1
0.54 0. 0.
0.54 0. 0.01
0.54 0. 0.02
0.54 0. 0.03
0.54 0. 0.04
0.54 0. 0.05
0.54 0. 0.06
0.54 0. 0.07
0.54 0. 0.08
0.54 0. 0.09
0.54 0. 0.1
0.54 0.01 0.
0.54 0.01 0.01
0.54 0.01 0.02
0.54 0.01 0.03
0.54 0.01 0.04
0.54 0.01 0.05
0.54 0.01 0.06
0.54 0.01 0.07
0.54 0.01 0.08
0.54 0.01 0.09
0.54 0.01 0.1
0.54 0.02 0.
0.54 0.02 0.01
0.54 0.02 0.02
0.54 0.02 0.03
0.54 0.02 0.04
0.54 0.02 0.05
0.54 0.02 0.06
0.54 0.02 0.07
0.54 0.02 0.08
0.54 0.02 0.09
0.54 0.02 0.1
0.54 0.03 0.
0.54 0.03 0.01
0.54 0.03 0.02
0.54 0.03 0.03
0.54 0.03 0.04
0.54 0.03 0.05
0.54 0.03 0.06
0.54 0.03 0.07
0.54 0.03 0.08
0.54 0.03 0.09
0.54 0.03 0.1
0.54 0.04 0.
0.54 0.04 0.01
0.54 0.04 0.02
0.54 0.04 0.03
0.54 0.04 0.04
0.54 0.04 0.05
0.54 0.04 0.06
0.54 0.04 0.07
0.54 0.04 0.08
0.54 0.04 0.09
0.54 0.04 0.1
0.54 0.05 0.
0.54 0.05 0.01
0.54 0.05 0.02
0.54 0.05 0.03
0.54 0.05 0.04
0.54 0.05 0.05
0.54 0.05 0.06
0.54 0.05 0.07
0.54 0.05 0.08
0.54 0.05 0.09
0.54 0.05 0.1
0.54 0.06 0.
0.54 0.06 0.01
0.54 0.06 0.02
0.54 0.06 0.03
0.54 0.06 0.04
0.54 0.06 0.05
0.54 0.06 0.06
0.54 0.06 0.07
0.54 0.06 0.08
0.54 0.06 0.09
0.54 0.06 0.1
0.54 0.07 0.
0.54 0.07 0.01
0.54 0.07 0.02
0.54 0.07 0.03
0.54 0.07 0.04
0.54 0.07 0.05
0.54 0.07 0.06
0.54 0.07 0.07
0.54 0.07 0.08
0.54 0.07 0.09
0.54 0.07 0.1
0.54 0.08 0.
0.54 0.08 0.01
0.54 0.08 0.02
0.54 0.08 0.03
0.54 0.08 0.04
0.54 0.08 0.05
0.54 0.08 0.06
0.54 0.08 0.07
0.54 0.08 0.08
0.54 0.08 0.09
0.54 0.08 0.1
0.54 0.09 0.
0.54 0.09 0.01
0.54 0.09 0.02
0.54 0.09 0.03
0.54 0.09 0.04
0.54 0.09 0.05
0.54 0.09 0.06
0.54 0.09 0.07
0.54 0.09 0.08
0.54 0.09 0.09
0.54 0.09 0.1
0.54 0.1 0.
0.54 0.1 0.01
0.54 0.1 0.02
0.54 0.1 0.03
0.54 0.1 0.04
0.54 0.1 0.05
0.54 0.1 0.06
0.54 0.1 0.07
0.54 0.1 0.08
0.54 0.1 0.09
0.54 0.1 0.1
0.55 0. 0.
0.55 0. 0.01
0.55 0. 0.02
0.55 0. 0.03
0.55 0. 0.04
0.55 0. 0.05
0.55 0. 0.06
0.55 0. 0.07
0.55 0. 0.08
0.55 0. 0.09
0.55 0. 0.1
0.55 0.01 0.
0.55 0.01 0.01
0.55 0.01 0.02
0.55 0.01 0.03
0.55 0.01 0.04
0.55 0.01 0.05
0.55 0.01 0.06
0.55 0.01 0.07
0.55 0.01 0.08
0.55 0.01 0.09
0.55 0.01 0.1
0.55 0.02 0.
0.55 0.02 0.01
0.55 0.02 0.02
0.55 0.02 0.03
0.55 0.02 0.04
0.55 0.02 0.05
0.55 0.02 0.06
0.55 0.02 0.07
0.55 0.02 0.08
0.55 0.02 0.09
0.55 0.02 0.1
0.55 0.03 0.
0.55 0.03 0.01
0.55 0.03 0.02
0.55 0.03 0.03
0.55 0.03 0.04
0.55 0.03 0.05
0.55 0.03 0.06
0.55 0.03 0.07
0.55 0.03 0.08
0.55 0.03 0.09
0.55 0.03 0.1
0.55 0.04 0.
0.55 0.04 0.01
0.55 0.04 0.02
0.55 0.04 0.03
0.55 0.04 0.04
0.55 0.04 0.05
0.55 0.04 0.06
0.55 0.04 0.07
0.55 0.04 0.08
0.55 0.04 0.09
0.55 0.04 0.1
0.55 0.05 0.
0.55 0.05 0.01
0.55 0.05 0.02
0.55 0.05 0.03
0.55 0.05 0.04
0.55 0.05 0.05
0.55 0.05 0.06
0.55 0.05 0.07
0.55 0.05 0.08
0.55 0.05 0.09
0.55 0.05 0.1
0.55 0.06 0.
0.55 0.06 0.01
0.55 0.06 0.02
0.55 0.06 0.03
0.55 0.06 0.04
0.55 0.06 0.05
0.55 0.06 0.06
0.55 0.06 0.07
0.55 0.06 0.08
0.55 0.06 0.09
0.55 0.06 0.1
0.55 0.07 0.
0.55 0.07 0.01
0.55 0.07 0.02
0.55 0.07 0.03
0.55 0.07 0.04
0.55 0.07 0.05
0.55 0.07 0.06
0.55 0.07 0.07
0.55 0.07 0.08
0.55 0.07 0.09
0.55 0.07 0.1
0.55 0.08 0.
0.55 0.08 0.01
0.55 0.08 0.02
0.55 0.08 0.03
0.55 0.08 0.04
0.55 0.08 0.05
0.55 0.08 0.06
0.55 0.08 0.07
0.55 0.08 0.08
0.55 0.08 0.09
0.55 0.08 0.1
0.55 0.09 0.
0.55 0.09 0.01
0.55 0.09 0.02
0.55 0.09 0.03
0.55 0.09 0.04
0.55 0.09 0.05
0.55 0.09 0.06
0.55 0.09 0.07
0.55 0.09 0.08
0.55 0.09 0.09
0.55 0.09 0.1
0.55 0.1 0.
0.55 0.1 0.01
0.55 0.1 0.02
0.55 0.1 0.03
0.55 0.1 0.04
0.55 0.1 0.05
0.55 0.1 0.06
0.55 0.1 0.07
0.55 0.1 0.08
0.55 0.1 0.09
0.55 0.1 0.1
0.56 0. 0.
0.56 0. 0.01
0.56 0. 0.02
0.56 0. 0.03
0.56 0. 0.04
0.56 0. 0.05
0.56 0. 0.06
0.56 0. 0.07
0.56 0. 0.08
0.56 0. 0.09
0.56 0. 0.1
0.56 0.01 0.
0.56 0.01 0.01
0.56 0.01 0.02
0.56 0.01 0.03
0.56 0.01 0.04
0.56 0.01 0.05
0.56 0.01 0.06
0.56 0.01 0.07
0.56 0.01 0.08
0.56 0.01 0.09
0.56 0.01 0.1
0.56 0.02 0.
0.56 0.02 0.01
0.56 0.02 0.02
0.56 0.02 0.03
0.56 0.02 0.04
0.56 0.02 0.05
0.56 0.02 0.06
0.56 0.02 0.07
0.56 0.02 0.08
0.56 0.02 0.09
0.56 0.02 0.1
0.56 0.03 0.
0.56 0.03 0.01
0.56 0.03 0.02
0.56 0.03 0.03
0.56 0.03 0.04
0.56 0.03 0.05
0.56 0.03 0.06
0.56 0.03 0.07
0.56 0.03 0.08
0.56 0.03 0.09
0.56 0.03 0.1
0.56 0.04 0.
0.56 0.04 0.01
0.56 0.04 0.02
0.56 0.04 0.03
0.56 0.04 0.04
0.56 0.04 0.05
0.56 0.04 0.06
0.56 0.04 0.07
0.56 0.04 0.08
0.56 0.04 0.09
0.56 0.04 0.1
0.56 0.05 0.
0.56 0.05 0.01
0.56 0.05 0.02
0.56 0.05 0.03
0.56 0.05 0.04
0.56 0.05 0.05
0.56 0.05 0.06
0.56 0.05 0.07
0.56 0.05 0.08
0.56 0.05 0.09
0.56 0.05 0.1
0.56 0.06 0.
0.56 0.06 0.01
0.56 0.06 0.02
0.56 0.06 0.03
0.56 0.06 0.04
0.56 0.06 0.05
0.56 0.06 0.06
0.56 0.06 0.07
0.56 0.06 0.08
0.56 0.06 0.09
0.56 0.06 0.1
0.56 0.07 0.
0.56 0.07 0.01
0.56 0.07 0.02
0.56 0.07 0.03
0.56 0.07 0.04
0.56 0.07 0.05
0.56 0.07 0.06
0.56 0.07 0.07
0.56 0.07 0.08
0.56 0.07 0.09
0.56 0.07 0.1
0.56 0.08 0.
0.56 0.08 0.01
0.56 0.08 0.02
0.56 0.08 0.03
0.56 0.08 0.04
0.56 0.08 0.05
0.56 0.08 0.06
0.56 0.08 0.07
0.56 0.08 0.08
0.56 0.08 0.09
0.56 0.08 0.1
0.56 0.09 0.
0.56 0.09 0.01
0.56 0.09 0.02
0.56 0.09 0.03
0.56 0.09 0.04
0.56 0.09 0.05
0.56 0.09 0.06
0.56 0.09 0.07
0.56 0.09 0.08
0.56 0.09 0.09
0.56 0.09 0.1
0.56 0.1 0.
0.56 0.1 0.01
0.56 0.1 0.02
0.56 0.1 0.03
0.56 0.1 0.04
0.56 0.1 0.05
0.56 0.1 0.06
0.56 0.1 0.07
0.56 0.1 0.08
0.56 0.1 0.09
0.56 0.1 0.1
0.57 0. 0.
0.57 0. 0.01
0.57 0. 0.02
0.57 0. 0.03
0.57 0. 0.04
0.57 0. 0.05
0.57 0. 0.06
0.57 0. 0.07
0.57 0. 0.08
0.57 0. 0.09
0.57 0. 0.1
0.57 0.01 0.
0.57 0.01 0.01
0.57 0.01 0.02
0.57 0.01 0.03
0.57 0.01 0.04
0.57 0.01 0.05
0.57 0.01 0.06
0.57 0.01 0.07
0.57 0.01 0.08
0.57 0.01 0.09
0.57 0.01 0.1
0.57 0.02 0.
0.57 0.02 0.01
0.57 0.02 0.02
0.57 0.02 0.03
0.57 0.02 0.04
0.57 0.02 0.05
0.57 0.02 0.06
0.57 0.02 0.07
0.57 0.02 0.08
0.57 0.02 0.09
0.57 0.02 0.1
0.57 0.03 0.
0.57 0.03 0.01
0.57 0.03 0.02
0.57 0.03 0.03
0.57 0.03 0.04
0.57 0.03 0.05
0.57 0.03 0.06
0.57 0.03 0.07
0.57 0.03 0.08
0.57 0.03 0.09
0.57 0.03 0.1
0.57 0.04 0.
0.57 0.04 0.01
0.57 0.04 0.02
0.57 0.04 0.03
0.57 0.04 0.04
0.57 0.04 0.05
0.57 0.04 0.06
0.57 0.04 0.07
0.57 0.04 0.08
0.57 0.04 0.09
0.57 0.04 0.1
0.57 0.05 0.
0.57 0.05 0.01
0.57 0.05 0.02
0.57 0.05 0.03
0.57 0.05 0.04
0.57 0.05 0.05
0.57 0.05 0.06
0.57 0.05 0.07
0.57 0.05 0.08
0.57 0.05 0.09
0.57 0.05 0.1
0.57 0.06 0.
0.57 0.06 0.01
0.57 0.06 0.02
0.57 0.06 0.03
0.57 0.06 0.04
0.57 0.06 0.05
0.57 0.06 0.06
0.57 0.06 0.07
0.57 0.06 0.08
0.57 0.06 0.09
0.57 0.06 0.1
0.57 0.07 0.
0.57 0.07 0.01
0.57 0.07 0.02
0.57 0.07 0.03
0.57 0.07 0.04
0.57 0.07 0.05
0.57 0.07 0.06
0.57 0.07 0.07
0.57 0.07 0.08
0.57 0.07 0.09
0.57 0.07 0.1
0.57 0.08 0.
0.57 0.08 0.01
0.57 0.08 0.02
0.57 0.08 0.03
0.57 0.08 0.04
0.57 0.08 0.05
0.57 0.08 0.06
0.57 0.08 0.07
0.57 0.08 0.08
0.57 0.08 0.09
0.57 0.08 0.1
0.57 0.09 0.
0.57 0.09 0.01
0.57 0.09 0.02
0.57 0.09 0.03
0.57 0.09 0.04
0.57 0.09 0.05
0.57 0.09 0.06
0.57 0.09 0.07
0.57 0.09 0.08
0.57 0.09 0.09
0.57 0.09 0.1
0.57 0.1 0.
0.57 0.1 0.01
0.57 0.1 0.02
0.57 0.1 0.03
0.57 0.1 0.04
0.57 0.1 0.05
0.57 0.1 0.06
0.57 0.1 0.07
0.57 0.1 0.08
0.57 0.1 0.09
0.57 0.1 0.1
0.58 0. 0.
0.58 0. 0.01
0.58 0. 0.02
0.58 0. 0.03
0.58 0. 0.04
0.58 0. 0.05
0.58 0. 0.06
0.58 0. 0.07
0.58 0. 0.08
0.58 0. 0.09
0.58 0. 0.1
0.58 0.01 0.
0.58 0.01 0.01
0.58 0.01 0.02
0.58 0.01 0.03
0.58 0.01 0.04
0.58 0.01 0.05
0.58 0.01 0.06
0.58 0.01 0.07
0.58 0.01 0.08
0.58 0.01 0.09
0.58 0.01 0.1
0.58 0.02 0.
0.58 0.02 0.01
0.58 0.02 0.02
0.58 0.02 0.03
0.58 0.02 0.04
0.58 0.02 0.05
0.58 0.02 0.06
0.58 0.02 0.07
0.58 0.02 0.08
0.58 0.02 0.09
0.58 0.02 0.1
0.58 0.03 0.
0.58 0.03 0.01
0.58 0.03 0.02
0.58 0.03 0.03
0.58 0.03 0.04
0.58 0.03 0.05
0.58 0.03 0.06
0.58 0.03 0.07
0.58 0.03 0.08
0.58 0.03 0.09
0.58 0.03 0.1
0.58 0.04 0.
0.58 0.04 0.01
0.58 0.04 0.02
0.58 0.04 0.03
0.58 0.04 0.04
0.58 0.04 0.05
0.58 0.04 0.06
0.58 0.04 0.07
0.58 0.04 0.08
0.58 0.04 0.09
0.58 0.04 0.1
0.58 0.05 0.
0.58 0.05 0.01
0.58 0.05 0.02
0.58 0.05 0.03
0.58 0.05 0.04
0.58 0.05 0.05
0.58 0.05 0.06
0.58 0.05 0.07
0.58 0.05 0.08
0.58 0.05 0.09
0.58 0.05 0.1
0.58 0.06 0.
0.58 0.06 0.01
0.58 0.06 0.02
0.58 0.06 0.03
0.58 0.06 0.04
0.58 0.06 0.05
0.58 0.06 0.06
0.58 0.06 0.07
0.58 0.06 0.08
0.58 0.06 0.09
0.58 0.06 0.1
0.58 0.07 0.
0.58 0.07 0.01
0.58 0.07 0.02
0.58 0.07 0.03
0.58 0.07 0.04
0.58 0.07 0.05
0.58 0.07 0.06
0.58 0.07 0.07
0.58 0.07 0.08
0.58 0.07 0.09
0.58 0.07 0.1
0.58 0.08 0.
0.58 0.08 0.01
0.58 0.08 0.02
0.58 0.08 0.03
0.58 0.08 0.04
0.58 0.08 0.05
0.58 0.08 0.06
0.58 0.08 0.07
0.58 0.08 0.08
0.58 0.08 0.09
0.58 0.08 0.1
0.58 0.09 0.
0.58 0.09 0.01
0.58 0.09 0.02
0.58 0.09 0.03
0.58 0.09 0.04
0.58 0.09 0.05
0.58 0.09 0.06
0.58 0.09 0.07
0.58 0.09 0.08
0.58 0.09 0.09
0.58 0.09 0.1
0.58 0.1 0.
0.58 0.1 0.01
0.58 0.1 0.02
0.58 0.1 0.03
0.58 0.1 0.04
0.58 0.1 0.05
0.58 0.1 0.06
0.58 0.1 0.07
0.58 0.1 0.08
0.58 0.1 0.09
0.58 0.1 0.1
0.59 0. 0.
0.59 0. 0.01
0.59 0. 0.02
0.59 0. 0.03
0.59 0. 0.04
0.59 0. 0.05
0.59 0. 0.06
0.59 0. 0.07
0.59 0. 0.08
0.59 0. 0.09
0.59 0. 0.1
0.59 0.01 0.
0.59 0.01 0.01
0.59 0.01 0.02
0.59 0.01 0.03
0.59 0.01 0.04
0.59 0.01 0.05
0.59 0.01 0.06
0.59 0.01 0.07
0.59 0.01 0.08
0.59 0.01 0.09
0.59 0.01 0.1
0.59 0.02 0.
0.59 0.02 0.01
0.59 0.02 0.02
0.59 0.02 0.03
0.59 0.02 0.04
0.59 0.02 0.05
0.59 0.02 0.06
0.59 0.02 0.07
0.59 0.02 0.08
0.59 0.02 0.09
0.59 0.02 0.1
0.59 0.03 0.
0.59 0.03 0.01
0.59 0.03 0.02
0.59 0.03 0.03
0.59 0.03 0.04
0.59 0.03 0.05
0.59 0.03 0.06
0.59 0.03 0.07
0.59 0.03 0.08
0.59 0.03 0.09
0.59 0.03 0.1
0.59 0.04 0.
0.59 0.04 0.01
0.59 0.04 0.02
0.59 0.04 0.03
0.59 0.04 0.04
0.59 0.04 0.05
0.59 0.04 0.06
0.59 0.04 0.07
0.59 0.04 0.08
0.59 0.04 0.09
0.59 0.04 0.1
0.59 0.05 0.
0.59 0.05 0.01
0.59 0.05 0.02
0.59 0.05 0.03
0.59 0.05 0.04
0.59 0.05 0.05
0.59 0.05 0.06
0.59 0.05 0.07
0.59 0.05 0.08
0.59 0.05 0.09
0.59 0.05 0.1
0.59 0.06 0.
0.59 0.06 0.01
0.59 0.06 0.02
0.59 0.06 0.03
0.59 0.06 0.04
0.59 0.06 0.05
0.59 0.06 0.06
0.59 0.06 0.07
0.59 0.06 0.08
0.59 0.06 0.09
0.59 0.06 0.1
0.59 0.07 0.
0.59 0.07 0.01
0.59 0.07 0.02
0.59 0.07 0.03
0.59 0.07 0.04
0.59 0.07 0.05
0.59 0.07 0.06
0.59 0.07 0.07
0.59 0.07 0.08
0.59 0.07 0.09
0.59 0.07 0.1
0.59 0.08 0.
0.59 0.08 0.01
0.59 0.08 0.02
0.59 0.08 0.03
0.59 0.08 0.04
0.59 0.08 0.05
0.59 0.08 0.06
0.59 0.08 0.07
0.59 0.08 0.08
0.59 0.08 0.09
0.59 0.08 0.1
0.59 0.09 0.
0.59 0.09 0.01
0.59 0.09 0.02
0.59 0.09 0.03
0.59 0.09 0.04
0.59 0.09 0.05
0.59 0.09 0.06
0.59 0.09 0.07
0.59 0.09 0.08
0.59 0.09 0.09
0.59 0.09 0.1
0.59 0.1 0.
0.59 0.1 0.01
0.59 0.1 0.02
0.59 0.1 0.03
0.59 0.1 0.04
0.59 0.1 0.05
0.59 0.1 0.06
0.59 0.1 0.07
0.59 0.1 0.08
0.59 0.1 0.09
0.59 0.1 0.1
0.6 0. 0.
0.6 0. 0.01
0.6 0. 0.02
0.6 0. 0.03
0.6 0. 0.04
0.6 0. 0.05
0.6 0. 0.06
0.6 0. 0.07
0.6 0. 0.08
0.6 0. 0.09
0.6 0. 0.1
0.6 0.01 0.
0.6 0.01 0.01
0.6 0.01 0.02
0.6 0.01 0.03
0.6 0.01 0.04
0.6 0.01 0.05
0.6 0.01 0.06
0.6 0.01 0.07
0.6 0.01 0.08
0.6 0.01 0.09
0.6 0.01 0.1
0.6 0.02 0.
0.6 0.02 0.01
0.6 0.02 0.02
0.6 0.02 0.03
0.6 0.02 0.04
0.6 0.02 0.05
0.6 0.02 0.06
0.6 0.02 0.07
0.6 0.02 0.08
0.6 0.02 0.09
0.6 0.02 0.1
0.6 0.03 0.
0.6 0.03 0.01
0.6 0.03 0.02
0.6 0.03 0.03
0.6 0.03 0.04
0.6 0.03 0.05
0.6 0.03 0.06
0.6 0.03 0.07
0.6 0.03 0.08
0.6 0.03 0.09
0.6 0.03 0.1
0.6 0.04 0.
0.6 0.04 0.01
0.6 0.04 0.02
0.6 0.04 0.03
0.6 0.04 0.04
0.6 0.04 0.05
0.6 0.04 0.06
0.6 0.04 0.07
0.6 0.04 0.08
0.6 0.04 0.09
0.6 0.04 0.1
0.6 0.05 0.
0.6 0.05 0.01
0.6 0.05 0.02
0.6 0.05 0.03
0.6 0.05 0.04
0.6 0.05 0.05
0.6 0.05 0.06
0.6 0.05 0.07
0.6 0.05 0.08
0.6 0.05 0.09
0.6 0.05 0.1
0.6 0.06 0.
0.6 0.06 0.01
0.6 0.06 0.02
0.6 0.06 0.03
0.6 0.06 0.04
0.6 0.06 0.05
0.6 0.06 0.06
0.6 0.06 0.07
0.6 0.06 0.08
0.6 0.06 0.09
0.6 0.06 0.1
0.6 0.07 0.
0.6 0.07 0.01
0.6 0.07 0.02
0.6 0.07 0.03
0.6 0.07 0.04
0.6 0.07 0.05
0.6 0.07 0.06
0.6 0.07 0.07
0.6 0.07 0.08
0.6 0.07 0.09
0.6 0.07 0.1
0.6 0.08 0.
0.6 0.08 0.01
0.6 0.08 0.02
0.6 0.08 0.03
0.6 0.08 0.04
0.6 0.08 0.05
0.6 0.08 0.06
0.6 0.08 0.07
0.6 0.08 0.08
0.6 0.08 0.09
0.6 0.08 0.1
0.6 0.09 0.
0.6 0.09 0.01
0.6 0.09 0.02
0.6 0.09 0.03
0.6 0.09 0.04
0.6 0.09 0.05
0.6 0.09 0.06
0.6 0.09 0.07
0.6 0.09 0.08
0.6 0.09 0.09
0.6 0.09 0.1
0.6 0.1 0.
0.6 0.1 0.01
0.6 0.1 0.02
0.6 0.1 0.03
0.6 0.1 0.04
0.6 0.1 0.05
0.6 0.1 0.06
0.6 0.1 0.07
0.6 0.1 0.08
0.6 0.1 0.09
0.6 0.1 0.1
0.61 0. 0.
0.61 0. 0.01
0.61 0. 0.02
0.61 0. 0.03
0.61 0. 0.04
0.61 0. 0.05
0.61 0. 0.06
0.61 0. 0.07
0.61 0. 0.08
0.61 0. 0.09
0.61 0. 0.1
0.61 0.01 0.
0.61 0.01 0.01
0.61 0.01 0.02
0.61 0.01 0.03
0.61 0.01 0.04
0.61 0.01 0.05
0.61 0.01 0.06
0.61 0.01 0.07
0.61 0.01 0.08
0.61 0.01 0.09
0.61 0.01 0.1
0.61 0.02 0.
0.61 0.02 0.01
0.61 0.02 0.02
0.61 0.02 0.03
0.61 0.02 0.04
0.61 0.02 0.05
0.61 0.02 0.06
0.61 0.02 0.07
0.61 0.02 0.08
0.61 0.02 0.09
0.61 0.02 0.1
0.61 0.03 0.
0.61 0.03 0.01
0.61 0.03 0.02
0.61 0.03 0.03
0.61 0.03 0.04
0.61 0.03 0.05
0.61 0.03 0.06
0.61 0.03 0.07
0.61 0.03 0.08
0.61 0.03 0.09
0.61 0.03 0.1
0.61 0.04 0.
0.61 0.04 0.01
0.61 0.04 0.02
0.61 0.04 0.03
0.61 0.04 0.04
0.61 0.04 0.05
0.61 0.04 0.06
0.61 0.04 0.07
0.61 0.04 0.08
0.61 0.04 0.09
0.61 0.04 0.1
0.61 0.05 0.
0.61 0.05 0.01
0.61 0.05 0.02
0.61 0.05 0.03
0.61 0.05 0.04
0.61 0.05 0.05
0.61 0.05 0.06
0.61 0.05 0.07
0.61 0.05 0.08
0.61 0.05 0.09
0.61 0.05 0.1
0.61 0.06 0.
0.61 0.06 0.01
0.61 0.06 0.02
0.61 0.06 0.03
0.61 0.06 0.04
0.61 0.06 0.05
0.61 0.06 0.06
0.61 0.06 0.07
0.61 0.06 0.08
0.61 0.06 0.09
0.61 0.06 0.1
0.61 0.07 0.
0.61 0.07 0.01
0.61 0.07 0.02
0.61 0.07 0.03
0.61 0.07 0.04
0.61 0.07 0.05
0.61 0.07 0.06
0.61 0.07 0.07
0.61 0.07 0.08
0.61 0.07 0.09
0.61 0.07 0.1
0.61 0.08 0.
0.61 0.08 0.01
0.61 0.08 0.02
0.61 0.08 0.03
0.61 0.08 0.04
0.61 0.08 0.05
0.61 0.08 0.06
0.61 0.08 0.07
0.61 0.08 0.08
0.61 0.08 0.09
0.61 0.08 0.1
0.61 0.09 0.
0.61 0.09 0.01
0.61 0.09 0.02
0.61 0.09 0.03
0.61 0.09 0.04
0.61 0.09 0.05
0.61 0.09 0.06
0.61 0.09 0.07
0.61 0.09 0.08
0.61 0.09 0.09
0.61 0.09 0.1
0.61 0.1 0.
0.61 0.1 0.01
0.61 0.1 0.02
0.61 0.1 0.03
0.61 0.1 0.04
0.61 0.1 0.05
0.61 0.1 0.06
0.61 0.1 0.07
0.61 0.1 0.08
0.61 0.1 0.09
0.61 0.1 0.1
0.62 0. 0.
0.62 0. 0.01
0.62 0. 0.02
0.62 0. 0.03
0.62 0. 0.04
0.62 0. 0.05
0.62 0. 0.06
0.62 0. 0.07
0.62 0. 0.08
0.62 0. 0.09
0.62 0. 0.1
0.62 0.01 0.
0.62 0.01 0.01
0.62 0.01 0.02
0.62 0.01 0.03
0.62 0.01 0.04
0.62 0.01 0.05
0.62 0.01 0.06
0.62 0.01 0.07
0.62 0.01 0.08
0.62 0.01 0.09
0.62 0.01 0.1
0.62 0.02 0.
0.62 0.02 0.01
0.62 0.02 0.02
0.62 0.02 0.03
0.62 0.02 0.04
0.62 0.02 0.05
0.62 0.02 0.06
0.62 0.02 0.07
0.62 0.02 0.08
0.62 0.02 0.09
0.62 0.02 0.1
0.62 0.03 0.
0.62 0.03 0.01
0.62 0.03 0.02
0.62 0.03 0.03
0.62 0.03 0.04
0.62 0.03 0.05
0.62 0.03 0.06
0.62 0.03 0.07
0.62 0.03 0.08
0.62 0.03 0.09
0.62 0.03 0.1
0.62 0.04 0.
0.62 0.04 0.01
0.62 0.04 0.02
0.62 0.04 0.03
0.62 0.04 0.04
0.62 0.04 0.05
0.62 0.04 0.06
0.62 0.04 0.07
0.62 0.04 0.08
0.62 0.04 0.09
0.62 0.04 0.1
0.62 0.05 0.
0.62 0.05 0.01
0.62 0.05 0.02
0.62 0.05 0.03
0.62 0.05 0.04
0.62 0.05 0.05
0.62 0.05 0.06
0.62 0.05 0.07
0.62 0.05 0.08
0.62 0.05 0.09
0.62 0.05 0.1
0.62 0.06 0.
0.62 0.06 0.01
0.62 0.06 0.02
0.62 0.06 0.03
0.62 0.06 0.04
0.62 0.06 0.05
0.62 0.06 0.06
0.62 0.06 0.07
0.62 0.06 0.08
0.62 0.06 0.09
0.62 0.06 0.1
0.62 0.07 0.
0.62 0.07 0.01
0.62 0.07 0.02
0.62 0.07 0.03
0.62 0.07 0.04
0.62 0.07 0.05
0.62 0.07 0.06
0.62 0.07 0.07
0.62 0.07 0.08
0.62 0.07 0.09
0.62 0.07 0.1
0.62 0.08 0.
0.62 0.08 0.01
0.62 0.08 0.02
0.62 0.08 0.03
0.62 0.08 0.04
0.62 0.08 0.05
0.62 0.08 0.06
0.62 0.08 0.07
0.62 0.08 0.08
0.62 0.08 0.09
0.62 0.08 0.1
0.62 0.09 0.
0.62 0.09 0.01
0.62 0.09 0.02
0.62 0.09 0.03
0.62 0.09 0.04
0.62 0.09 0.05
0.62 0.09 0.06
0.62 0.09 0.07
0.62 0.09 0.08
0.62 0.09 0.09
0.62 0.09 0.1
0.62 0.1 0.
0.62 0.1 0.01
0.62 0.1 0.02
0.62 0.1 0.03
0.62 0.1 0.04
0.62 0.1 0.05
0.62 0.1 0.06
0.62 0.1 0.07
0.62 0.1 0.08
0.62 0.1 0.09
0.62 0.1 0.1
0.63 0. 0.
0.63 0. 0.01
0.63 0. 0.02
0.63 0. 0.03
0.63 0. 0.04
0.63 0. 0.05
0.63 0. 0.06
0.63 0. 0.07
0.63 0. 0.08
0.63 0. 0.09
0.63 0. 0.1
0.63 0.01 0.
0.63 0.01 0.01
0.63 0.01 0.02
0.63 0.01 0.03
0.63 0.01 0.04
0.63 0.01 0.05
0.63 0.01 0.06
0.63 0.01 0.07
0.63 0.01 0.08
0.63 0.01 0.09
0.63 0.01 0.1
0.63 0.02 0.
0.63 0.02 0.01
0.63 0.02 0.02
0.63 0.02 0.03
0.63 0.02 0.04
0.63 0.02 0.05
0.63 0.02 0.06
0.63 0.02 0.07
0.63 0.02 0.08
0.63 0.02 0.09
0.63 0.02 0.1
0.63 0.03 0.
0.63 0.03 0.01
0.63 0.03 0.02
0.63 0.03 0.03
0.63 0.03 0.04
0.63 0.03 0.05
0.63 0.03 0.06
0.63 0.03 0.07
0.63 0.03 0.08
0.63 0.03 0.09
0.63 0.03 0.1
0.63 0.04 0.
0.63 0.04 0.01
0.63 0.04 0.02
0.63 0.04 0.03
0.63 0.04 0.04
0.63 0.04 0.05
0.63 0.04 0.06
0.63 0.04 0.07
0.63 0.04 0.08
0.63 0.04 0.09
0.63 0.04 0.1
0.63 0.05 0.
0.63 0.05 0.01
0.63 0.05 0.02
0.63 0.05 0.03
0.63 0.05 0.04
0.63 0.05 0.05
0.63 0.05 0.06
0.63 0.05 0.07
0.63 0.05 0.08
0.63 0.05 0.09
0.63 0.05 0.1
0.63 0.06 0.
0.63 0.06 0.01
0.63 0.06 0.02
0.63 0.06 0.03
0.63 0.06 0.04
0.63 0.06 0.05
0.63 0.06 0.06
0.63 0.06 0.07
0.63 0.06 0.08
0.63 0.06 0.09
0.63 0.06 0.1
0.63 0.07 0.
0.63 0.07 0.01
0.63 0.07 0.02
0.63 0.07 0.03
0.63 0.07 0.04
0.63 0.07 0.05
0.63 0.07 0.06
0.63 0.07 0.07
0.63 0.07 0.08
0.63 0.07 0.09
0.63 0.07 0.1
0.63 0.08 0.
0.63 0.08 0.01
0.63 0.08 0.02
0.63 0.08 0.03
0.63 0.08 0.04
0.63 0.08 0.05
0.63 0.08 0.06
0.63 0.08 0.07
0.63 0.08 0.08
0.63 0.08 0.09
0.63 0.08 0.1
0.63 0.09 0.
0.63 0.09 0.01
0.63 0.09 0.02
0.63 0.09 0.03
0.63 0.09 0.04
0.63 0.09 0.05
0.63 0.09 0.06
0.63 0.09 0.07
0.63 0.09 0.08
0.63 0.09 0.09
0.63 0.09 0.1
0.63 0.1 0.
0.63 0.1 0.01
0.63 0.1 0.02
0.63 0.1 0.03
0.63 0.1 0.04
0.63 0.1 0.05
0.63 0.1 0.06
0.63 0.1 0.07
0.63 0.1 0.08
0.63 0.1 0.09
0.63 0.1 0.1
0.64 0. 0.
0.64 0. 0.01
0.64 0. 0.02
0.64 0. 0.03
0.64 0. 0.04
0.64 0. 0.05
0.64 0. 0.06
0.64 0. 0.07
0.64 0. 0.08
0.64 0. 0.09
0.64 0. 0.1
0.64 0.01 0.
0.64 0.01 0.01
0.64 0.01 0.02
0.64 0.01 0.03
0.64 0.01 0.04
0.64 0.01 0.05
0.64 0.01 0.06
0.64 0.01 0.07
0.64 0.01 0.08
0.64 0.01 0.09
0.64 0.01 0.1
0.64 0.02 0.
0.64 0.02 0.01
0.64 0.02 0.02
0.64 0.02 0.03
0.64 0.02 0.04
0.64 0.02 0.05
0.64 0.02 0.06
0.64 0.02 0.07
0.64 0.02 0.08
0.64 0.02 0.09
0.64 0.02 0.1
0.64 0.03 0.
0.64 0.03 0.01
0.64 0.03 0.02
0.64 0.03 0.03
0.64 0.03 0.04
0.64 0.03 0.05
0.64 0.03 0.06
0.64 0.03 0.07
0.64 0.03 0.08
0.64 0.03 0.09
0.64 0.03 0.1
0.64 0.04 0.
0.64 0.04 0.01
0.64 0.04 0.02
0.64 0.04 0.03
0.64 0.04 0.04
0.64 0.04 0.05
0.64 0.04 0.06
0.64 0.04 0.07
0.64 0.04 0.08
0.64 0.04 0.09
0.64 0.04 0.1
0.64 0.05 0.
0.64 0.05 0.01
0.64 0.05 0.02
0.64 0.05 0.03
0.64 0.05 0.04
0.64 0.05 0.05
0.64 0.05 0.06
0.64 0.05 0.07
0.64 0.05 0.08
0.64 0.05 0.09
0.64 0.05 0.1
0.64 0.06 0.
0.64 0.06 0.01
0.64 0.06 0.02
0.64 0.06 0.03
0.64 0.06 0.04
0.64 0.06 0.05
0.64 0.06 0.06
0.64 0.06 0.07
0.64 0.06 0.08
0.64 0.06 0.09
0.64 0.06 0.1
0.64 0.07 0.
0.64 0.07 0.01
0.64 0.07 0.02
0.64 0.07 0.03
0.64 0.07 0.04
0.64 0.07 0.05
0.64 0.07 0.06
0.64 0.07 0.07
0.64 0.07 0.08
0.64 0.07 0.09
0.64 0.07 0.1
0.64 0.08 0.
0.64 0.08 0.01
0.64 0.08 0.02
0.64 0.08 0.03
0.64 0.08 0.04
0.64 0.08 0.05
0.64 0.08 0.06
0.64 0.08 0.07
0.64 0.08 0.08
0.64 0.08 0.09
0.64 0.08 0.1
0.64 0.09 0.
0.64 0.09 0.01
0.64 0.09 0.02
0.64 0.09 0.03
0.64 0.09 0.04
0.64 0.09 0.05
0.64 0.09 0.06
0.64 0.09 0.07
0.64 0.09 0.08
0.64 0.09 0.09
0.64 0.09 0.1
0.64 0.1 0.
0.64 0.1 0.01
0.64 0.1 0.02
0.64 0.1 0.03
0.64 0.1 0.04
0.64 0.1 0.05
0.64 0.1 0.06
0.64 0.1 0.07
0.64 0.1 0.08
0.64 0.1 0.09
0.64 0.1 0.1
0.65 0. 0.
0.65 0. 0.01
0.65 0. 0.02
0.65 0. 0.03
0.65 0. 0.04
0.65 0. 0.05
0.65 0. 0.06
0.65 0. 0.07
0.65 0. 0.08
0.65 0. 0.09
0.65 0. 0.1
0.65 0.01 0.
0.65 0.01 0.01
0.65 0.01 0.02
0.65 0.01 0.03
0.65 0.01 0.04
0.65 0.01 0.05
0.65 0.01 0.06
0.65 0.01 0.07
0.65 0.01 0.08
0.65 0.01 0.09
0.65 0.01 0.1
0.65 0.02 0.
0.65 0.02 0.01
0.65 0.02 0.02
0.65 0.02 0.03
0.65 0.02 0.04
0.65 0.02 0.05
0.65 0.02 0.06
0.65 0.02 0.07
0.65 0.02 0.08
0.65 0.02 0.09
0.65 0.02 0.1
0.65 0.03 0.
0.65 0.03 0.01
0.65 0.03 0.02
0.65 0.03 0.03
0.65 0.03 0.04
0.65 0.03 0.05
0.65 0.03 0.06
0.65 0.03 0.07
0.65 0.03 0.08
0.65 0.03 0.09
0.65 0.03 0.1
0.65 0.04 0.
0.65 0.04 0.01
0.65 0.04 0.02
0.65 0.04 0.03
0.65 0.04 0.04
0.65 0.04 0.05
0.65 0.04 0.06
0.65 0.04 0.07
0.65 0.04 0.08
0.65 0.04 0.09
0.65 0.04 0.1
0.65 0.05 0.
0.65 0.05 0.01
0.65 0.05 0.02
0.65 0.05 0.03
0.65 0.05 0.04
0.65 0.05 0.05
0.65 0.05 0.06
0.65 0.05 0.07
0.65 0.05 0.08
0.65 0.05 0.09
0.65 0.05 0.1
0.65 0.06 0.
0.65 0.06 0.01
0.65 0.06 0.02
0.65 0.06 0.03
0.65 0.06 0.04
0.65 0.06 0.05
0.65 0.06 0.06
0.65 0.06 0.07
0.65 0.06 0.08
0.65 0.06 0.09
0.65 0.06 0.1
0.65 0.07 0.
0.65 0.07 0.01
0.65 0.07 0.02
0.65 0.07 0.03
0.65 0.07 0.04
0.65 0.07 0.05
0.65 0.07 0.06
0.65 0.07 0.07
0.65 0.07 0.08
0.65 0.07 0.09
0.65 0.07 0.1
0.65 0.08 0.
0.65 0.08 0.01
0.65 0.08 0.02
0.65 0.08 0.03
0.65 0.08 0.04
0.65 0.08 0.05
0.65 0.08 0.06
0.65 0.08 0.07
0.65 0.08 0.08
0.65 0.08 0.09
0.65 0.08 0.1
0.65 0.09 0.
0.65 0.09 0.01
0.65 0.09 0.02
0.65 0.09 0.03
0.65 0.09 0.04
0.65 0.09 0.05
0.65 0.09 0.06
0.65 0.09 0.07
0.65 0.09 0.08
0.65 0.09 0.09
0.65 0.09 0.1
0.65 0.1 0.
0.65 0.1 0.01
0.65 0.1 0.02
0.65 0.1 0.03
0.65 0.1 0.04
0.65 0.1 0.05
0.65 0.1 0.06
0.65 0.1 0.07
0.65 0.1 0.08
0.65 0.1 0.09
0.65 0.1 0.1
0.66 0. 0.
0.66 0. 0.01
0.66 0. 0.02
0.66 0. 0.03
0.66 0. 0.04
0.66 0. 0.05
0.66 0. 0.06
0.66 0. 0.07
0.66 0. 0.08
0.66 0. 0.09
0.66 0. 0.1
0.66 0.01 0.
0.66 0.01 0.01
0.66 0.01 0.02
0.66 0.01 0.03
0.66 0.01 0.04
0.66 0.01 0.05
0.66 0.01 0.06
0.66 0.01 0.07
0.66 0.01 0.08
0.66 0.01 0.09
0.66 0.01 0.1
0.66 0.02 0.
0.66 0.02 0.01
0.66 0.02 0.02
0.66 0.02 0.03
0.66 0.02 0.04
0.66 0.02 0.05
0.66 0.02 0.06
0.66 0.02 0.07
0.66 0.02 0.08
0.66 0.02 0.09
0.66 0.02 0.1
0.66 0.03 0.
0.66 0.03 0.01
0.66 0.03 0.02
0.66 0.03 0.03
0.66 0.03 0.04
0.66 0.03 0.05
0.66 0.03 0.06
0.66 0.03 0.07
0.66 0.03 0.08
0.66 0.03 0.09
0.66 0.03 0.1
0.66 0.04 0.
0.66 0.04 0.01
0.66 0.04 0.02
0.66 0.04 0.03
0.66 0.04 0.04
0.66 0.04 0.05
0.66 0.04 0.06
0.66 0.04 0.07
0.66 0.04 0.08
0.66 0.04 0.09
0.66 0.04 0.1
0.66 0.05 0.
0.66 0.05 0.01
0.66 0.05 0.02
0.66 0.05 0.03
0.66 0.05 0.04
0.66 0.05 0.05
0.66 0.05 0.06
0.66 0.05 0.07
0.66 0.05 0.08
0.66 0.05 0.09
0.66 0.05 0.1
0.66 0.06 0.
0.66 0.06 0.01
0.66 0.06 0.02
0.66 0.06 0.03
0.66 0.06 0.04
0.66 0.06 0.05
0.66 0.06 0.06
0.66 0.06 0.07
0.66 0.06 0.08
0.66 0.06 0.09
0.66 0.06 0.1
0.66 0.07 0.
0.66 0.07 0.01
0.66 0.07 0.02
0.66 0.07 0.03
0.66 0.07 0.04
0.66 0.07 0.05
0.66 0.07 0.06
0.66 0.07 0.07
0.66 0.07 0.08
0.66 0.07 0.09
0.66 0.07 0.1
0.66 0.08 0.
0.66 0.08 0.01
0.66 0.08 0.02
0.66 0.08 0.03
0.66 0.08 0.04
0.66 0.08 0.05
0.66 0.08 0.06
0.66 0.08 0.07
0.66 0.08 0.08
0.66 0.08 0.09
0.66 0.08 0.1
0.66 0.09 0.
0.66 0.09 0.01
0.66 0.09 0.02
0.66 0.09 0.03
0.66 0.09 0.04
0.66 0.09 0.05
0.66 0.09 0.06
0.66 0.09 0.07
0.66 0.09 0.08
0.66 0.09 0.09
0.66 0.09 0.1
0.66 0.1 0.
0.66 0.1 0.01
0.66 0.1 0.02
0.66 0.1 0.03
0.66 0.1 0.04
0.66 0.1 0.05
0.66 0.1 0.06
0.66 0.1 0.07
0.66 0.1 0.08
0.66 0.1 0.09
0.66 0.1 0.1
0.67 0. 0.
0.67 0. 0.01
0.67 0. 0.02
0.67 0. 0.03
0.67 0. 0.04
0.67 0. 0.05
0.67 0. 0.06
0.67 0. 0.07
0.67 0. 0.08
0.67 0. 0.09
0.67 0. 0.1
0.67 0.01 0.
0.67 0.01 0.01
0.67 0.01 0.02
0.67 0.01 0.03
0.67 0.01 0.04
0.67 0.01 0.05
0.67 0.01 0.06
0.67 0.01 0.07
0.67 0.01 0.08
0.67 0.01 0.09
0.67 0.01 0.1
0.67 0.02 0.
0.67 0.02 0.01
0.67 0.02 0.02
0.67 0.02 0.03
0.67 0.02 0.04
0.67 0.02 0.05
0.67 0.02 0.06
0.67 0.02 0.07
0.67 0.02 0.08
0.67 0.02 0.09
0.67 0.02 0.1
0.67 0.03 0.
0.67 0.03 0.01
0.67 0.03 0.02
0.67 0.03 0.03
0.67 0.03 0.04
0.67 0.03 0.05
0.67 0.03 0.06
0.67 0.03 0.07
0.67 0.03 0.08
0.67 0.03 0.09
0.67 0.03 0.1
0.67 0.04 0.
0.67 0.04 0.01
0.67 0.04 0.02
0.67 0.04 0.03
0.67 0.04 0.04
0.67 0.04 0.05
0.67 0.04 0.06
0.67 0.04 0.07
0.67 0.04 0.08
0.67 0.04 0.09
0.67 0.04 0.1
0.67 0.05 0.
0.67 0.05 0.01
0.67 0.05 0.02
0.67 0.05 0.03
0.67 0.05 0.04
0.67 0.05 0.05
0.67 0.05 0.06
0.67 0.05 0.07
0.67 0.05 0.08
0.67 0.05 0.09
0.67 0.05 0.1
0.67 0.06 0.
0.67 0.06 0.01
0.67 0.06 0.02
0.67 0.06 0.03
0.67 0.06 0.04
0.67 0.06 0.05
0.67 0.06 0.06
0.67 0.06 0.07
0.67 0.06 0.08
0.67 0.06 0.09
0.67 0.06 0.1
0.67 0.07 0.
0.67 0.07 0.01
0.67 0.07 0.02
0.67 0.07 0.03
0.67 0.07 0.04
0.67 0.07 0.05
0.67 0.07 0.06
0.67 0.07 0.07
0.67 0.07 0.08
0.67 0.07 0.09
0.67 0.07 0.1
0.67 0.08 0.
0.67 0.08 0.01
0.67 0.08 0.02
0.67 0.08 0.03
0.67 0.08 0.04
0.67 0.08 0.05
0.67 0.08 0.06
0.67 0.08 0.07
0.67 0.08 0.08
0.67 0.08 0.09
0.67 0.08 0.1
0.67 0.09 0.
0.67 0.09 0.01
0.67 0.09 0.02
0.67 0.09 0.03
0.67 0.09 0.04
0.67 0.09 0.05
0.67 0.09 0.06
0.67 0.09 0.07
0.67 0.09 0.08
0.67 0.09 0.09
0.67 0.09 0.1
0.67 0.1 0.
0.67 0.1 0.01
0.67 0.1 0.02
0.67 0.1 0.03
0.67 0.1 0.04
0.67 0.1 0.05
0.67 0.1 0.06
0.67 0.1 0.07
0.67 0.1 0.08
0.67 0.1 0.09
0.67 0.1 0.1
0.68 0. 0.
0.68 0. 0.01
0.68 0. 0.02
0.68 0. 0.03
0.68 0. 0.04
0.68 0. 0.05
0.68 0. 0.06
0.68 0. 0.07
0.68 0. 0.08
0.68 0. 0.09
0.68 0. 0.1
0.68 0.01 0.
0.68 0.01 0.01
0.68 0.01 0.02
0.68 0.01 0.03
0.68 0.01 0.04
0.68 0.01 0.05
0.68 0.01 0.06
0.68 0.01 0.07
0.68 0.01 0.08
0.68 0.01 0.09
0.68 0.01 0.1
0.68 0.02 0.
0.68 0.02 0.01
0.68 0.02 0.02
0.68 0.02 0.03
0.68 0.02 0.04
0.68 0.02 0.05
0.68 0.02 0.06
0.68 0.02 0.07
0.68 0.02 0.08
0.68 0.02 0.09
0.68 0.02 0.1
0.68 0.03 0.
0.68 0.03 0.01
0.68 0.03 0.02
0.68 0.03 0.03
0.68 0.03 0.04
0.68 0.03 0.05
0.68 0.03 0.06
0.68 0.03 0.07
0.68 0.03 0.08
0.68 0.03 0.09
0.68 0.03 0.1
0.68 0.04 0.
0.68 0.04 0.01
0.68 0.04 0.02
0.68 0.04 0.03
0.68 0.04 0.04
0.68 0.04 0.05
0.68 0.04 0.06
0.68 0.04 0.07
0.68 0.04 0.08
0.68 0.04 0.09
0.68 0.04 0.1
0.68 0.05 0.
0.68 0.05 0.01
0.68 0.05 0.02
0.68 0.05 0.03
0.68 0.05 0.04
0.68 0.05 0.05
0.68 0.05 0.06
0.68 0.05 0.07
0.68 0.05 0.08
0.68 0.05 0.09
0.68 0.05 0.1
0.68 0.06 0.
0.68 0.06 0.01
0.68 0.06 0.02
0.68 0.06 0.03
0.68 0.06 0.04
0.68 0.06 0.05
0.68 0.06 0.06
0.68 0.06 0.07
0.68 0.06 0.08
0.68 0.06 0.09
0.68 0.06 0.1
0.68 0.07 0.
0.68 0.07 0.01
0.68 0.07 0.02
0.68 0.07 0.03
0.68 0.07 0.04
0.68 0.07 0.05
0.68 0.07 0.06
0.68 0.07 0.07
0.68 0.07 0.08
0.68 0.07 0.09
0.68 0.07 0.1
0.68 0.08 0.
0.68 0.08 0.01
0.68 0.08 0.02
0.68 0.08 0.03
0.68 0.08 0.04
0.68 0.08 0.05
0.68 0.08 0.06
0.68 0.08 0.07
0.68 0.08 0.08
0.68 0.08 0.09
0.68 0.08 0.1
0.68 0.09 0.
0.68 0.09 0.01
0.68 0.09 0.02
0.68 0.09 0.03
0.68 0.09 0.04
0.68 0.09 0.05
0.68 0.09 0.06
0.68 0.09 0.07
0.68 0.09 0.08
0.68 0.09 0.09
0.68 0.09 0.1
0.68 0.1 0.
0.68 0.1 0.01
0.68 0.1 0.02
0.68 0.1 0.03
0.68 0.1 0.04
0.68 0.1 0.05
0.68 0.1 0.06
0.68 0.1 0.07
0.68 0.1 0.08
0.68 0.1 0.09
0.68 0.1 0.1
0.69 0. 0.
0.69 0. 0.01
0.69 0. 0.02
0.69 0. 0.03
0.69 0. 0.04
0.69 0. 0.05
0.69 0. 0.06
0.69 0. 0.07
0.69 0. 0.08
0.69 0. 0.09
0.69 0. 0.1
0.69 0.01 0.
0.69 0.01 0.01
0.69 0.01 0.02
0.69 0.01 0.03
0.69 0.01 0.04
0.69 0.01 0.05
0.69 0.01 0.06
0.69 0.01 0.07
0.69 0.01 0.08
0.69 0.01 0.09
0.69 0.01 0.1
0.69 0.02 0.
0.69 0.02 0.01
0.69 0.02 0.02
0.69 0.02 0.03
0.69 0.02 0.04
0.69 0.02 0.05
0.69 0.02 0.06
0.69 0.02 0.07
0.69 0.02 0.08
0.69 0.02 0.09
0.69 0.02 0.1
0.69 0.03 0.
0.69 0.03 0.01
0.69 0.03 0.02
0.69 0.03 0.03
0.69 0.03 0.04
0.69 0.03 0.05
0.69 0.03 0.06
0.69 0.03 0.07
0.69 0.03 0.08
0.69 0.03 0.09
0.69 0.03 0.1
0.69 0.04 0.
0.69 0.04 0.01
0.69 0.04 0.02
0.69 0.04 0.03
0.69 0.04 0.04
0.69 0.04 0.05
0.69 0.04 0.06
0.69 0.04 0.07
0.69 0.04 0.08
0.69 0.04 0.09
0.69 0.04 0.1
0.69 0.05 0.
0.69 0.05 0.01
0.69 0.05 0.02
0.69 0.05 0.03
0.69 0.05 0.04
0.69 0.05 0.05
0.69 0.05 0.06
0.69 0.05 0.07
0.69 0.05 0.08
0.69 0.05 0.09
0.69 0.05 0.1
0.69 0.06 0.
0.69 0.06 0.01
0.69 0.06 0.02
0.69 0.06 0.03
0.69 0.06 0.04
0.69 0.06 0.05
0.69 0.06 0.06
0.69 0.06 0.07
0.69 0.06 0.08
0.69 0.06 0.09
0.69 0.06 0.1
0.69 0.07 0.
0.69 0.07 0.01
0.69 0.07 0.02
0.69 0.07 0.03
0.69 0.07 0.04
0.69 0.07 0.05
0.69 0.07 0.06
0.69 0.07 0.07
0.69 0.07 0.08
0.69 0.07 0.09
0.69 0.07 0.1
0.69 0.08 0.
0.69 0.08 0.01
0.69 0.08 0.02
0.69 0.08 0.03
0.69 0.08 0.04
0.69 0.08 0.05
0.69 0.08 0.06
0.69 0.08 0.07
0.69 0.08 0.08
0.69 0.08 0.09
0.69 0.08 0.1
0.69 0.09 0.
0.69 0.09 0.01
0.69 0.09 0.02
0.69 0.09 0.03
0.69 0.09 0.04
0.69 0.09 0.05
0.69 0.09 0.06
0.69 0.09 0.07
0.69 0.09 0.08
0.69 0.09 0.09
0.69 0.09 0.1
0.69 0.1 0.
0.69 0.1 0.01
0.69 0.1 0.02
0.69 0.1 0.03
0.69 0.1 0.04
0.69 0.1 0.05
0.69 0.1 0.06
0.69 0.1 0.07
0.69 0.1 0.08
0.69 0.1 0.09
0.69 0.1 0.1
0.7 0. 0.
0.7 0. 0.01
0.7 0. 0.02
0.7 0. 0.03
0.7 0. 0.04
0.7 0. 0.05
0.7 0. 0.06
0.7 0. 0.07
0.7 0. 0.08
0.7 0. 0.09
0.7 0. 0.1
0.7 0.01 0.
0.7 0.01 0.01
0.7 0.01 0.02
0.7 0.01 0.03
0.7 0.01 0.04
0.7 0.01 0.05
0.7 0.01 0.06
0.7 0.01 0.07
0.7 0.01 0.08
0.7 0.01 0.09
0.7 0.01 0.1
0.7 0.02 0.
0.7 0.02 0.01
0.7 0.02 0.02
0.7 0.02 0.03
0.7 0.02 0.04
0.7 0.02 0.05
0.7 0.02 0.06
0.7 0.02 0.07
0.7 0.02 0.08
0.7 0.02 0.09
0.7 0.02 0.1
0.7 0.03 0.
0.7 0.03 0.01
0.7 0.03 0.02
0.7 0.03 0.03
0.7 0.03 0.04
0.7 0.03 0.05
0.7 0.03 0.06
0.7 0.03 0.07
0.7 0.03 0.08
0.7 0.03 0.09
0.7 0.03 0.1
0.7 0.04 0.
0.7 0.04 0.01
0.7 0.04 0.02
0.7 0.04 0.03
0.7 0.04 0.04
0.7 0.04 0.05
0.7 0.04 0.06
0.7 0.04 0.07
0.7 0.04 0.08
0.7 0.04 0.09
0.7 0.04 0.1
0.7 0.05 0.
0.7 0.05 0.01
0.7 0.05 0.02
0.7 0.05 0.03
0.7 0.05 0.04
0.7 0.05 0.05
0.7 0.05 0.06
0.7 0.05 0.07
0.7 0.05 0.08
0.7 0.05 0.09
0.7 0.05 0.1
0.7 0.06 0.
0.7 0.06 0.01
0.7 0.06 0.02
0.7 0.06 0.03
0.7 0.06 0.04
0.7 0.06 0.05
0.7 0.06 0.06
0.7 0.06 0.07
0.7 0.06 0.08
0.7 0.06 0.09
0.7 0.06 0.1
0.7 0.07 0.
0.7 0.07 0.01
0.7 0.07 0.02
0.7 0.07 0.03
0.7 0.07 0.04
0.7 0.07 0.05
0.7 0.07 0.06
0.7 0.07 0.07
0.7 0.07 0.08
0.7 0.07 0.09
0.7 0.07 0.1
0.7 0.08 0.
0.7 0.08 0.01
0.7 0.08 0.02
0.7 0.08 0.03
0.7 0.08 0.04
0.7 0.08 0.05
0.7 0.08 0.06
0.7 0.08 0.07
0.7 0.08 0.08
0.7 0.08 0.09
0.7 0.08 0.1
0.7 0.09 0.
0.7 0.09 0.01
0.7 0.09 0.02
0.7 0.09 0.03
0.7 0.09 0.04
0.7 0.09 0.05
0.7 0.09 0.06
0.7 0.09 0.07
0.7 0.09 0.08
0.7 0.09 0.09
0.7 0.09 0.1
0.7 0.1 0.
0.7 0.1 0.01
0.7 0.1 0.02
0.7 0.1 0.03
0.7 0.1 0.04
0.7 0.1 0.05
0.7 0.1 0.06
0.7 0.1 0.07
0.7 0.1 0.08
0.7 0.1 0.09
0.7 0.1 0.1
0.71 0. 0.
0.71 0. 0.01
0.71 0. 0.02
0.71 0. 0.03
0.71 0. 0.04
0.71 0. 0.05
0.71 0. 0.06
0.71 0. 0.07
0.71 0. 0.08
0.71 0. 0.09
0.71 0. 0.1
0.71 0.01 0.
0.71 0.01 0.01
0.71 0.01 0.02
0.71 0.01 0.03
0.71 0.01 0.04
0.71 0.01 0.05
0.71 0.01 0.06
0.71 0.01 0.07
0.71 0.01 0.08
0.71 0.01 0.09
0.71 0.01 0.1
0.71 0.02 0.
0.71 0.02 0.01
0.71 0.02 0.02
0.71 0.02 0.03
0.71 0.02 0.04
0.71 0.02 0.05
0.71 0.02 0.06
0.71 0.02 0.07
0.71 0.02 0.08
0.71 0.02 0.09
0.71 0.02 0.1
0.71 0.03 0.
0.71 0.03 0.01
0.71 0.03 0.02
0.71 0.03 0.03
0.71 0.03 0.04
0.71 0.03 0.05
0.71 0.03 0.06
0.71 0.03 0.07
0.71 0.03 0.08
0.71 0.03 0.09
0.71 0.03 0.1
0.71 0.04 0.
0.71 0.04 0.01
0.71 0.04 0.02
0.71 0.04 0.03
0.71 0.04 0.04
0.71 0.04 0.05
0.71 0.04 0.06
0.71 0.04 0.07
0.71 0.04 0.08
0.71 0.04 0.09
0.71 0.04 0.1
0.71 0.05 0.
0.71 0.05 0.01
0.71 0.05 0.02
0.71 0.05 0.03
0.71 0.05 0.04
0.71 0.05 0.05
0.71 0.05 0.06
0.71 0.05 0.07
0.71 0.05 0.08
0.71 0.05 0.09
0.71 0.05 0.1
0.71 0.06 0.
0.71 0.06 0.01
0.71 0.06 0.02
0.71 0.06 0.03
0.71 0.06 0.04
0.71 0.06 0.05
0.71 0.06 0.06
0.71 0.06 0.07
0.71 0.06 0.08
0.71 0.06 0.09
0.71 0.06 0.1
0.71 0.07 0.
0.71 0.07 0.01
0.71 0.07 0.02
0.71 0.07 0.03
0.71 0.07 0.04
0.71 0.07 0.05
0.71 0.07 0.06
0.71 0.07 0.07
0.71 0.07 0.08
0.71 0.07 0.09
0.71 0.07 0.1
0.71 0.08 0.
0.71 0.08 0.01
0.71 0.08 0.02
0.71 0.08 0.03
0.71 0.08 0.04
0.71 0.08 0.05
0.71 0.08 0.06
0.71 0.08 0.07
0.71 0.08 0.08
0.71 0.08 0.09
0.71 0.08 0.1
0.71 0.09 0.
0.71 0.09 0.01
0.71 0.09 0.02
0.71 0.09 0.03
0.71 0.09 0.04
0.71 0.09 0.05
0.71 0.09 0.06
0.71 0.09 0.07
0.71 0.09 0.08
0.71 0.09 0.09
0.71 0.09 0.1
0.71 0.1 0.
0.71 0.1 0.01
0.71 0.1 0.02
0.71 0.1 0.03
0.71 0.1 0.04
0.71 0.1 0.05
0.71 0.1 0.06
0.71 0.1 0.07
0.71 0.1 0.08
0.71 0.1 0.09
0.71 0.1 0.1
0.72 0. 0.
0.72 0. 0.01
0.72 0. 0.02
0.72 0. 0.03
0.72 0. 0.04
0.72 0. 0.05
0.72 0. 0.06
0.72 0. 0.07
0.72 0. 0.08
0.72 0. 0.09
0.72 0. 0.1
0.72 0.01 0.
0.72 0.01 0.01
0.72 0.01 0.02
0.72 0.01 0.03
0.72 0.01 0.04
0.72 0.01 0.05
0.72 0.01 0.06
0.72 0.01 0.07
0.72 0.01 0.08
0.72 0.01 0.09
0.72 0.01 0.1
0.72 0.02 0.
0.72 0.02 0.01
0.72 0.02 0.02
0.72 0.02 0.03
0.72 0.02 0.04
0.72 0.02 0.05
0.72 0.02 0.06
0.72 0.02 0.07
0.72 0.02 0.08
0.72 0.02 0.09
0.72 0.02 0.1
0.72 0.03 0.
0.72 0.03 0.01
0.72 0.03 0.02
0.72 0.03 0.03
0.72 0.03 0.04
0.72 0.03 0.05
0.72 0.03 0.06
0.72 0.03 0.07
0.72 0.03 0.08
0.72 0.03 0.09
0.72 0.03 0.1
0.72 0.04 0.
0.72 0.04 0.01
0.72 0.04 0.02
0.72 0.04 0.03
0.72 0.04 0.04
0.72 0.04 0.05
0.72 0.04 0.06
0.72 0.04 0.07
0.72 0.04 0.08
0.72 0.04 0.09
0.72 0.04 0.1
0.72 0.05 0.
0.72 0.05 0.01
0.72 0.05 0.02
0.72 0.05 0.03
0.72 0.05 0.04
0.72 0.05 0.05
0.72 0.05 0.06
0.72 0.05 0.07
0.72 0.05 0.08
0.72 0.05 0.09
0.72 0.05 0.1
0.72 0.06 0.
0.72 0.06 0.01
0.72 0.06 0.02
0.72 0.06 0.03
0.72 0.06 0.04
0.72 0.06 0.05
0.72 0.06 0.06
0.72 0.06 0.07
0.72 0.06 0.08
0.72 0.06 0.09
0.72 0.06 0.1
0.72 0.07 0.
0.72 0.07 0.01
0.72 0.07 0.02
0.72 0.07 0.03
0.72 0.07 0.04
0.72 0.07 0.05
0.72 0.07 0.06
0.72 0.07 0.07
0.72 0.07 0.08
0.72 0.07 0.09
0.72 0.07 0.1
0.72 0.08 0.
0.72 0.08 0.01
0.72 0.08 0.02
0.72 0.08 0.03
0.72 0.08 0.04
0.72 0.08 0.05
0.72 0.08 0.06
0.72 0.08 0.07
0.72 0.08 0.08
0.72 0.08 0.09
0.72 0.08 0.1
0.72 0.09 0.
0.72 0.09 0.01
0.72 0.09 0.02
0.72 0.09 0.03
0.72 0.09 0.04
0.72 0.09 0.05
0.72 0.09 0.06
0.72 0.09 0.07
0.72 0.09 0.08
0.72 0.09 0.09
0.72 0.09 0.1
0.72 0.1 0.
0.72 0.1 0.01
0.72 0.1 0.02
0.72 0.1 0.03
0.72 0.1 0.04
0.72 0.1 0.05
0.72 0.1 0.06
0.72 0.1 0.07
0.72 0.1 0.08
0.72 0.1 0.09
0.72 0.1 0.1
0.73 0. 0.
0.73 0. 0.01
0.73 0. 0.02
0.73 0. 0.03
0.73 0. 0.04
0.73 0. 0.05
0.73 0. 0.06
0.73 0. 0.07
0.73 0. 0.08
0.73 0. 0.09
0.73 0. 0.1
0.73 0.01 0.
0.73 0.01 0.01
0.73 0.01 0.02
0.73 0.01 0.03
0.73 0.01 0.04
0.73 0.01 0.05
0.73 0.01 0.06
0.73 0.01 0.07
0.73 0.01 0.08
0.73 0.01 0.09
0.73 0.01 0.1
0.73 0.02 0.
0.73 0.02 0.01
0.73 0.02 0.02
0.73 0.02 0.03
0.73 0.02 0.04
0.73 0.02 0.05
0.73 0.02 0.06
0.73 0.02 0.07
0.73 0.02 0.08
0.73 0.02 0.09
0.73 0.02 0.1
0.73 0.03 0.
0.73 0.03 0.01
0.73 0.03 0.02
0.73 0.03 0.03
0.73 0.03 0.04
0.73 0.03 0.05
0.73 0.03 0.06
0.73 0.03 0.07
0.73 0.03 0.08
0.73 0.03 0.09
0.73 0.03 0.1
0.73 0.04 0.
0.73 0.04 0.01
0.73 0.04 0.02
0.73 0.04 0.03
0.73 0.04 0.04
0.73 0.04 0.05
0.73 0.04 0.06
0.73 0.04 0.07
0.73 0.04 0.08
0.73 0.04 0.09
0.73 0.04 0.1
0.73 0.05 0.
0.73 0.05 0.01
0.73 0.05 0.02
0.73 0.05 0.03
0.73 0.05 0.04
0.73 0.05 0.05
0.73 0.05 0.06
0.73 0.05 0.07
0.73 0.05 0.08
0.73 0.05 0.09
0.73 0.05 0.1
0.73 0.06 0.
0.73 0.06 0.01
0.73 0.06 0.02
0.73 0.06 0.03
0.73 0.06 0.04
0.73 0.06 0.05
0.73 0.06 0.06
0.73 0.06 0.07
0.73 0.06 0.08
0.73 0.06 0.09
0.73 0.06 0.1
0.73 0.07 0.
0.73 0.07 0.01
0.73 0.07 0.02
0.73 0.07 0.03
0.73 0.07 0.04
0.73 0.07 0.05
0.73 0.07 0.06
0.73 0.07 0.07
0.73 0.07 0.08
0.73 0.07 0.09
0.73 0.07 0.1
0.73 0.08 0.
0.73 0.08 0.01
0.73 0.08 0.02
0.73 0.08 0.03
0.73 0.08 0.04
0.73 0.08 0.05
0.73 0.08 0.06
0.73 0.08 0.07
0.73 0.08 0.08
0.73 0.08 0.09
0.73 0.08 0.1
0.73 0.09 0.
0.73 0.09 0.01
0.73 0.09 0.02
0.73 0.09 0.03
0.73 0.09 0.04
0.73 0.09 0.05
0.73 0.09 0.06
0.73 0.09 0.07
0.73 0.09 0.08
0.73 0.09 0.09
0.73 0.09 0.1
0.73 0.1 0.
0.73 0.1 0.01
0.73 0.1 0.02
0.73 0.1 0.03
0.73 0.1 0.04
0.73 0.1 0.05
0.73 0.1 0.06
0.73 0.1 0.07
0.73 0.1 0.08
0.73 0.1 0.09
0.73 0.1 0.1
0.74 0. 0.
0.74 0. 0.01
0.74 0. 0.02
0.74 0. 0.03
0.74 0. 0.04
0.74 0. 0.05
0.74 0. 0.06
0.74 0. 0.07
0.74 0. 0.08
0.74 0. 0.09
0.74 0. 0.1
0.74 0.01 0.
0.74 0.01 0.01
0.74 0.01 0.02
0.74 0.01 0.03
0.74 0.01 0.04
0.74 0.01 0.05
0.74 0.01 0.06
0.74 0.01 0.07
0.74 0.01 0.08
0.74 0.01 0.09
0.74 0.01 0.1
0.74 0.02 0.
0.74 0.02 0.01
0.74 0.02 0.02
0.74 0.02 0.03
0.74 0.02 0.04
0.74 0.02 0.05
0.74 0.02 0.06
0.74 0.02 0.07
0.74 0.02 0.08
0.74 0.02 0.09
0.74 0.02 0.1
0.74 0.03 0.
0.74 0.03 0.01
0.74 0.03 0.02
0.74 0.03 0.03
0.74 0.03 0.04
0.74 0.03 0.05
0.74 0.03 0.06
0.74 0.03 0.07
0.74 0.03 0.08
0.74 0.03 0.09
0.74 0.03 0.1
0.74 0.04 0.
0.74 0.04 0.01
0.74 0.04 0.02
0.74 0.04 0.03
0.74 0.04 0.04
0.74 0.04 0.05
0.74 0.04 0.06
0.74 0.04 0.07
0.74 0.04 0.08
0.74 0.04 0.09
0.74 0.04 0.1
0.74 0.05 0.
0.74 0.05 0.01
0.74 0.05 0.02
0.74 0.05 0.03
0.74 0.05 0.04
0.74 0.05 0.05
0.74 0.05 0.06
0.74 0.05 0.07
0.74 0.05 0.08
0.74 0.05 0.09
0.74 0.05 0.1
0.74 0.06 0.
0.74 0.06 0.01
0.74 0.06 0.02
0.74 0.06 0.03
0.74 0.06 0.04
0.74 0.06 0.05
0.74 0.06 0.06
0.74 0.06 0.07
0.74 0.06 0.08
0.74 0.06 0.09
0.74 0.06 0.1
0.74 0.07 0.
0.74 0.07 0.01
0.74 0.07 0.02
0.74 0.07 0.03
0.74 0.07 0.04
0.74 0.07 0.05
0.74 0.07 0.06
0.74 0.07 0.07
0.74 0.07 0.08
0.74 0.07 0.09
0.74 0.07 0.1
0.74 0.08 0.
0.74 0.08 0.01
0.74 0.08 0.02
0.74 0.08 0.03
0.74 0.08 0.04
0.74 0.08 0.05
0.74 0.08 0.06
0.74 0.08 0.07
0.74 0.08 0.08
0.74 0.08 0.09
0.74 0.08 0.1
0.74 0.09 0.
0.74 0.09 0.01
0.74 0.09 0.02
0.74 0.09 0.03
0.74 0.09 0.04
0.74 0.09 0.05
0.74 0.09 0.06
0.74 0.09 0.07
0.74 0.09 0.08
0.74 0.09 0.09
0.74 0.09 0.1
0.74 0.1 0.
0.74 0.1 0.01
0.74 0.1 0.02
0.74 0.1 0.03
0.74 0.1 0.04
0.74 0.1 0.05
0.74 0.1 0.06
0.74 0.1 0.07
0.74 0.1 0.08
0.74 0.1 0.09
0.74 0.1 0.1
0.75 0. 0.
0.75 0. 0.01
0.75 0. 0.02
0.75 0. 0.03
0.75 0. 0.04
0.75 0. 0.05
0.75 0. 0.06
0.75 0. 0.07
0.75 0. 0.08
0.75 0. 0.09
0.75 0. 0.1
0.75 0.01 0.
0.75 0.01 0.01
0.75 0.01 0.02
0.75 0.01 0.03
0.75 0.01 0.04
0.75 0.01 0.05
0.75 0.01 0.06
0.75 0.01 0.07
0.75 0.01 0.08
0.75 0.01 0.09
0.75 0.01 0.1
0.75 0.02 0.
0.75 0.02 0.01
0.75 0.02 0.02
0.75 0.02 0.03
0.75 0.02 0.04
0.75 0.02 0.05
0.75 0.02 0.06
0.75 0.02 0.07
0.75 0.02 0.08
0.75 0.02 0.09
0.75 0.02 0.1
0.75 0.03 0.
0.75 0.03 0.01
0.75 0.03 0.02
0.75 0.03 0.03
0.75 0.03 0.04
0.75 0.03 0.05
0.75 0.03 0.06
0.75 0.03 0.07
0.75 0.03 0.08
0.75 0.03 0.09
0.75 0.03 0.1
0.75 0.04 0.
0.75 0.04 0.01
0.75 0.04 0.02
0.75 0.04 0.03
0.75 0.04 0.04
0.75 0.04 0.05
0.75 0.04 0.06
0.75 0.04 0.07
0.75 0.04 0.08
0.75 0.04 0.09
0.75 0.04 0.1
0.75 0.05 0.
0.75 0.05 0.01
0.75 0.05 0.02
0.75 0.05 0.03
0.75 0.05 0.04
0.75 0.05 0.05
0.75 0.05 0.06
0.75 0.05 0.07
0.75 0.05 0.08
0.75 0.05 0.09
0.75 0.05 0.1
0.75 0.06 0.
0.75 0.06 0.01
0.75 0.06 0.02
0.75 0.06 0.03
0.75 0.06 0.04
0.75 0.06 0.05
0.75 0.06 0.06
0.75 0.06 0.07
0.75 0.06 0.08
0.75 0.06 0.09
0.75 0.06 0.1
0.75 0.07 0.
0.75 0.07 0.01
0.75 0.07 0.02
0.75 0.07 0.03
0.75 0.07 0.04
0.75 0.07 0.05
0.75 0.07 0.06
0.75 0.07 0.07
0.75 0.07 0.08
0.75 0.07 0.09
0.75 0.07 0.1
0.75 0.08 0.
0.75 0.08 0.01
0.75 0.08 0.02
0.75 0.08 0.03
0.75 0.08 0.04
0.75 0.08 0.05
0.75 0.08 0.06
0.75 0.08 0.07
0.75 0.08 0.08
0.75 0.08 0.09
0.75 0.08 0.1
0.75 0.09 0.
0.75 0.09 0.01
0.75 0.09 0.02
0.75 0.09 0.03
0.75 0.09 0.04
0.75 0.09 0.05
0.75 0.09 0.06
0.75 0.09 0.07
0.75 0.09 0.08
0.75 0.09 0.09
0.75 0.09 0.1
0.75 0.1 0.
0.75 0.1 0.01
0.75 0.1 0.02
0.75 0.1 0.03
0.75 0.1 0.04
0.75 0.1 0.05
0.75 0.1 0.06
0.75 0.1 0.07
0.75 0.1 0.08
0.75 0.1 0.09
0.75 0.1 0.1
0.76 0. 0.
0.76 0. 0.01
0.76 0. 0.02
0.76 0. 0.03
0.76 0. 0.04
0.76 0. 0.05
0.76 0. 0.06
0.76 0. 0.07
0.76 0. 0.08
0.76 0. 0.09
0.76 0. 0.1
0.76 0.01 0.
0.76 0.01 0.01
0.76 0.01 0.02
0.76 0.01 0.03
0.76 0.01 0.04
0.76 0.01 0.05
0.76 0.01 0.06
0.76 0.01 0.07
0.76 0.01 0.08
0.76 0.01 0.09
0.76 0.01 0.1
0.76 0.02 0.
0.76 0.02 0.01
0.76 0.02 0.02
0.76 0.02 0.03
0.76 0.02 0.04
0.76 0.02 0.05
0.76 0.02 0.06
0.76 0.02 0.07
0.76 0.02 0.08
0.76 0.02 0.09
0.76 0.02 0.1
0.76 0.03 0.
0.76 0.03 0.01
0.76 0.03 0.02
0.76 0.03 0.03
0.76 0.03 0.04
0.76 0.03 0.05
0.76 0.03 0.06
0.76 0.03 0.07
0.76 0.03 0.08
0.76 0.03 0.09
0.76 0.03 0.1
0.76 0.04 0.
0.76 0.04 0.01
0.76 0.04 0.02
0.76 0.04 0.03
0.76 0.04 0.04
0.76 0.04 0.05
0.76 0.04 0.06
0.76 0.04 0.07
0.76 0.04 0.08
0.76 0.04 0.09
0.76 0.04 0.1
0.76 0.05 0.
0.76 0.05 0.01
0.76 0.05 0.02
0.76 0.05 0.03
0.76 0.05 0.04
0.76 0.05 0.05
0.76 0.05 0.06
0.76 0.05 0.07
0.76 0.05 0.08
0.76 0.05 0.09
0.76 0.05 0.1
0.76 0.06 0.
0.76 0.06 0.01
0.76 0.06 0.02
0.76 0.06 0.03
0.76 0.06 0.04
0.76 0.06 0.05
0.76 0.06 0.06
0.76 0.06 0.07
0.76 0.06 0.08
0.76 0.06 0.09
0.76 0.06 0.1
0.76 0.07 0.
0.76 0.07 0.01
0.76 0.07 0.02
0.76 0.07 0.03
0.76 0.07 0.04
0.76 0.07 0.05
0.76 0.07 0.06
0.76 0.07 0.07
0.76 0.07 0.08
0.76 0.07 0.09
0.76 0.07 0.1
0.76 0.08 0.
0.76 0.08 0.01
0.76 0.08 0.02
0.76 0.08 0.03
0.76 0.08 0.04
0.76 0.08 0.05
0.76 0.08 0.06
0.76 0.08 0.07
0.76 0.08 0.08
0.76 0.08 0.09
0.76 0.08 0.1
0.76 0.09 0.
0.76 0.09 0.01
0.76 0.09 0.02
0.76 0.09 0.03
0.76 0.09 0.04
0.76 0.09 0.05
0.76 0.09 0.06
0.76 0.09 0.07
0.76 0.09 0.08
0.76 0.09 0.09
0.76 0.09 0.1
0.76 0.1 0.
0.76 0.1 0.01
0.76 0.1 0.02
0.76 0.1 0.03
0.76 0.1 0.04
0.76 0.1 0.05
0.76 0.1 0.06
0.76 0.1 0.07
0.76 0.1 0.08
0.76 0.1 0.09
0.76 0.1 0.1
0.77 0. 0.
0.77 0. 0.01
0.77 0. 0.02
0.77 0. 0.03
0.77 0. 0.04
0.77 0. 0.05
0.77 0. 0.06
0.77 0. 0.07
0.77 0. 0.08
0.77 0. 0.09
0.77 0. 0.1
0.77 0.01 0.
0.77 0.01 0.01
0.77 0.01 0.02
0.77 0.01 0.03
0.77 0.01 0.04
0.77 0.01 0.05
0.77 0.01 0.06
0.77 0.01 0.07
0.77 0.01 0.08
0.77 0.01 0.09
0.77 0.01 0.1
0.77 0.02 0.
0.77 0.02 0.01
0.77 0.02 0.02
0.77 0.02 0.03
0.77 0.02 0.04
0.77 0.02 0.05
0.77 0.02 0.06
0.77 0.02 0.07
0.77 0.02 0.08
0.77 0.02 0.09
0.77 0.02 0.1
0.77 0.03 0.
0.77 0.03 0.01
0.77 0.03 0.02
0.77 0.03 0.03
0.77 0.03 0.04
0.77 0.03 0.05
0.77 0.03 0.06
0.77 0.03 0.07
0.77 0.03 0.08
0.77 0.03 0.09
0.77 0.03 0.1
0.77 0.04 0.
0.77 0.04 0.01
0.77 0.04 0.02
0.77 0.04 0.03
0.77 0.04 0.04
0.77 0.04 0.05
0.77 0.04 0.06
0.77 0.04 0.07
0.77 0.04 0.08
0.77 0.04 0.09
0.77 0.04 0.1
0.77 0.05 0.
0.77 0.05 0.01
0.77 0.05 0.02
0.77 0.05 0.03
0.77 0.05 0.04
0.77 0.05 0.05
0.77 0.05 0.06
0.77 0.05 0.07
0.77 0.05 0.08
0.77 0.05 0.09
0.77 0.05 0.1
0.77 0.06 0.
0.77 0.06 0.01
0.77 0.06 0.02
0.77 0.06 0.03
0.77 0.06 0.04
0.77 0.06 0.05
0.77 0.06 0.06
0.77 0.06 0.07
0.77 0.06 0.08
0.77 0.06 0.09
0.77 0.06 0.1
0.77 0.07 0.
0.77 0.07 0.01
0.77 0.07 0.02
0.77 0.07 0.03
0.77 0.07 0.04
0.77 0.07 0.05
0.77 0.07 0.06
0.77 0.07 0.07
0.77 0.07 0.08
0.77 0.07 0.09
0.77 0.07 0.1
0.77 0.08 0.
0.77 0.08 0.01
0.77 0.08 0.02
0.77 0.08 0.03
0.77 0.08 0.04
0.77 0.08 0.05
0.77 0.08 0.06
0.77 0.08 0.07
0.77 0.08 0.08
0.77 0.08 0.09
0.77 0.08 0.1
0.77 0.09 0.
0.77 0.09 0.01
0.77 0.09 0.02
0.77 0.09 0.03
0.77 0.09 0.04
0.77 0.09 0.05
0.77 0.09 0.06
0.77 0.09 0.07
0.77 0.09 0.08
0.77 0.09 0.09
0.77 0.09 0.1
0.77 0.1 0.
0.77 0.1 0.01
0.77 0.1 0.02
0.77 0.1 0.03
0.77 0.1 0.04
0.77 0.1 0.05
0.77 0.1 0.06
0.77 0.1 0.07
0.77 0.1 0.08
0.77 0.1 0.09
0.77 0.1 0.1
0.78 0. 0.
0.78 0. 0.01
0.78 0. 0.02
0.78 0. 0.03
0.78 0. 0.04
0.78 0. 0.05
0.78 0. 0.06
0.78 0. 0.07
0.78 0. 0.08
0.78 0. 0.09
0.78 0. 0.1
0.78 0.01 0.
0.78 0.01 0.01
0.78 0.01 0.02
0.78 0.01 0.03
0.78 0.01 0.04
0.78 0.01 0.05
0.78 0.01 0.06
0.78 0.01 0.07
0.78 0.01 0.08
0.78 0.01 0.09
0.78 0.01 0.1
0.78 0.02 0.
0.78 0.02 0.01
0.78 0.02 0.02
0.78 0.02 0.03
0.78 0.02 0.04
0.78 0.02 0.05
0.78 0.02 0.06
0.78 0.02 0.07
0.78 0.02 0.08
0.78 0.02 0.09
0.78 0.02 0.1
0.78 0.03 0.
0.78 0.03 0.01
0.78 0.03 0.02
0.78 0.03 0.03
0.78 0.03 0.04
0.78 0.03 0.05
0.78 0.03 0.06
0.78 0.03 0.07
0.78 0.03 0.08
0.78 0.03 0.09
0.78 0.03 0.1
0.78 0.04 0.
0.78 0.04 0.01
0.78 0.04 0.02
0.78 0.04 0.03
0.78 0.04 0.04
0.78 0.04 0.05
0.78 0.04 0.06
0.78 0.04 0.07
0.78 0.04 0.08
0.78 0.04 0.09
0.78 0.04 0.1
0.78 0.05 0.
0.78 0.05 0.01
0.78 0.05 0.02
0.78 0.05 0.03
0.78 0.05 0.04
0.78 0.05 0.05
0.78 0.05 0.06
0.78 0.05 0.07
0.78 0.05 0.08
0.78 0.05 0.09
0.78 0.05 0.1
0.78 0.06 0.
0.78 0.06 0.01
0.78 0.06 0.02
0.78 0.06 0.03
0.78 0.06 0.04
0.78 0.06 0.05
0.78 0.06 0.06
0.78 0.06 0.07
0.78 0.06 0.08
0.78 0.06 0.09
0.78 0.06 0.1
0.78 0.07 0.
0.78 0.07 0.01
0.78 0.07 0.02
0.78 0.07 0.03
0.78 0.07 0.04
0.78 0.07 0.05
0.78 0.07 0.06
0.78 0.07 0.07
0.78 0.07 0.08
0.78 0.07 0.09
0.78 0.07 0.1
0.78 0.08 0.
0.78 0.08 0.01
0.78 0.08 0.02
0.78 0.08 0.03
0.78 0.08 0.04
0.78 0.08 0.05
0.78 0.08 0.06
0.78 0.08 0.07
0.78 0.08 0.08
0.78 0.08 0.09
0.78 0.08 0.1
0.78 0.09 0.
0.78 0.09 0.01
0.78 0.09 0.02
0.78 0.09 0.03
0.78 0.09 0.04
0.78 0.09 0.05
0.78 0.09 0.06
0.78 0.09 0.07
0.78 0.09 0.08
0.78 0.09 0.09
0.78 0.09 0.1
0.78 0.1 0.
0.78 0.1 0.01
0.78 0.1 0.02
0.78 0.1 0.03
0.78 0.1 0.04
0.78 0.1 0.05
0.78 0.1 0.06
0.78 0.1 0.07
0.78 0.1 0.08
0.78 0.1 0.09
0.78 0.1 0.1
0.79 0. 0.
0.79 0. 0.01
0.79 0. 0.02
0.79 0. 0.03
0.79 0. 0.04
0.79 0. 0.05
0.79 0. 0.06
0.79 0. 0.07
0.79 0. 0.08
0.79 0. 0.09
0.79 0. 0.1
0.79 0.01 0.
0.79 0.01 0.01
0.79 0.01 0.02
0.79 0.01 0.03
0.79 0.01 0.04
0.79 0.01 0.05
0.79 0.01 0.06
0.79 0.01 0.07
0.79 0.01 0.08
0.79 0.01 0.09
0.79 0.01 0.1
0.79 0.02 0.
0.79 0.02 0.01
0.79 0.02 0.02
0.79 0.02 0.03
0.79 0.02 0.04
0.79 0.02 0.05
0.79 0.02 0.06
0.79 0.02 0.07
0.79 0.02 0.08
0.79 0.02 0.09
0.79 0.02 0.1
0.79 0.03 0.
0.79 0.03 0.01
0.79 0.03 0.02
0.79 0.03 0.03
0.79 0.03 0.04
0.79 0.03 0.05
0.79 0.03 0.06
0.79 0.03 0.07
0.79 0.03 0.08
0.79 0.03 0.09
0.79 0.03 0.1
0.79 0.04 0.
0.79 0.04 0.01
0.79 0.04 0.02
0.79 0.04 0.03
0.79 0.04 0.04
0.79 0.04 0.05
0.79 0.04 0.06
0.79 0.04 0.07
0.79 0.04 0.08
0.79 0.04 0.09
0.79 0.04 0.1
0.79 0.05 0.
0.79 0.05 0.01
0.79 0.05 0.02
0.79 0.05 0.03
0.79 0.05 0.04
0.79 0.05 0.05
0.79 0.05 0.06
0.79 0.05 0.07
0.79 0.05 0.08
0.79 0.05 0.09
0.79 0.05 0.1
0.79 0.06 0.
0.79 0.06 0.01
0.79 0.06 0.02
0.79 0.06 0.03
0.79 0.06 0.04
0.79 0.06 0.05
0.79 0.06 0.06
0.79 0.06 0.07
0.79 0.06 0.08
0.79 0.06 0.09
0.79 0.06 0.1
0.79 0.07 0.
0.79 0.07 0.01
0.79 0.07 0.02
0.79 0.07 0.03
0.79 0.07 0.04
0.79 0.07 0.05
0.79 0.07 0.06
0.79 0.07 0.07
0.79 0.07 0.08
0.79 0.07 0.09
0.79 0.07 0.1
0.79 0.08 0.
0.79 0.08 0.01
0.79 0.08 0.02
0.79 0.08 0.03
0.79 0.08 0.04
0.79 0.08 0.05
0.79 0.08 0.06
0.79 0.08 0.07
0.79 0.08 0.08
0.79 0.08 0.09
0.79 0.08 0.1
0.79 0.09 0.
0.79 0.09 0.01
0.79 0.09 0.02
0.79 0.09 0.03
0.79 0.09 0.04
0.79 0.09 0.05
0.79 0.09 0.06
0.79 0.09 0.07
0.79 0.09 0.08
0.79 0.09 0.09
0.79 0.09 0.1
0.79 0.1 0.
0.79 0.1 0.01
0.79 0.1 0.02
0.79 0.1 0.03
0.79 0.1 0.04
0.79 0.1 0.05
0.79 0.1 0.06
0.79 0.1 0.07
0.79 0.1 0.08
0.79 0.1 0.09
0.79 0.1 0.1
0.8 0. 0.
0.8 0. 0.01
0.8 0. 0.02
0.8 0. 0.03
0.8 0. 0.04
0.8 0. 0.05
0.8 0. 0.06
0.8 0. 0.07
0.8 0. 0.08
0.8 0. 0.09
0.8 0. 0.1
0.8 0.01 0.
0.8 0.01 0.01
0.8 0.01 0.02
0.8 0.01 0.03
0.8 0.01 0.04
0.8 0.01 0.05
0.8 0.01 0.06
0.8 0.01 0.07
0.8 0.01 0.08
0.8 0.01 0.09
0.8 0.01 0.1
0.8 0.02 0.
0.8 0.02 0.01
0.8 0.02 0.02
0.8 0.02 0.03
0.8 0.02 0.04
0.8 0.02 0.05
0.8 0.02 0.06
0.8 0.02 0.07
0.8 0.02 0.08
0.8 0.02 0.09
0.8 0.02 0.1
0.8 0.03 0.
0.8 0.03 0.01
0.8 0.03 0.02
0.8 0.03 0.03
0.8 0.03 0.04
0.8 0.03 0.05
0.8 0.03 0.06
0.8 0.03 0.07
0.8 0.03 0.08
0.8 0.03 0.09
0.8 0.03 0.1
0.8 0.04 0.
0.8 0.04 0.01
0.8 0.04 0.02
0.8 0.04 0.03
0.8 0.04 0.04
0.8 0.04 0.05
0.8 0.04 0.06
0.8 0.04 0.07
0.8 0.04 0.08
0.8 0.04 0.09
0.8 0.04 0.1
0.8 0.05 0.
0.8 0.05 0.01
0.8 0.05 0.02
0.8 0.05 0.03
0.8 0.05 0.04
0.8 0.05 0.05
0.8 0.05 0.06
0.8 0.05 0.07
0.8 0.05 0.08
0.8 0.05 0.09
0.8 0.05 0.1
0.8 0.06 0.
0.8 0.06 0.01
0.8 0.06 0.02
0.8 0.06 0.03
0.8 0.06 0.04
0.8 0.06 0.05
0.8 0.06 0.06
0.8 0.06 0.07
0.8 0.06 0.08
0.8 0.06 0.09
0.8 0.06 0.1
0.8 0.07 0.
0.8 0.07 0.01
0.8 0.07 0.02
0.8 0.07 0.03
0.8 0.07 0.04
0.8 0.07 0.05
0.8 0.07 0.06
0.8 0.07 0.07
0.8 0.07 0.08
0.8 0.07 0.09
0.8 0.07 0.1
0.8 0.08 0.
0.8 0.08 0.01
0.8 0.08 0.02
0.8 0.08 0.03
0.8 0.08 0.04
0.8 0.08 0.05
0.8 0.08 0.06
0.8 0.08 0.07
0.8 0.08 0.08
0.8 0.08 0.09
0.8 0.08 0.1
0.8 0.09 0.
0.8 0.09 0.01
0.8 0.09 0.02
0.8 0.09 0.03
0.8 0.09 0.04
0.8 0.09 0.05
0.8 0.09 0.06
0.8 0.09 0.07
0.8 0.09 0.08
0.8 0.09 0.09
0.8 0.09 0.1
0.8 0.1 0.
0.8 0.1 0.01
0.8 0.1 0.02
0.8 0.1 0.03
0.8 0.1 0.04
0.8 0.1 0.05
0.8 0.1 0.06
0.8 0.1 0.07
0.8 0.1 0.08
0.8 0.1 0.09
0.8 0.1 0.1
0.81 0. 0.
0.81 0. 0.01
0.81 0. 0.02
0.81 0. 0.03
0.81 0. 0.04
0.81 0. 0.05
0.81 0. 0.06
0.81 0. 0.07
0.81 0. 0.08
0.81 0. 0.09
0.81 0. 0.1
0.81 0.01 0.
0.81 0.01 0.01
0.81 0.01 0.02
0.81 0.01 0.03
0.81 0.01 0.04
0.81 0.01 0.05
0.81 0.01 0.06
0.81 0.01 0.07
0.81 0.01 0.08
0.81 0.01 0.09
0.81 0.01 0.1
0.81 0.02 0.
0.81 0.02 0.01
0.81 0.02 0.02
0.81 0.02 0.03
0.81 0.02 0.04
0.81 0.02 0.05
0.81 0.02 0.06
0.81 0.02 0.07
0.81 0.02 0.08
0.81 0.02 0.09
0.81 0.02 0.1
0.81 0.03 0.
0.81 0.03 0.01
0.81 0.03 0.02
0.81 0.03 0.03
0.81 0.03 0.04
0.81 0.03 0.05
0.81 0.03 0.06
0.81 0.03 0.07
0.81 0.03 0.08
0.81 0.03 0.09
0.81 0.03 0.1
0.81 0.04 0.
0.81 0.04 0.01
0.81 0.04 0.02
0.81 0.04 0.03
0.81 0.04 0.04
0.81 0.04 0.05
0.81 0.04 0.06
0.81 0.04 0.07
0.81 0.04 0.08
0.81 0.04 0.09
0.81 0.04 0.1
0.81 0.05 0.
0.81 0.05 0.01
0.81 0.05 0.02
0.81 0.05 0.03
0.81 0.05 0.04
0.81 0.05 0.05
0.81 0.05 0.06
0.81 0.05 0.07
0.81 0.05 0.08
0.81 0.05 0.09
0.81 0.05 0.1
0.81 0.06 0.
0.81 0.06 0.01
0.81 0.06 0.02
0.81 0.06 0.03
0.81 0.06 0.04
0.81 0.06 0.05
0.81 0.06 0.06
0.81 0.06 0.07
0.81 0.06 0.08
0.81 0.06 0.09
0.81 0.06 0.1
0.81 0.07 0.
0.81 0.07 0.01
0.81 0.07 0.02
0.81 0.07 0.03
0.81 0.07 0.04
0.81 0.07 0.05
0.81 0.07 0.06
0.81 0.07 0.07
0.81 0.07 0.08
0.81 0.07 0.09
0.81 0.07 0.1
0.81 0.08 0.
0.81 0.08 0.01
0.81 0.08 0.02
0.81 0.08 0.03
0.81 0.08 0.04
0.81 0.08 0.05
0.81 0.08 0.06
0.81 0.08 0.07
0.81 0.08 0.08
0.81 0.08 0.09
0.81 0.08 0.1
0.81 0.09 0.
0.81 0.09 0.01
0.81 0.09 0.02
0.81 0.09 0.03
0.81 0.09 0.04
0.81 0.09 0.05
0.81 0.09 0.06
0.81 0.09 0.07
0.81 0.09 0.08
0.81 0.09 0.09
0.81 0.09 0.1
0.81 0.1 0.
0.81 0.1 0.01
0.81 0.1 0.02
0.81 0.1 0.03
0.81 0.1 0.04
0.81 0.1 0.05
0.81 0.1 0.06
0.81 0.1 0.07
0.81 0.1 0.08
0.81 0.1 0.09
0.81 0.1 0.1
0.82 0. 0.
0.82 0. 0.01
0.82 0. 0.02
0.82 0. 0.03
0.82 0. 0.04
0.82 0. 0.05
0.82 0. 0.06
0.82 0. 0.07
0.82 0. 0.08
0.82 0. 0.09
0.82 0. 0.1
0.82 0.01 0.
0.82 0.01 0.01
0.82 0.01 0.02
0.82 0.01 0.03
0.82 0.01 0.04
0.82 0.01 0.05
0.82 0.01 0.06
0.82 0.01 0.07
0.82 0.01 0.08
0.82 0.01 0.09
0.82 0.01 0.1
0.82 0.02 0.
0.82 0.02 0.01
0.82 0.02 0.02
0.82 0.02 0.03
0.82 0.02 0.04
0.82 0.02 0.05
0.82 0.02 0.06
0.82 0.02 0.07
0.82 0.02 0.08
0.82 0.02 0.09
0.82 0.02 0.1
0.82 0.03 0.
0.82 0.03 0.01
0.82 0.03 0.02
0.82 0.03 0.03
0.82 0.03 0.04
0.82 0.03 0.05
0.82 0.03 0.06
0.82 0.03 0.07
0.82 0.03 0.08
0.82 0.03 0.09
0.82 0.03 0.1
0.82 0.04 0.
0.82 0.04 0.01
0.82 0.04 0.02
0.82 0.04 0.03
0.82 0.04 0.04
0.82 0.04 0.05
0.82 0.04 0.06
0.82 0.04 0.07
0.82 0.04 0.08
0.82 0.04 0.09
0.82 0.04 0.1
0.82 0.05 0.
0.82 0.05 0.01
0.82 0.05 0.02
0.82 0.05 0.03
0.82 0.05 0.04
0.82 0.05 0.05
0.82 0.05 0.06
0.82 0.05 0.07
0.82 0.05 0.08
0.82 0.05 0.09
0.82 0.05 0.1
0.82 0.06 0.
0.82 0.06 0.01
0.82 0.06 0.02
0.82 0.06 0.03
0.82 0.06 0.04
0.82 0.06 0.05
0.82 0.06 0.06
0.82 0.06 0.07
0.82 0.06 0.08
0.82 0.06 0.09
0.82 0.06 0.1
0.82 0.07 0.
0.82 0.07 0.01
0.82 0.07 0.02
0.82 0.07 0.03
0.82 0.07 0.04
0.82 0.07 0.05
0.82 0.07 0.06
0.82 0.07 0.07
0.82 0.07 0.08
0.82 0.07 0.09
0.82 0.07 0.1
0.82 0.08 0.
0.82 0.08 0.01
0.82 0.08 0.02
0.82 0.08 0.03
0.82 0.08 0.04
0.82 0.08 0.05
0.82 0.08 0.06
0.82 0.08 0.07
0.82 0.08 0.08
0.82 0.08 0.09
0.82 0.08 0.1
0.82 0.09 0.
0.82 0.09 0.01
0.82 0.09 0.02
0.82 0.09 0.03
0.82 0.09 0.04
0.82 0.09 0.05
0.82 0.09 0.06
0.82 0.09 0.07
0.82 0.09 0.08
0.82 0.09 0.09
0.82 0.09 0.1
0.82 0.1 0.
0.82 0.1 0.01
0.82 0.1 0.02
0.82 0.1 0.03
0.82 0.1 0.04
0.82 0.1 0.05
0.82 0.1 0.06
0.82 0.1 0.07
0.82 0.1 0.08
0.82 0.1 0.09
0.82 0.1 0.1
0.83 0. 0.
0.83 0. 0.01
0.83 0. 0.02
0.83 0. 0.03
0.83 0. 0.04
0.83 0. 0.05
0.83 0. 0.06
0.83 0. 0.07
0.83 0. 0.08
0.83 0. 0.09
0.83 0. 0.1
0.83 0.01 0.
0.83 0.01 0.01
0.83 0.01 0.02
0.83 0.01 0.03
0.83 0.01 0.04
0.83 0.01 0.05
0.83 0.01 0.06
0.83 0.01 0.07
0.83 0.01 0.08
0.83 0.01 0.09
0.83 0.01 0.1
0.83 0.02 0.
0.83 0.02 0.01
0.83 0.02 0.02
0.83 0.02 0.03
0.83 0.02 0.04
0.83 0.02 0.05
0.83 0.02 0.06
0.83 0.02 0.07
0.83 0.02 0.08
0.83 0.02 0.09
0.83 0.02 0.1
0.83 0.03 0.
0.83 0.03 0.01
0.83 0.03 0.02
0.83 0.03 0.03
0.83 0.03 0.04
0.83 0.03 0.05
0.83 0.03 0.06
0.83 0.03 0.07
0.83 0.03 0.08
0.83 0.03 0.09
0.83 0.03 0.1
0.83 0.04 0.
0.83 0.04 0.01
0.83 0.04 0.02
0.83 0.04 0.03
0.83 0.04 0.04
0.83 0.04 0.05
0.83 0.04 0.06
0.83 0.04 0.07
0.83 0.04 0.08
0.83 0.04 0.09
0.83 0.04 0.1
0.83 0.05 0.
0.83 0.05 0.01
0.83 0.05 0.02
0.83 0.05 0.03
0.83 0.05 0.04
0.83 0.05 0.05
0.83 0.05 0.06
0.83 0.05 0.07
0.83 0.05 0.08
0.83 0.05 0.09
0.83 0.05 0.1
0.83 0.06 0.
0.83 0.06 0.01
0.83 0.06 0.02
0.83 0.06 0.03
0.83 0.06 0.04
0.83 0.06 0.05
0.83 0.06 0.06
0.83 0.06 0.07
0.83 0.06 0.08
0.83 0.06 0.09
0.83 0.06 0.1
0.83 0.07 0.
0.83 0.07 0.01
0.83 0.07 0.02
0.83 0.07 0.03
0.83 0.07 0.04
0.83 0.07 0.05
0.83 0.07 0.06
0.83 0.07 0.07
0.83 0.07 0.08
0.83 0.07 0.09
0.83 0.07 0.1
0.83 0.08 0.
0.83 0.08 0.01
0.83 0.08 0.02
0.83 0.08 0.03
0.83 0.08 0.04
0.83 0.08 0.05
0.83 0.08 0.06
0.83 0.08 0.07
0.83 0.08 0.08
0.83 0.08 0.09
0.83 0.08 0.1
0.83 0.09 0.
0.83 0.09 0.01
0.83 0.09 0.02
0.83 0.09 0.03
0.83 0.09 0.04
0.83 0.09 0.05
0.83 0.09 0.06
0.83 0.09 0.07
0.83 0.09 0.08
0.83 0.09 0.09
0.83 0.09 0.1
0.83 0.1 0.
0.83 0.1 0.01
0.83 0.1 0.02
0.83 0.1 0.03
0.83 0.1 0.04
0.83 0.1 0.05
0.83 0.1 0.06
0.83 0.1 0.07
0.83 0.1 0.08
0.83 0.1 0.09
0.83 0.1 0.1
0.84 0. 0.
0.84 0. 0.01
0.84 0. 0.02
0.84 0. 0.03
0.84 0. 0.04
0.84 0. 0.05
0.84 0. 0.06
0.84 0. 0.07
0.84 0. 0.08
0.84 0. 0.09
0.84 0. 0.1
0.84 0.01 0.
0.84 0.01 0.01
0.84 0.01 0.02
0.84 0.01 0.03
0.84 0.01 0.04
0.84 0.01 0.05
0.84 0.01 0.06
0.84 0.01 0.07
0.84 0.01 0.08
0.84 0.01 0.09
0.84 0.01 0.1
0.84 0.02 0.
0.84 0.02 0.01
0.84 0.02 0.02
0.84 0.02 0.03
0.84 0.02 0.04
0.84 0.02 0.05
0.84 0.02 0.06
0.84 0.02 0.07
0.84 0.02 0.08
0.84 0.02 0.09
0.84 0.02 0.1
0.84 0.03 0.
0.84 0.03 0.01
0.84 0.03 0.02
0.84 0.03 0.03
0.84 0.03 0.04
0.84 0.03 0.05
0.84 0.03 0.06
0.84 0.03 0.07
0.84 0.03 0.08
0.84 0.03 0.09
0.84 0.03 0.1
0.84 0.04 0.
0.84 0.04 0.01
0.84 0.04 0.02
0.84 0.04 0.03
0.84 0.04 0.04
0.84 0.04 0.05
0.84 0.04 0.06
0.84 0.04 0.07
0.84 0.04 0.08
0.84 0.04 0.09
0.84 0.04 0.1
0.84 0.05 0.
0.84 0.05 0.01
0.84 0.05 0.02
0.84 0.05 0.03
0.84 0.05 0.04
0.84 0.05 0.05
0.84 0.05 0.06
0.84 0.05 0.07
0.84 0.05 0.08
0.84 0.05 0.09
0.84 0.05 0.1
0.84 0.06 0.
0.84 0.06 0.01
0.84 0.06 0.02
0.84 0.06 0.03
0.84 0.06 0.04
0.84 0.06 0.05
0.84 0.06 0.06
0.84 0.06 0.07
0.84 0.06 0.08
0.84 0.06 0.09
0.84 0.06 0.1
0.84 0.07 0.
0.84 0.07 0.01
0.84 0.07 0.02
0.84 0.07 0.03
0.84 0.07 0.04
0.84 0.07 0.05
0.84 0.07 0.06
0.84 0.07 0.07
0.84 0.07 0.08
0.84 0.07 0.09
0.84 0.07 0.1
0.84 0.08 0.
0.84 0.08 0.01
0.84 0.08 0.02
0.84 0.08 0.03
0.84 0.08 0.04
0.84 0.08 0.05
0.84 0.08 0.06
0.84 0.08 0.07
0.84 0.08 0.08
0.84 0.08 0.09
0.84 0.08 0.1
0.84 0.09 0.
0.84 0.09 0.01
0.84 0.09 0.02
0.84 0.09 0.03
0.84 0.09 0.04
0.84 0.09 0.05
0.84 0.09 0.06
0.84 0.09 0.07
0.84 0.09 0.08
0.84 0.09 0.09
0.84 0.09 0.1
0.84 0.1 0.
0.84 0.1 0.01
0.84 0.1 0.02
0.84 0.1 0.03
0.84 0.1 0.04
0.84 0.1 0.05
0.84 0.1 0.06
0.84 0.1 0.07
0.84 0.1 0.08
0.84 0.1 0.09
0.84 0.1 0.1
0.85 0. 0.
0.85 0. 0.01
0.85 0. 0.02
0.85 0. 0.03
0.85 0. 0.04
0.85 0. 0.05
0.85 0. 0.06
0.85 0. 0.07
0.85 0. 0.08
0.85 0. 0.09
0.85 0. 0.1
0.85 0.01 0.
0.85 0.01 0.01
0.85 0.01 0.02
0.85 0.01 0.03
0.85 0.01 0.04
0.85 0.01 0.05
0.85 0.01 0.06
0.85 0.01 0.07
0.85 0.01 0.08
0.85 0.01 0.09
0.85 0.01 0.1
0.85 0.02 0.
0.85 0.02 0.01
0.85 0.02 0.02
0.85 0.02 0.03
0.85 0.02 0.04
0.85 0.02 0.05
0.85 0.02 0.06
0.85 0.02 0.07
0.85 0.02 0.08
0.85 0.02 0.09
0.85 0.02 0.1
0.85 0.03 0.
0.85 0.03 0.01
0.85 0.03 0.02
0.85 0.03 0.03
0.85 0.03 0.04
0.85 0.03 0.05
0.85 0.03 0.06
0.85 0.03 0.07
0.85 0.03 0.08
0.85 0.03 0.09
0.85 0.03 0.1
0.85 0.04 0.
0.85 0.04 0.01
0.85 0.04 0.02
0.85 0.04 0.03
0.85 0.04 0.04
0.85 0.04 0.05
0.85 0.04 0.06
0.85 0.04 0.07
0.85 0.04 0.08
0.85 0.04 0.09
0.85 0.04 0.1
0.85 0.05 0.
0.85 0.05 0.01
0.85 0.05 0.02
0.85 0.05 0.03
0.85 0.05 0.04
0.85 0.05 0.05
0.85 0.05 0.06
0.85 0.05 0.07
0.85 0.05 0.08
0.85 0.05 0.09
0.85 0.05 0.1
0.85 0.06 0.
0.85 0.06 0.01
0.85 0.06 0.02
0.85 0.06 0.03
0.85 0.06 0.04
0.85 0.06 0.05
0.85 0.06 0.06
0.85 0.06 0.07
0.85 0.06 0.08
0.85 0.06 0.09
0.85 0.06 0.1
0.85 0.07 0.
0.85 0.07 0.01
0.85 0.07 0.02
0.85 0.07 0.03
0.85 0.07 0.04
0.85 0.07 0.05
0.85 0.07 0.06
0.85 0.07 0.07
0.85 0.07 0.08
0.85 0.07 0.09
0.85 0.07 0.1
0.85 0.08 0.
0.85 0.08 0.01
0.85 0.08 0.02
0.85 0.08 0.03
0.85 0.08 0.04
0.85 0.08 0.05
0.85 0.08 0.06
0.85 0.08 0.07
0.85 0.08 0.08
0.85 0.08 0.09
0.85 0.08 0.1
0.85 0.09 0.
0.85 0.09 0.01
0.85 0.09 0.02
0.85 0.09 0.03
0.85 0.09 0.04
0.85 0.09 0.05
0.85 0.09 0.06
0.85 0.09 0.07
0.85 0.09 0.08
0.85 0.09 0.09
0.85 0.09 0.1
0.85 0.1 0.
0.85 0.1 0.01
0.85 0.1 0.02
0.85 0.1 0.03
0.85 0.1 0.04
0.85 0.1 0.05
0.85 0.1 0.06
0.85 0.1 0.07
0.85 0.1 0.08
0.85 0.1 0.09
0.85 0.1 0.1
0.86 0. 0.
0.86 0. 0.01
0.86 0. 0.02
0.86 0. 0.03
0.86 0. 0.04
0.86 0. 0.05
0.86 0. 0.06
0.86 0. 0.07
0.86 0. 0.08
0.86 0. 0.09
0.86 0. 0.1
0.86 0.01 0.
0.86 0.01 0.01
0.86 0.01 0.02
0.86 0.01 0.03
0.86 0.01 0.04
0.86 0.01 0.05
0.86 0.01 0.06
0.86 0.01 0.07
0.86 0.01 0.08
0.86 0.01 0.09
0.86 0.01 0.1
0.86 0.02 0.
0.86 0.02 0.01
0.86 0.02 0.02
0.86 0.02 0.03
0.86 0.02 0.04
0.86 0.02 0.05
0.86 0.02 0.06
0.86 0.02 0.07
0.86 0.02 0.08
0.86 0.02 0.09
0.86 0.02 0.1
0.86 0.03 0.
0.86 0.03 0.01
0.86 0.03 0.02
0.86 0.03 0.03
0.86 0.03 0.04
0.86 0.03 0.05
0.86 0.03 0.06
0.86 0.03 0.07
0.86 0.03 0.08
0.86 0.03 0.09
0.86 0.03 0.1
0.86 0.04 0.
0.86 0.04 0.01
0.86 0.04 0.02
0.86 0.04 0.03
0.86 0.04 0.04
0.86 0.04 0.05
0.86 0.04 0.06
0.86 0.04 0.07
0.86 0.04 0.08
0.86 0.04 0.09
0.86 0.04 0.1
0.86 0.05 0.
0.86 0.05 0.01
0.86 0.05 0.02
0.86 0.05 0.03
0.86 0.05 0.04
0.86 0.05 0.05
0.86 0.05 0.06
0.86 0.05 0.07
0.86 0.05 0.08
0.86 0.05 0.09
0.86 0.05 0.1
0.86 0.06 0.
0.86 0.06 0.01
0.86 0.06 0.02
0.86 0.06 0.03
0.86 0.06 0.04
0.86 0.06 0.05
0.86 0.06 0.06
0.86 0.06 0.07
0.86 0.06 0.08
0.86 0.06 0.09
0.86 0.06 0.1
0.86 0.07 0.
0.86 0.07 0.01
0.86 0.07 0.02
0.86 0.07 0.03
0.86 0.07 0.04
0.86 0.07 0.05
0.86 0.07 0.06
0.86 0.07 0.07
0.86 0.07 0.08
0.86 0.07 0.09
0.86 0.07 0.1
0.86 0.08 0.
0.86 0.08 0.01
0.86 0.08 0.02
0.86 0.08 0.03
0.86 0.08 0.04
0.86 0.08 0.05
0.86 0.08 0.06
0.86 0.08 0.07
0.86 0.08 0.08
0.86 0.08 0.09
0.86 0.08 0.1
0.86 0.09 0.
0.86 0.09 0.01
0.86 0.09 0.02
0.86 0.09 0.03
0.86 0.09 0.04
0.86 0.09 0.05
0.86 0.09 0.06
0.86 0.09 0.07
0.86 0.09 0.08
0.86 0.09 0.09
0.86 0.09 0.1
0.86 0.1 0.
0.86 0.1 0.01
0.86 0.1 0.02
0.86 0.1 0.03
0.86 0.1 0.04
0.86 0.1 0.05
0.86 0.1 0.06
0.86 0.1 0.07
0.86 0.1 0.08
0.86 0.1 0.09
0.86 0.1 0.1
0.87 0. 0.
0.87 0. 0.01
0.87 0. 0.02
0.87 0. 0.03
0.87 0. 0.04
0.87 0. 0.05
0.87 0. 0.06
0.87 0. 0.07
0.87 0. 0.08
0.87 0. 0.09
0.87 0. 0.1
0.87 0.01 0.
0.87 0.01 0.01
0.87 0.01 0.02
0.87 0.01 0.03
0.87 0.01 0.04
0.87 0.01 0.05
0.87 0.01 0.06
0.87 0.01 0.07
0.87 0.01 0.08
0.87 0.01 0.09
0.87 0.01 0.1
0.87 0.02 0.
0.87 0.02 0.01
0.87 0.02 0.02
0.87 0.02 0.03
0.87 0.02 0.04
0.87 0.02 0.05
0.87 0.02 0.06
0.87 0.02 0.07
0.87 0.02 0.08
0.87 0.02 0.09
0.87 0.02 0.1
0.87 0.03 0.
0.87 0.03 0.01
0.87 0.03 0.02
0.87 0.03 0.03
0.87 0.03 0.04
0.87 0.03 0.05
0.87 0.03 0.06
0.87 0.03 0.07
0.87 0.03 0.08
0.87 0.03 0.09
0.87 0.03 0.1
0.87 0.04 0.
0.87 0.04 0.01
0.87 0.04 0.02
0.87 0.04 0.03
0.87 0.04 0.04
0.87 0.04 0.05
0.87 0.04 0.06
0.87 0.04 0.07
0.87 0.04 0.08
0.87 0.04 0.09
0.87 0.04 0.1
0.87 0.05 0.
0.87 0.05 0.01
0.87 0.05 0.02
0.87 0.05 0.03
0.87 0.05 0.04
0.87 0.05 0.05
0.87 0.05 0.06
0.87 0.05 0.07
0.87 0.05 0.08
0.87 0.05 0.09
0.87 0.05 0.1
0.87 0.06 0.
0.87 0.06 0.01
0.87 0.06 0.02
0.87 0.06 0.03
0.87 0.06 0.04
0.87 0.06 0.05
0.87 0.06 0.06
0.87 0.06 0.07
0.87 0.06 0.08
0.87 0.06 0.09
0.87 0.06 0.1
0.87 0.07 0.
0.87 0.07 0.01
0.87 0.07 0.02
0.87 0.07 0.03
0.87 0.07 0.04
0.87 0.07 0.05
0.87 0.07 0.06
0.87 0.07 0.07
0.87 0.07 0.08
0.87 0.07 0.09
0.87 0.07 0.1
0.87 0.08 0.
0.87 0.08 0.01
0.87 0.08 0.02
0.87 0.08 0.03
0.87 0.08 0.04
0.87 0.08 0.05
0.87 0.08 0.06
0.87 0.08 0.07
0.87 0.08 0.08
0.87 0.08 0.09
0.87 0.08 0.1
0.87 0.09 0.
0.87 0.09 0.01
0.87 0.09 0.02
0.87 0.09 0.03
0.87 0.09 0.04
0.87 0.09 0.05
0.87 0.09 0.06
0.87 0.09 0.07
0.87 0.09 0.08
0.87 0.09 0.09
0.87 0.09 0.1
0.87 0.1 0.
0.87 0.1 0.01
0.87 0.1 0.02
0.87 0.1 0.03
0.87 0.1 0.04
0.87 0.1 0.05
0.87 0.1 0.06
0.87 0.1 0.07
0.87 0.1 0.08
0.87 0.1 0.09
0.87 0.1 0.1
0.88 0. 0.
0.88 0. 0.01
0.88 0. 0.02
0.88 0. 0.03
0.88 0. 0.04
0.88 0. 0.05
0.88 0. 0.06
0.88 0. 0.07
0.88 0. 0.08
0.88 0. 0.09
0.88 0. 0.1
0.88 0.01 0.
0.88 0.01 0.01
0.88 0.01 0.02
0.88 0.01 0.03
0.88 0.01 0.04
0.88 0.01 0.05
0.88 0.01 0.06
0.88 0.01 0.07
0.88 0.01 0.08
0.88 0.01 0.09
0.88 0.01 0.1
0.88 0.02 0.
0.88 0.02 0.01
0.88 0.02 0.02
0.88 0.02 0.03
0.88 0.02 0.04
0.88 0.02 0.05
0.88 0.02 0.06
0.88 0.02 0.07
0.88 0.02 0.08
0.88 0.02 0.09
0.88 0.02 0.1
0.88 0.03 0.
0.88 0.03 0.01
0.88 0.03 0.02
0.88 0.03 0.03
0.88 0.03 0.04
0.88 0.03 0.05
0.88 0.03 0.06
0.88 0.03 0.07
0.88 0.03 0.08
0.88 0.03 0.09
0.88 0.03 0.1
0.88 0.04 0.
0.88 0.04 0.01
0.88 0.04 0.02
0.88 0.04 0.03
0.88 0.04 0.04
0.88 0.04 0.05
0.88 0.04 0.06
0.88 0.04 0.07
0.88 0.04 0.08
0.88 0.04 0.09
0.88 0.04 0.1
0.88 0.05 0.
0.88 0.05 0.01
0.88 0.05 0.02
0.88 0.05 0.03
0.88 0.05 0.04
0.88 0.05 0.05
0.88 0.05 0.06
0.88 0.05 0.07
0.88 0.05 0.08
0.88 0.05 0.09
0.88 0.05 0.1
0.88 0.06 0.
0.88 0.06 0.01
0.88 0.06 0.02
0.88 0.06 0.03
0.88 0.06 0.04
0.88 0.06 0.05
0.88 0.06 0.06
0.88 0.06 0.07
0.88 0.06 0.08
0.88 0.06 0.09
0.88 0.06 0.1
0.88 0.07 0.
0.88 0.07 0.01
0.88 0.07 0.02
0.88 0.07 0.03
0.88 0.07 0.04
0.88 0.07 0.05
0.88 0.07 0.06
0.88 0.07 0.07
0.88 0.07 0.08
0.88 0.07 0.09
0.88 0.07 0.1
0.88 0.08 0.
0.88 0.08 0.01
0.88 0.08 0.02
0.88 0.08 0.03
0.88 0.08 0.04
0.88 0.08 0.05
0.88 0.08 0.06
0.88 0.08 0.07
0.88 0.08 0.08
0.88 0.08 0.09
0.88 0.08 0.1
0.88 0.09 0.
0.88 0.09 0.01
0.88 0.09 0.02
0.88 0.09 0.03
0.88 0.09 0.04
0.88 0.09 0.05
0.88 0.09 0.06
0.88 0.09 0.07
0.88 0.09 0.08
0.88 0.09 0.09
0.88 0.09 0.1
0.88 0.1 0.
0.88 0.1 0.01
0.88 0.1 0.02
0.88 0.1 0.03
0.88 0.1 0.04
0.88 0.1 0.05
0.88 0.1 0.06
0.88 0.1 0.07
0.88 0.1 0.08
0.88 0.1 0.09
0.88 0.1 0.1
0.89 0. 0.
0.89 0. 0.01
0.89 0. 0.02
0.89 0. 0.03
0.89 0. 0.04
0.89 0. 0.05
0.89 0. 0.06
0.89 0. 0.07
0.89 0. 0.08
0.89 0. 0.09
0.89 0. 0.1
0.89 0.01 0.
0.89 0.01 0.01
0.89 0.01 0.02
0.89 0.01 0.03
0.89 0.01 0.04
0.89 0.01 0.05
0.89 0.01 0.06
0.89 0.01 0.07
0.89 0.01 0.08
0.89 0.01 0.09
0.89 0.01 0.1
0.89 0.02 0.
0.89 0.02 0.01
0.89 0.02 0.02
0.89 0.02 0.03
0.89 0.02 0.04
0.89 0.02 0.05
0.89 0.02 0.06
0.89 0.02 0.07
0.89 0.02 0.08
0.89 0.02 0.09
0.89 0.02 0.1
0.89 0.03 0.
0.89 0.03 0.01
0.89 0.03 0.02
0.89 0.03 0.03
0.89 0.03 0.04
0.89 0.03 0.05
0.89 0.03 0.06
0.89 0.03 0.07
0.89 0.03 0.08
0.89 0.03 0.09
0.89 0.03 0.1
0.89 0.04 0.
0.89 0.04 0.01
0.89 0.04 0.02
0.89 0.04 0.03
0.89 0.04 0.04
0.89 0.04 0.05
0.89 0.04 0.06
0.89 0.04 0.07
0.89 0.04 0.08
0.89 0.04 0.09
0.89 0.04 0.1
0.89 0.05 0.
0.89 0.05 0.01
0.89 0.05 0.02
0.89 0.05 0.03
0.89 0.05 0.04
0.89 0.05 0.05
0.89 0.05 0.06
0.89 0.05 0.07
0.89 0.05 0.08
0.89 0.05 0.09
0.89 0.05 0.1
0.89 0.06 0.
0.89 0.06 0.01
0.89 0.06 0.02
0.89 0.06 0.03
0.89 0.06 0.04
0.89 0.06 0.05
0.89 0.06 0.06
0.89 0.06 0.07
0.89 0.06 0.08
0.89 0.06 0.09
0.89 0.06 0.1
0.89 0.07 0.
0.89 0.07 0.01
0.89 0.07 0.02
0.89 0.07 0.03
0.89 0.07 0.04
0.89 0.07 0.05
0.89 0.07 0.06
0.89 0.07 0.07
0.89 0.07 0.08
0.89 0.07 0.09
0.89 0.07 0.1
0.89 0.08 0.
0.89 0.08 0.01
0.89 0.08 0.02
0.89 0.08 0.03
0.89 0.08 0.04
0.89 0.08 0.05
0.89 0.08 0.06
0.89 0.08 0.07
0.89 0.08 0.08
0.89 0.08 0.09
0.89 0.08 0.1
0.89 0.09 0.
0.89 0.09 0.01
0.89 0.09 0.02
0.89 0.09 0.03
0.89 0.09 0.04
0.89 0.09 0.05
0.89 0.09 0.06
0.89 0.09 0.07
0.89 0.09 0.08
0.89 0.09 0.09
0.89 0.09 0.1
0.89 0.1 0.
0.89 0.1 0.01
0.89 0.1 0.02
0.89 0.1 0.03
0.89 0.1 0.04
0.89 0.1 0.05
0.89 0.1 0.06
0.89 0.1 0.07
0.89 0.1 0.08
0.89 0.1 0.09
0.89 0.1 0.1
0.9 0. 0.
0.9 0. 0.01
0.9 0. 0.02
0.9 0. 0.03
0.9 0. 0.04
0.9 0. 0.05
0.9 0. 0.06
0.9 0. 0.07
0.9 0. 0.08
0.9 0. 0.09
0.9 0. 0.1
0.9 0.01 0.
0.9 0.01 0.01
0.9 0.01 0.02
0.9 0.01 0.03
0.9 0.01 0.04
0.9 0.01 0.05
0.9 0.01 0.06
0.9 0.01 0.07
0.9 0.01 0.08
0.9 0.01 0.09
0.9 0.01 0.1
0.9 0.02 0.
0.9 0.02 0.01
0.9 0.02 0.02
0.9 0.02 0.03
0.9 0.02 0.04
0.9 0.02 0.05
0.9 0.02 0.06
0.9 0.02 0.07
0.9 0.02 0.08
0.9 0.02 0.09
0.9 0.02 0.1
0.9 0.03 0.
0.9 0.03 0.01
0.9 0.03 0.02
0.9 0.03 0.03
0.9 0.03 0.04
0.9 0.03 0.05
0.9 0.03 0.06
0.9 0.03 0.07
0.9 0.03 0.08
0.9 0.03 0.09
0.9 0.03 0.1
0.9 0.04 0.
0.9 0.04 0.01
0.9 0.04 0.02
0.9 0.04 0.03
0.9 0.04 0.04
0.9 0.04 0.05
0.9 0.04 0.06
0.9 0.04 0.07
0.9 0.04 0.08
0.9 0.04 0.09
0.9 0.04 0.1
0.9 0.05 0.
0.9 0.05 0.01
0.9 0.05 0.02
0.9 0.05 0.03
0.9 0.05 0.04
0.9 0.05 0.05
0.9 0.05 0.06
0.9 0.05 0.07
0.9 0.05 0.08
0.9 0.05 0.09
0.9 0.05 0.1
0.9 0.06 0.
0.9 0.06 0.01
0.9 0.06 0.02
0.9 0.06 0.03
0.9 0.06 0.04
0.9 0.06 0.05
0.9 0.06 0.06
0.9 0.06 0.07
0.9 0.06 0.08
0.9 0.06 0.09
0.9 0.06 0.1
0.9 0.07 0.
0.9 0.07 0.01
0.9 0.07 0.02
0.9 0.07 0.03
0.9 0.07 0.04
0.9 0.07 0.05
0.9 0.07 0.06
0.9 0.07 0.07
0.9 0.07 0.08
0.9 0.07 0.09
0.9 0.07 0.1
0.9 0.08 0.
0.9 0.08 0.01
0.9 0.08 0.02
0.9 0.08 0.03
0.9 0.08 0.04
0.9 0.08 0.05
0.9 0.08 0.06
0.9 0.08 0.07
0.9 0.08 0.08
0.9 0.08 0.09
0.9 0.08 0.1
0.9 0.09 0.
0.9 0.09 0.01
0.9 0.09 0.02
0.9 0.09 0.03
0.9 0.09 0.04
0.9 0.09 0.05
0.9 0.09 0.06
0.9 0.09 0.07
0.9 0.09 0.08
0.9 0.09 0.09
0.9 0.09 0.1
0.9 0.1 0.
0.9 0.1 0.01
0.9 0.1 0.02
0.9 0.1 0.03
0.9 0.1 0.04
0.9 0.1 0.05
0.9 0.1 0.06
0.9 0.1 0.07
0.9 0.1 0.08
0.9 0.1 0.09
0.9 0.1 0.1
0.91 0. 0.
0.91 0. 0.01
0.91 0. 0.02
0.91 0. 0.03
0.91 0. 0.04
0.91 0. 0.05
0.91 0. 0.06
0.91 0. 0.07
0.91 0. 0.08
0.91 0. 0.09
0.91 0. 0.1
0.91 0.01 0.
0.91 0.01 0.01
0.91 0.01 0.02
0.91 0.01 0.03
0.91 0.01 0.04
0.91 0.01 0.05
0.91 0.01 0.06
0.91 0.01 0.07
0.91 0.01 0.08
0.91 0.01 0.09
0.91 0.01 0.1
0.91 0.02 0.
0.91 0.02 0.01
0.91 0.02 0.02
0.91 0.02 0.03
0.91 0.02 0.04
0.91 0.02 0.05
0.91 0.02 0.06
0.91 0.02 0.07
0.91 0.02 0.08
0.91 0.02 0.09
0.91 0.02 0.1
0.91 0.03 0.
0.91 0.03 0.01
0.91 0.03 0.02
0.91 0.03 0.03
0.91 0.03 0.04
0.91 0.03 0.05
0.91 0.03 0.06
0.91 0.03 0.07
0.91 0.03 0.08
0.91 0.03 0.09
0.91 0.03 0.1
0.91 0.04 0.
0.91 0.04 0.01
0.91 0.04 0.02
0.91 0.04 0.03
0.91 0.04 0.04
0.91 0.04 0.05
0.91 0.04 0.06
0.91 0.04 0.07
0.91 0.04 0.08
0.91 0.04 0.09
0.91 0.04 0.1
0.91 0.05 0.
0.91 0.05 0.01
0.91 0.05 0.02
0.91 0.05 0.03
0.91 0.05 0.04
0.91 0.05 0.05
0.91 0.05 0.06
0.91 0.05 0.07
0.91 0.05 0.08
0.91 0.05 0.09
0.91 0.05 0.1
0.91 0.06 0.
0.91 0.06 0.01
0.91 0.06 0.02
0.91 0.06 0.03
0.91 0.06 0.04
0.91 0.06 0.05
0.91 0.06 0.06
0.91 0.06 0.07
0.91 0.06 0.08
0.91 0.06 0.09
0.91 0.06 0.1
0.91 0.07 0.
0.91 0.07 0.01
0.91 0.07 0.02
0.91 0.07 0.03
0.91 0.07 0.04
0.91 0.07 0.05
0.91 0.07 0.06
0.91 0.07 0.07
0.91 0.07 0.08
0.91 0.07 0.09
0.91 0.07 0.1
0.91 0.08 0.
0.91 0.08 0.01
0.91 0.08 0.02
0.91 0.08 0.03
0.91 0.08 0.04
0.91 0.08 0.05
0.91 0.08 0.06
0.91 0.08 0.07
0.91 0.08 0.08
0.91 0.08 0.09
0.91 0.08 0.1
0.91 0.09 0.
0.91 0.09 0.01
0.91 0.09 0.02
0.91 0.09 0.03
0.91 0.09 0.04
0.91 0.09 0.05
0.91 0.09 0.06
0.91 0.09 0.07
0.91 0.09 0.08
0.91 0.09 0.09
0.91 0.09 0.1
0.91 0.1 0.
0.91 0.1 0.01
0.91 0.1 0.02
0.91 0.1 0.03
0.91 0.1 0.04
0.91 0.1 0.05
0.91 0.1 0.06
0.91 0.1 0.07
0.91 0.1 0.08
0.91 0.1 0.09
0.91 0.1 0.1
0.92 0. 0.
0.92 0. 0.01
0.92 0. 0.02
0.92 0. 0.03
0.92 0. 0.04
0.92 0. 0.05
0.92 0. 0.06
0.92 0. 0.07
0.92 0. 0.08
0.92 0. 0.09
0.92 0. 0.1
0.92 0.01 0.
0.92 0.01 0.01
0.92 0.01 0.02
0.92 0.01 0.03
0.92 0.01 0.04
0.92 0.01 0.05
0.92 0.01 0.06
0.92 0.01 0.07
0.92 0.01 0.08
0.92 0.01 0.09
0.92 0.01 0.1
0.92 0.02 0.
0.92 0.02 0.01
0.92 0.02 0.02
0.92 0.02 0.03
0.92 0.02 0.04
0.92 0.02 0.05
0.92 0.02 0.06
0.92 0.02 0.07
0.92 0.02 0.08
0.92 0.02 0.09
0.92 0.02 0.1
0.92 0.03 0.
0.92 0.03 0.01
0.92 0.03 0.02
0.92 0.03 0.03
0.92 0.03 0.04
0.92 0.03 0.05
0.92 0.03 0.06
0.92 0.03 0.07
0.92 0.03 0.08
0.92 0.03 0.09
0.92 0.03 0.1
0.92 0.04 0.
0.92 0.04 0.01
0.92 0.04 0.02
0.92 0.04 0.03
0.92 0.04 0.04
0.92 0.04 0.05
0.92 0.04 0.06
0.92 0.04 0.07
0.92 0.04 0.08
0.92 0.04 0.09
0.92 0.04 0.1
0.92 0.05 0.
0.92 0.05 0.01
0.92 0.05 0.02
0.92 0.05 0.03
0.92 0.05 0.04
0.92 0.05 0.05
0.92 0.05 0.06
0.92 0.05 0.07
0.92 0.05 0.08
0.92 0.05 0.09
0.92 0.05 0.1
0.92 0.06 0.
0.92 0.06 0.01
0.92 0.06 0.02
0.92 0.06 0.03
0.92 0.06 0.04
0.92 0.06 0.05
0.92 0.06 0.06
0.92 0.06 0.07
0.92 0.06 0.08
0.92 0.06 0.09
0.92 0.06 0.1
0.92 0.07 0.
0.92 0.07 0.01
0.92 0.07 0.02
0.92 0.07 0.03
0.92 0.07 0.04
0.92 0.07 0.05
0.92 0.07 0.06
0.92 0.07 0.07
0.92 0.07 0.08
0.92 0.07 0.09
0.92 0.07 0.1
0.92 0.08 0.
0.92 0.08 0.01
0.92 0.08 0.02
0.92 0.08 0.03
0.92 0.08 0.04
0.92 0.08 0.05
0.92 0.08 0.06
0.92 0.08 0.07
0.92 0.08 0.08
0.92 0.08 0.09
0.92 0.08 0.1
0.92 0.09 0.
0.92 0.09 0.01
0.92 0.09 0.02
0.92 0.09 0.03
0.92 0.09 0.04
0.92 0.09 0.05
0.92 0.09 0.06
0.92 0.09 0.07
0.92 0.09 0.08
0.92 0.09 0.09
0.92 0.09 0.1
0.92 0.1 0.
0.92 0.1 0.01
0.92 0.1 0.02
0.92 0.1 0.03
0.92 0.1 0.04
0.92 0.1 0.05
0.92 0.1 0.06
0.92 0.1 0.07
0.92 0.1 0.08
0.92 0.1 0.09
0.92 0.1 0.1
0.93 0. 0.
0.93 0. 0.01
0.93 0. 0.02
0.93 0. 0.03
0.93 0. 0.04
0.93 0. 0.05
0.93 0. 0.06
0.93 0. 0.07
0.93 0. 0.08
0.93 0. 0.09
0.93 0. 0.1
0.93 0.01 0.
0.93 0.01 0.01
0.93 0.01 0.02
0.93 0.01 0.03
0.93 0.01 0.04
0.93 0.01 0.05
0.93 0.01 0.06
0.93 0.01 0.07
0.93 0.01 0.08
0.93 0.01 0.09
0.93 0.01 0.1
0.93 0.02 0.
0.93 0.02 0.01
0.93 0.02 0.02
0.93 0.02 0.03
0.93 0.02 0.04
0.93 0.02 0.05
0.93 0.02 0.06
0.93 0.02 0.07
0.93 0.02 0.08
0.93 0.02 0.09
0.93 0.02 0.1
0.93 0.03 0.
0.93 0.03 0.01
0.93 0.03 0.02
0.93 0.03 0.03
0.93 0.03 0.04
0.93 0.03 0.05
0.93 0.03 0.06
0.93 0.03 0.07
0.93 0.03 0.08
0.93 0.03 0.09
0.93 0.03 0.1
0.93 0.04 0.
0.93 0.04 0.01
0.93 0.04 0.02
0.93 0.04 0.03
0.93 0.04 0.04
0.93 0.04 0.05
0.93 0.04 0.06
0.93 0.04 0.07
0.93 0.04 0.08
0.93 0.04 0.09
0.93 0.04 0.1
0.93 0.05 0.
0.93 0.05 0.01
0.93 0.05 0.02
0.93 0.05 0.03
0.93 0.05 0.04
0.93 0.05 0.05
0.93 0.05 0.06
0.93 0.05 0.07
0.93 0.05 0.08
0.93 0.05 0.09
0.93 0.05 0.1
0.93 0.06 0.
0.93 0.06 0.01
0.93 0.06 0.02
0.93 0.06 0.03
0.93 0.06 0.04
0.93 0.06 0.05
0.93 0.06 0.06
0.93 0.06 0.07
0.93 0.06 0.08
0.93 0.06 0.09
0.93 0.06 0.1
0.93 0.07 0.
0.93 0.07 0.01
0.93 0.07 0.02
0.93 0.07 0.03
0.93 0.07 0.04
0.93 0.07 0.05
0.93 0.07 0.06
0.93 0.07 0.07
0.93 0.07 0.08
0.93 0.07 0.09
0.93 0.07 0.1
0.93 0.08 0.
0.93 0.08 0.01
0.93 0.08 0.02
0.93 0.08 0.03
0.93 0.08 0.04
0.93 0.08 0.05
0.93 0.08 0.06
0.93 0.08 0.07
0.93 0.08 0.08
0.93 0.08 0.09
0.93 0.08 0.1
0.93 0.09 0.
0.93 0.09 0.01
0.93 0.09 0.02
0.93 0.09 0.03
0.93 0.09 0.04
0.93 0.09 0.05
0.93 0.09 0.06
0.93 0.09 0.07
0.93 0.09 0.08
0.93 0.09 0.09
0.93 0.09 0.1
0.93 0.1 0.
0.93 0.1 0.01
0.93 0.1 0.02
0.93 0.1 0.03
0.93 0.1 0.04
0.93 0.1 0.05
0.93 0.1 0.06
0.93 0.1 0.07
0.93 0.1 0.08
0.93 0.1 0.09
0.93 0.1 0.1
0.94 0. 0.
0.94 0. 0.01
0.94 0. 0.02
0.94 0. 0.03
0.94 0. 0.04
0.94 0. 0.05
0.94 0. 0.06
0.94 0. 0.07
0.94 0. 0.08
0.94 0. 0.09
0.94 0. 0.1
0.94 0.01 0.
0.94 0.01 0.01
0.94 0.01 0.02
0.94 0.01 0.03
0.94 0.01 0.04
0.94 0.01 0.05
0.94 0.01 0.06
0.94 0.01 0.07
0.94 0.01 0.08
0.94 0.01 0.09
0.94 0.01 0.1
0.94 0.02 0.
0.94 0.02 0.01
0.94 0.02 0.02
0.94 0.02 0.03
0.94 0.02 0.04
0.94 0.02 0.05
0.94 0.02 0.06
0.94 0.02 0.07
0.94 0.02 0.08
0.94 0.02 0.09
0.94 0.02 0.1
0.94 0.03 0.
0.94 0.03 0.01
0.94 0.03 0.02
0.94 0.03 0.03
0.94 0.03 0.04
0.94 0.03 0.05
0.94 0.03 0.06
0.94 0.03 0.07
0.94 0.03 0.08
0.94 0.03 0.09
0.94 0.03 0.1
0.94 0.04 0.
0.94 0.04 0.01
0.94 0.04 0.02
0.94 0.04 0.03
0.94 0.04 0.04
0.94 0.04 0.05
0.94 0.04 0.06
0.94 0.04 0.07
0.94 0.04 0.08
0.94 0.04 0.09
0.94 0.04 0.1
0.94 0.05 0.
0.94 0.05 0.01
0.94 0.05 0.02
0.94 0.05 0.03
0.94 0.05 0.04
0.94 0.05 0.05
0.94 0.05 0.06
0.94 0.05 0.07
0.94 0.05 0.08
0.94 0.05 0.09
0.94 0.05 0.1
0.94 0.06 0.
0.94 0.06 0.01
0.94 0.06 0.02
0.94 0.06 0.03
0.94 0.06 0.04
0.94 0.06 0.05
0.94 0.06 0.06
0.94 0.06 0.07
0.94 0.06 0.08
0.94 0.06 0.09
0.94 0.06 0.1
0.94 0.07 0.
0.94 0.07 0.01
0.94 0.07 0.02
0.94 0.07 0.03
0.94 0.07 0.04
0.94 0.07 0.05
0.94 0.07 0.06
0.94 0.07 0.07
0.94 0.07 0.08
0.94 0.07 0.09
0.94 0.07 0.1
0.94 0.08 0.
0.94 0.08 0.01
0.94 0.08 0.02
0.94 0.08 0.03
0.94 0.08 0.04
0.94 0.08 0.05
0.94 0.08 0.06
0.94 0.08 0.07
0.94 0.08 0.08
0.94 0.08 0.09
0.94 0.08 0.1
0.94 0.09 0.
0.94 0.09 0.01
0.94 0.09 0.02
0.94 0.09 0.03
0.94 0.09 0.04
0.94 0.09 0.05
0.94 0.09 0.06
0.94 0.09 0.07
0.94 0.09 0.08
0.94 0.09 0.09
0.94 0.09 0.1
0.94 0.1 0.
0.94 0.1 0.01
0.94 0.1 0.02
0.94 0.1 0.03
0.94 0.1 0.04
0.94 0.1 0.05
0.94 0.1 0.06
0.94 0.1 0.07
0.94 0.1 0.08
0.94 0.1 0.09
0.94 0.1 0.1
0.95 0. 0.
0.95 0. 0.01
0.95 0. 0.02
0.95 0. 0.03
0.95 0. 0.04
0.95 0. 0.05
0.95 0. 0.06
0.95 0. 0.07
0.95 0. 0.08
0.95 0. 0.09
0.95 0. 0.1
0.95 0.01 0.
0.95 0.01 0.01
0.95 0.01 0.02
0.95 0.01 0.03
0.95 0.01 0.04
0.95 0.01 0.05
0.95 0.01 0.06
0.95 0.01 0.07
0.95 0.01 0.08
0.95 0.01 0.09
0.95 0.01 0.1
0.95 0.02 0.
0.95 0.02 0.01
0.95 0.02 0.02
0.95 0.02 0.03
0.95 0.02 0.04
0.95 0.02 0.05
0.95 0.02 0.06
0.95 0.02 0.07
0.95 0.02 0.08
0.95 0.02 0.09
0.95 0.02 0.1
0.95 0.03 0.
0.95 0.03 0.01
0.95 0.03 0.02
0.95 0.03 0.03
0.95 0.03 0.04
0.95 0.03 0.05
0.95 0.03 0.06
0.95 0.03 0.07
0.95 0.03 0.08
0.95 0.03 0.09
0.95 0.03 0.1
0.95 0.04 0.
0.95 0.04 0.01
0.95 0.04 0.02
0.95 0.04 0.03
0.95 0.04 0.04
0.95 0.04 0.05
0.95 0.04 0.06
0.95 0.04 0.07
0.95 0.04 0.08
0.95 0.04 0.09
0.95 0.04 0.1
0.95 0.05 0.
0.95 0.05 0.01
0.95 0.05 0.02
0.95 0.05 0.03
0.95 0.05 0.04
0.95 0.05 0.05
0.95 0.05 0.06
0.95 0.05 0.07
0.95 0.05 0.08
0.95 0.05 0.09
0.95 0.05 0.1
0.95 0.06 0.
0.95 0.06 0.01
0.95 0.06 0.02
0.95 0.06 0.03
0.95 0.06 0.04
0.95 0.06 0.05
0.95 0.06 0.06
0.95 0.06 0.07
0.95 0.06 0.08
0.95 0.06 0.09
0.95 0.06 0.1
0.95 0.07 0.
0.95 0.07 0.01
0.95 0.07 0.02
0.95 0.07 0.03
0.95 0.07 0.04
0.95 0.07 0.05
0.95 0.07 0.06
0.95 0.07 0.07
0.95 0.07 0.08
0.95 0.07 0.09
0.95 0.07 0.1
0.95 0.08 0.
0.95 0.08 0.01
0.95 0.08 0.02
0.95 0.08 0.03
0.95 0.08 0.04
0.95 0.08 0.05
0.95 0.08 0.06
0.95 0.08 0.07
0.95 0.08 0.08
0.95 0.08 0.09
0.95 0.08 0.1
0.95 0.09 0.
0.95 0.09 0.01
0.95 0.09 0.02
0.95 0.09 0.03
0.95 0.09 0.04
0.95 0.09 0.05
0.95 0.09 0.06
0.95 0.09 0.07
0.95 0.09 0.08
0.95 0.09 0.09
0.95 0.09 0.1
0.95 0.1 0.
0.95 0.1 0.01
0.95 0.1 0.02
0.95 0.1 0.03
0.95 0.1 0.04
0.95 0.1 0.05
0.95 0.1 0.06
0.95 0.1 0.07
0.95 0.1 0.08
0.95 0.1 0.09
0.95 0.1 0.1
0.96 0. 0.
0.96 0. 0.01
0.96 0. 0.02
0.96 0. 0.03
0.96 0. 0.04
0.96 0. 0.05
0.96 0. 0.06
0.96 0. 0.07
0.96 0. 0.08
0.96 0. 0.09
0.96 0. 0.1
0.96 0.01 0.
0.96 0.01 0.01
0.96 0.01 0.02
0.96 0.01 0.03
0.96 0.01 0.04
0.96 0.01 0.05
0.96 0.01 0.06
0.96 0.01 0.07
0.96 0.01 0.08
0.96 0.01 0.09
0.96 0.01 0.1
0.96 0.02 0.
0.96 0.02 0.01
0.96 0.02 0.02
0.96 0.02 0.03
0.96 0.02 0.04
0.96 0.02 0.05
0.96 0.02 0.06
0.96 0.02 0.07
0.96 0.02 0.08
0.96 0.02 0.09
0.96 0.02 0.1
0.96 0.03 0.
0.96 0.03 0.01
0.96 0.03 0.02
0.96 0.03 0.03
0.96 0.03 0.04
0.96 0.03 0.05
0.96 0.03 0.06
0.96 0.03 0.07
0.96 0.03 0.08
0.96 0.03 0.09
0.96 0.03 0.1
0.96 0.04 0.
0.96 0.04 0.01
0.96 0.04 0.02
0.96 0.04 0.03
0.96 0.04 0.04
0.96 0.04 0.05
0.96 0.04 0.06
0.96 0.04 0.07
0.96 0.04 0.08
0.96 0.04 0.09
0.96 0.04 0.1
0.96 0.05 0.
0.96 0.05 0.01
0.96 0.05 0.02
0.96 0.05 0.03
0.96 0.05 0.04
0.96 0.05 0.05
0.96 0.05 0.06
0.96 0.05 0.07
0.96 0.05 0.08
0.96 0.05 0.09
0.96 0.05 0.1
0.96 0.06 0.
0.96 0.06 0.01
0.96 0.06 0.02
0.96 0.06 0.03
0.96 0.06 0.04
0.96 0.06 0.05
0.96 0.06 0.06
0.96 0.06 0.07
0.96 0.06 0.08
0.96 0.06 0.09
0.96 0.06 0.1
0.96 0.07 0.
0.96 0.07 0.01
0.96 0.07 0.02
0.96 0.07 0.03
0.96 0.07 0.04
0.96 0.07 0.05
0.96 0.07 0.06
0.96 0.07 0.07
0.96 0.07 0.08
0.96 0.07 0.09
0.96 0.07 0.1
0.96 0.08 0.
0.96 0.08 0.01
0.96 0.08 0.02
0.96 0.08 0.03
0.96 0.08 0.04
0.96 0.08 0.05
0.96 0.08 0.06
0.96 0.08 0.07
0.96 0.08 0.08
0.96 0.08 0.09
0.96 0.08 0.1
0.96 0.09 0.
0.96 0.09 0.01
0.96 0.09 0.02
0.96 0.09 0.03
0.96 0.09 0.04
0.96 0.09 0.05
0.96 0.09 0.06
0.96 0.09 0.07
0.96 0.09 0.08
0.96 0.09 0.09
0.96 0.09 0.1
0.96 0.1 0.
0.96 0.1 0.01
0.96 0.1 0.02
0.96 0.1 0.03
0.96 0.1 0.04
0.96 0.1 0.05
0.96 0.1 0.06
0.96 0.1 0.07
0.96 0.1 0.08
0.96 0.1 0.09
0.96 0.1 0.1
0.97 0. 0.
0.97 0. 0.01
0.97 0. 0.02
0.97 0. 0.03
0.97 0. 0.04
0.97 0. 0.05
0.97 0. 0.06
0.97 0. 0.07
0.97 0. 0.08
0.97 0. 0.09
0.97 0. 0.1
0.97 0.01 0.
0.97 0.01 0.01
0.97 0.01 0.02
0.97 0.01 0.03
0.97 0.01 0.04
0.97 0.01 0.05
0.97 0.01 0.06
0.97 0.01 0.07
0.97 0.01 0.08
0.97 0.01 0.09
0.97 0.01 0.1
0.97 0.02 0.
0.97 0.02 0.01
0.97 0.02 0.02
0.97 0.02 0.03
0.97 0.02 0.04
0.97 0.02 0.05
0.97 0.02 0.06
0.97 0.02 0.07
0.97 0.02 0.08
0.97 0.02 0.09
0.97 0.02 0.1
0.97 0.03 0.
0.97 0.03 0.01
0.97 0.03 0.02
0.97 0.03 0.03
0.97 0.03 0.04
0.97 0.03 0.05
0.97 0.03 0.06
0.97 0.03 0.07
0.97 0.03 0.08
0.97 0.03 0.09
0.97 0.03 0.1
0.97 0.04 0.
0.97 0.04 0.01
0.97 0.04 0.02
0.97 0.04 0.03
0.97 0.04 0.04
0.97 0.04 0.05
0.97 0.04 0.06
0.97 0.04 0.07
0.97 0.04 0.08
0.97 0.04 0.09
0.97 0.04 0.1
0.97 0.05 0.
0.97 0.05 0.01
0.97 0.05 0.02
0.97 0.05 0.03
0.97 0.05 0.04
0.97 0.05 0.05
0.97 0.05 0.06
0.97 0.05 0.07
0.97 0.05 0.08
0.97 0.05 0.09
0.97 0.05 0.1
0.97 0.06 0.
0.97 0.06 0.01
0.97 0.06 0.02
0.97 0.06 0.03
0.97 0.06 0.04
0.97 0.06 0.05
0.97 0.06 0.06
0.97 0.06 0.07
0.97 0.06 0.08
0.97 0.06 0.09
0.97 0.06 0.1
0.97 0.07 0.
0.97 0.07 0.01
0.97 0.07 0.02
0.97 0.07 0.03
0.97 0.07 0.04
0.97 0.07 0.05
0.97 0.07 0.06
0.97 0.07 0.07
0.97 0.07 0.08
0.97 0.07 0.09
0.97 0.07 0.1
0.97 0.08 0.
0.97 0.08 0.01
0.97 0.08 0.02
0.97 0.08 0.03
0.97 0.08 0.04
0.97 0.08 0.05
0.97 0.08 0.06
0.97 0.08 0.07
0.97 0.08 0.08
0.97 0.08 0.09
0.97 0.08 0.1
0.97 0.09 0.
0.97 0.09 0.01
0.97 0.09 0.02
0.97 0.09 0.03
0.97 0.09 0.04
0.97 0.09 0.05
0.97 0.09 0.06
0.97 0.09 0.07
0.97 0.09 0.08
0.97 0.09 0.09
0.97 0.09 0.1
0.97 0.1 0.
0.97 0.1 0.01
0.97 0.1 0.02
0.97 0.1 0.03
0.97 0.1 0.04
0.97 0.1 0.05
0.97 0.1 0.06
0.97 0.1 0.07
0.97 0.1 0.08
0.97 0.1 0.09
0.97 0.1 0.1
0.98 0. 0.
0.98 0. 0.01
0.98 0. 0.02
0.98 0. 0.03
0.98 0. 0.04
0.98 0. 0.05
0.98 0. 0.06
0.98 0. 0.07
0.98 0. 0.08
0.98 0. 0.09
0.98 0. 0.1
0.98 0.01 0.
0.98 0.01 0.01
0.98 0.01 0.02
0.98 0.01 0.03
0.98 0.01 0.04
0.98 0.01 0.05
0.98 0.01 0.06
0.98 0.01 0.07
0.98 0.01 0.08
0.98 0.01 0.09
0.98 0.01 0.1
0.98 0.02 0.
0.98 0.02 0.01
0.98 0.02 0.02
0.98 0.02 0.03
0.98 0.02 0.04
0.98 0.02 0.05
0.98 0.02 0.06
0.98 0.02 0.07
0.98 0.02 0.08
0.98 0.02 0.09
0.98 0.02 0.1
0.98 0.03 0.
0.98 0.03 0.01
0.98 0.03 0.02
0.98 0.03 0.03
0.98 0.03 0.04
0.98 0.03 0.05
0.98 0.03 0.06
0.98 0.03 0.07
0.98 0.03 0.08
0.98 0.03 0.09
0.98 0.03 0.1
0.98 0.04 0.
0.98 0.04 0.01
0.98 0.04 0.02
0.98 0.04 0.03
0.98 0.04 0.04
0.98 0.04 0.05
0.98 0.04 0.06
0.98 0.04 0.07
0.98 0.04 0.08
0.98 0.04 0.09
0.98 0.04 0.1
0.98 0.05 0.
0.98 0.05 0.01
0.98 0.05 0.02
0.98 0.05 0.03
0.98 0.05 0.04
0.98 0.05 0.05
0.98 0.05 0.06
0.98 0.05 0.07
0.98 0.05 0.08
0.98 0.05 0.09
0.98 0.05 0.1
0.98 0.06 0.
0.98 0.06 0.01
0.98 0.06 0.02
0.98 0.06 0.03
0.98 0.06 0.04
0.98 0.06 0.05
0.98 0.06 0.06
0.98 0.06 0.07
0.98 0.06 0.08
0.98 0.06 0.09
0.98 0.06 0.1
0.98 0.07 0.
0.98 0.07 0.01
0.98 0.07 0.02
0.98 0.07 0.03
0.98 0.07 0.04
0.98 0.07 0.05
0.98 0.07 0.06
0.98 0.07 0.07
0.98 0.07 0.08
0.98 0.07 0.09
0.98 0.07 0.1
0.98 0.08 0.
0.98 0.08 0.01
0.98 0.08 0.02
0.98 0.08 0.03
0.98 0.08 0.04
0.98 0.08 0.05
0.98 0.08 0.06
0.98 0.08 0.07
0.98 0.08 0.08
0.98 0.08 0.09
0.98 0.08 0.1
0.98 0.09 0.
0.98 0.09 0.01
0.98 0.09 0.02
0.98 0.09 0.03
0.98 0.09 0.04
0.98 0.09 0.05
0.98 0.09 0.06
0.98 0.09 0.07
0.98 0.09 0.08
0.98 0.09 0.09
0.98 0.09 0.1
0.98 0.1 0.
0.98 0.1 0.01
0.98 0.1 0.02
0.98 0.1 0.03
0.98 0.1 0.04
0.98 0.1 0.05
0.98 0.1 0.06
0.98 0.1 0.07
0.98 0.1 0.08
0.98 0.1 0.09
0.98 0.1 0.1
0.99 0. 0.
0.99 0. 0.01
0.99 0. 0.02
0.99 0. 0.03
0.99 0. 0.04
0.99 0. 0.05
0.99 0. 0.06
0.99 0. 0.07
0.99 0. 0.08
0.99 0. 0.09
0.99 0. 0.1
0.99 0.01 0.
0.99 0.01 0.01
0.99 0.01 0.02
0.99 0.01 0.03
0.99 0.01 0.04
0.99 0.01 0.05
0.99 0.01 0.06
0.99 0.01 0.07
0.99 0.01 0.08
0.99 0.01 0.09
0.99 0.01 0.1
0.99 0.02 0.
0.99 0.02 0.01
0.99 0.02 0.02
0.99 0.02 0.03
0.99 0.02 0.04
0.99 0.02 0.05
0.99 0.02 0.06
0.99 0.02 0.07
0.99 0.02 0.08
0.99 0.02 0.09
0.99 0.02 0.1
0.99 0.03 0.
0.99 0.03 0.01
0.99 0.03 0.02
0.99 0.03 0.03
0.99 0.03 0.04
0.99 0.03 0.05
0.99 0.03 0.06
0.99 0.03 0.07
0.99 0.03 0.08
0.99 0.03 0.09
0.99 0.03 0.1
0.99 0.04 0.
0.99 0.04 0.01
0.99 0.04 0.02
0.99 0.04 0.03
0.99 0.04 0.04
0.99 0.04 0.05
0.99 0.04 0.06
0.99 0.04 0.07
0.99 0.04 0.08
0.99 0.04 0.09
0.99 0.04 0.1
0.99 0.05 0.
0.99 0.05 0.01
0.99 0.05 0.02
0.99 0.05 0.03
0.99 0.05 0.04
0.99 0.05 0.05
0.99 0.05 0.06
0.99 0.05 0.07
0.99 0.05 0.08
0.99 0.05 0.09
0.99 0.05 0.1
0.99 0.06 0.
0.99 0.06 0.01
0.99 0.06 0.02
0.99 0.06 0.03
0.99 0.06 0.04
0.99 0.06 0.05
0.99 0.06 0.06
0.99 0.06 0.07
0.99 0.06 0.08
0.99 0.06 0.09
0.99 0.06 0.1
0.99 0.07 0.
0.99 0.07 0.01
0.99 0.07 0.02
0.99 0.07 0.03
0.99 0.07 0.04
0.99 0.07 0.05
0.99 0.07 0.06
0.99 0.07 0.07
0.99 0.07 0.08
0.99 0.07 0.09
0.99 0.07 0.1
0.99 0.08 0.
0.99 0.08 0.01
0.99 0.08 0.02
0.99 0.08 0.03
0.99 0.08 0.04
0.99 0.08 0.05
0.99 0.08 0.06
0.99 0.08 0.07
0.99 0.08 0.08
0.99 0.08 0.09
0.99 0.08 0.1
0.99 0.09 0.
0.99 0.09 0.01
0.99 0.09 0.02
0.99 0.09 0.03
0.99 0.09 0.04
0.99 0.09 0.05
0.99 0.09 0.06
0.99 0.09 0.07
0.99 0.09 0.08
0.99 0.09 0.09
0.99 0.09 0.1
0.99 0.1 0.
0.99 0.1 0.01
0.99 0.1 0.02
0.99 0.1 0.03
0.99 0.1 0.04
0.99 0.1 0.05
0.99 0.1 0.06
0.99 0.1 0.07
0.99 0.1 0.08
0.99 0.1 0.09
0.99 0.1 0.1
1. 0. 0.
1. 0. 0.01
1. 0. 0.02
1. 0. 0.03
1. 0. 0.04
1. 0. 0.05
1. 0. 0.06
1. 0. 0.07
1. 0. 0.08
1. 0. 0.09
1. 0. 0.1
1. 0.01 0.
1. 0.01 0.01
1. 0.01 0.02
1. 0.01 0.03
1. 0.01 0.04
1. 0.01 0.05
1. 0.01 0.06
1. 0.01 0.07
1. 0.01 0.08
1. 0.01 0.09
1. 0.01 0.1
1. 0.02 0.
1. 0.02 0.01
1. 0.02 0.02
1. 0.02 0.03
1. 0.02 0.04
1. 0.02 0.05
1. 0.02 0.06
1. 0.02 0.07
1. 0.02 0.08
1. 0.02 0.09
1. 0.02 0.1
1. 0.03 0.
1. 0.03 0.01
1. 0.03 0.02
1. 0.03 0.03
1. 0.03 0.04
1. 0.03 0.05
1. 0.03 0.06
1. 0.03 0.07
1. 0.03 0.08
1. 0.03 0.09
1. 0.03 0.1
1. 0.04 0.
1. 0.04 0.01
1. 0.04 0.02
1. 0.04 0.03
1. 0.04 0.04
1. 0.04 0.05
1. 0.04 0.06
1. 0.04 0.07
1. 0.04 0.08
1. 0.04 0.09
1. 0.04 0.1
1. 0.05 0.
1. 0.05 0.01
1. 0.05 0.02
1. 0.05 0.03
1. 0.05 0.04
1. 0.05 0.05
1. 0.05 0.06
1. 0.05 0.07
1. 0.05 0.08
1. 0.05 0.09
1. 0.05 0.1
1. 0.06 0.
1. 0.06 0.01
1. 0.06 0.02
1. 0.06 0.03
1. 0.06 0.04
1. 0.06 0.05
1. 0.06 0.06
1. 0.06 0.07
1. 0.06 0.08
1. 0.06 0.09
1. 0.06 0.1
1. 0.07 0.
1. 0.07 0.01
1. 0.07 0.02
1. 0.07 0.03
1. 0.07 0.04
1. 0.07 0.05
1. 0.07 0.06
1. 0.07 0.07
1. 0.07 0.08
1. 0.07 0.09
1. 0.07 0.1
1. 0.08 0.
1. 0.08 0.01
1. 0.08 0.02
1. 0.08 0.03
1. 0.08 0.04
1. 0.08 0.05
1. 0.08 0.06
1. 0.08 0.07
1. 0.08 0.08
1. 0.08 0.09
1. 0.08 0.1
1. 0.09 0.
1. 0.09 0.01
1. 0.09 0.02
1. 0.09 0.03
1. 0.09 0.04
1. 0.09 0.05
1. 0.09 0.06
1. 0.09 0.07
1. 0.09 0.08
1. 0.09 0.09
1. 0.09 0.1
1. 0.1 0.
1. 0.1 0.01
1. 0.1 0.02
1. 0.1 0.03
1. 0.1 0.04
1. 0.1 0.05
1. 0.1 0.06
1. 0.1 0.07
1. 0.1 0.08
1. 0.1 0.09
1. 0.1 0.1
